1 4 1426896000
1 2 1462924800
1 1 1517184000
1 3 1521849600
1 5 1533081600
2 11 1459036800
2 12 1459036800
2 1 1471132800
2 6 1471132800
2 7 1471132800
2 10 1471132800
2 9 1478390400
2 8 1490832000
2 1 1515110400
2 3 1515110400
3 1 1496534400
3 10 1496534400
3 13 1497225600
3 15 1500940800
3 14 1502928000
4 1 1493164800
4 1 1493164800
4 3 1493164800
4 10 1493164800
4 16 1493164800
5 17 1360713600
5 14 1490400000
5 18 1490400000
5 1 1491350400
5 10 1491350400
5 19 1491350400
6 1 1476230400
6 10 1476230400
6 1 1488240000
6 3 1488240000
6 1 1490572800
7 1 1489968000
7 10 1489968000
7 20 1495670400
7 21 1525219200
7 22 1525478400
8 24 1429315200
8 24 1429315200
8 1 1485734400
8 23 1485734400
8 1 1487980800
8 1 1487980800
9 25 1424390400
9 25 1424390400
9 31 1441065600
9 33 1468281600
9 1 1485216000
9 27 1485216000
9 28 1485216000
9 29 1485216000
9 10 1485216000
9 32 1485216000
9 34 1486944000
9 26 1489017600
9 30 1489017600
10 1 1480550400
10 1 1480550400
10 1 1480550400
10 3 1480550400
10 10 1480550400
11 36 1473379200
11 37 1473379200
11 37 1473379200
11 1 1473552000
11 35 1473552000
11 10 1473552000
12 41 1439596800
12 1 1464220800
12 38 1464220800
12 10 1464220800
12 39 1464220800
12 40 1464220800
13 46 1436054400
13 42 1450483200
13 42 1450483200
13 43 1450483200
13 49 1456617600
13 1 1458432000
13 3 1458432000
13 48 1460851200
13 44 1474675200
13 47 1477008000
13 45 1480118400
14 1 1404604800
14 1 1455321600
14 1 1455321600
14 3 1455321600
14 10 1455321600
15 50 1380067200
15 51 1380067200
15 1 1399248000
15 52 1406678400
15 1 1453161600
15 10 1453161600
15 53 1481068800
16 54 1414713600
16 54 1414713600
16 1 1448236800
16 10 1448236800
16 1 1452470400
16 3 1452470400
17 55 1315353600
17 1 1446595200
17 56 1446595200
17 3 1446595200
17 57 1446595200
18 59 1384041600
18 1 1446249600
18 10 1446249600
18 60 1446249600
18 58 1450656000
18 62 1450656000
18 61 1464134400
19 64 1372982400
19 63 1399420800
19 1 1402617600
19 66 1415664000
19 65 1417996800
19 68 1434931200
19 69 1445040000
19 67 1445817600
20 1 1356912000
20 70 1403481600
20 74 1407542400
20 75 1408233600
20 76 1416355200
20 79 1441843200
20 77 1443830400
20 73 1446076800
20 85 1450224000
20 72 1454371200
20 81 1461024000
20 78 1477699200
20 82 1489104000
20 71 1489536000
20 80 1490486400
20 86 1491091200
20 83 1504310400
20 84 1526774400
20 33 1528156800
21 87 1377993600
21 90 1403481600
21 91 1403481600
21 89 1406678400
21 88 1417737600
22 92 1393891200
22 94 1415404800
22 87 1457049600
22 95 1497657600
22 93 1499731200
22 96 1501459200
23 87 1431475200
23 99 1453766400
23 98 1471651200
23 97 1472774400
23 101 1472774400
23 101 1472774400
23 100 1496620800
24 102 1291420800
24 103 1291420800
24 104 1291420800
24 105 1306281600
24 106 1327795200
25 102 1413676800
25 109 1413676800
25 108 1414800000
25 104 1414800000
25 107 1417392000
25 107 1417392000
25 110 1417392000
26 107 1189468800
26 111 1387756800
26 112 1417564800
26 114 1417564800
26 113 1441497600
27 115 1499731200
27 107 1508457600
27 103 1513036800
27 116 1513036800
27 117 1513036800
28 118 1430352000
28 119 1474761600
28 120 1474761600
28 107 1497484800
28 121 1521590400
29 131 1399939200
29 133 1411603200
29 130 1414627200
29 128 1444089600
29 127 1457395200
29 92 1464393600
29 129 1470614400
29 125 1476057600
29 125 1476057600
29 132 1476662400
29 124 1479081600
29 124 1479081600
29 135 1482537600
29 107 1485216000
29 126 1486598400
29 123 1488758400
29 134 1489622400
29 122 1500768000
29 136 1527465600
30 137 1455926400
30 107 1478390400
30 138 1478390400
30 139 1478390400
30 140 1478390400
31 142 1370649600
31 107 1456099200
31 143 1456099200
31 145 1456099200
31 144 1466985600
31 141 1468540800
31 108 1509408000
32 107 1449446400
32 147 1470182400
32 152 1472515200
32 148 1476576000
32 146 1482019200
32 149 1497830400
32 150 1498262400
32 151 1508803200
33 153 1397520000
33 154 1413849600
33 155 1434585600
33 107 1439856000
33 104 1440633600
34 157 1394064000
34 158 1426896000
34 159 1426896000
34 156 1435708800
34 109 1435708800
34 107 1438387200
34 107 1439769600
35 161 1382313600
35 162 1382313600
35 107 1415232000
35 162 1447718400
35 114 1468972800
35 160 1488844800
36 107 1398556800
36 104 1398556800
36 153 1425686400
36 103 1425945600
36 163 1425945600
37 107 1398038400
37 164 1398038400
37 97 1398038400
37 101 1398038400
37 101 1398038400
37 165 1398038400
37 97 1407196800
37 101 1407196800
37 101 1407196800
38 138 1391126400
38 166 1391126400
38 107 1391990400
38 154 1392076800
38 167 1483315200
39 168 1237766400
39 107 1391212800
39 173 1413417600
39 170 1457568000
39 177 1457740800
39 169 1482278400
39 171 1486339200
39 172 1488240000
39 176 1513123200
39 174 1523404800
39 175 1523923200
40 107 1378944000
40 179 1378944000
40 181 1386633600
40 184 1386633600
40 153 1386633600
40 186 1386633600
40 178 1412121600
40 182 1412121600
40 182 1412121600
40 182 1412121600
40 185 1415318400
40 183 1436659200
40 180 1475193600
40 180 1475193600
41 107 1360713600
41 153 1360713600
41 109 1362441600
41 191 1405814400
41 103 1409270400
41 187 1417478400
41 189 1417478400
41 190 1420243200
41 188 1428969600
41 192 1438560000
41 58 1441584000
42 107 1326067200
42 194 1377475200
42 196 1404259200
42 199 1414972800
42 203 1416009600
42 197 1421107200
42 198 1421107200
42 193 1423094400
42 200 1423440000
42 195 1430179200
42 195 1430179200
42 201 1434758400
42 202 1435363200
43 207 1374624000
43 208 1395187200
43 205 1401235200
43 204 1401926400
43 206 1407196800
44 210 1395446400
44 204 1399766400
44 209 1469404800
44 209 1469404800
44 211 1490832000
45 212 1518480000
45 213 1518480000
45 213 1518480000
45 213 1518480000
45 213 1518480000
45 213 1518480000
45 213 1518480000
45 213 1518480000
45 213 1518480000
45 213 1518480000
45 213 1518480000
45 213 1518480000
45 213 1518480000
45 213 1518480000
45 213 1518480000
45 213 1518480000
45 213 1518480000
45 214 1518480000
45 213 1518480000
46 212 1515456000
46 213 1515456000
46 213 1515456000
46 213 1515456000
46 213 1515456000
46 213 1515456000
46 213 1515456000
46 213 1515456000
46 213 1515456000
46 213 1515456000
46 213 1515456000
46 213 1515456000
46 213 1515456000
46 213 1515456000
46 213 1515456000
46 213 1515456000
46 213 1515456000
46 214 1515456000
46 213 1515456000
47 212 1514592000
47 213 1514592000
47 213 1514592000
47 213 1514592000
47 213 1514592000
47 213 1514592000
47 213 1514592000
47 213 1514592000
47 213 1514592000
47 213 1514592000
47 213 1514592000
47 213 1514592000
47 213 1514592000
47 213 1514592000
47 213 1514592000
47 213 1514592000
47 213 1514592000
47 214 1514592000
47 213 1514592000
48 212 1511654400
48 213 1511654400
48 213 1511654400
48 213 1511654400
48 213 1511654400
48 213 1511654400
48 213 1511654400
48 213 1511654400
48 213 1511654400
48 213 1511654400
48 213 1511654400
48 213 1511654400
48 213 1511654400
48 213 1511654400
48 213 1511654400
48 213 1511654400
48 213 1511654400
48 214 1511654400
48 213 1511654400
49 212 1499990400
49 214 1499990400
49 213 1499990400
49 213 1499990400
49 213 1499990400
49 213 1499990400
49 213 1499990400
49 213 1499990400
49 213 1499990400
49 213 1499990400
49 213 1499990400
49 213 1499990400
49 213 1499990400
49 213 1499990400
49 213 1499990400
49 213 1499990400
49 213 1499990400
49 213 1499990400
49 213 1499990400
50 212 1499472000
50 214 1499472000
50 213 1499472000
50 213 1499472000
50 213 1499472000
50 213 1499472000
50 213 1499472000
50 213 1499472000
50 213 1499472000
50 213 1499472000
50 213 1499472000
50 213 1499472000
50 213 1499472000
50 213 1499472000
50 213 1499472000
50 213 1499472000
50 213 1499472000
50 213 1499472000
50 215 1499472000
50 216 1499472000
50 213 1499472000
51 217 1421798400
51 218 1421798400
51 219 1446854400
51 220 1446854400
51 212 1482969600
51 214 1482969600
52 125 1465862400
52 125 1465862400
52 222 1468886400
52 212 1469145600
52 221 1469145600
52 221 1469145600
53 212 1464134400
53 212 1464134400
53 221 1464134400
53 221 1464134400
53 224 1465430400
53 223 1473379200
54 212 1463184000
54 221 1463184000
54 221 1463184000
54 226 1463184000
54 225 1469577600
54 227 1490486400
55 212 1445385600
55 221 1445385600
55 221 1445385600
55 228 1445385600
55 229 1492992000
56 233 1404432000
56 212 1440892800
56 230 1440892800
56 231 1440892800
56 214 1440892800
56 232 1440892800
56 234 1440892800
57 236 1391212800
57 244 1428192000
57 247 1429920000
57 212 1431561600
57 237 1431993600
57 238 1431993600
57 250 1438560000
57 241 1455321600
57 245 1464998400
57 240 1465084800
57 243 1488585600
57 248 1498176000
57 251 1503014400
57 239 1524268800
57 242 1524268800
57 235 1525392000
57 246 1525478400
57 249 1525478400
58 253 1376179200
58 258 1392249600
58 256 1393372800
58 63 1399334400
58 263 1409097600
58 254 1416009600
58 212 1430524800
58 261 1445299200
58 260 1446076800
58 273 1448928000
58 266 1457827200
58 265 1459987200
58 257 1467158400
58 259 1467936000
58 268 1467936000
58 270 1468368000
58 255 1468886400
58 271 1469232000
58 267 1475452800
58 252 1478131200
58 269 1478995200
58 262 1490400000
58 264 1498694400
58 272 1523836800
59 275 1398816000
59 274 1420675200
59 212 1430438400
59 277 1459641600
59 276 1473897600
60 278 1373068800
60 212 1384646400
60 214 1384646400
60 284 1424649600
60 212 1430265600
60 283 1430265600
60 281 1430438400
60 285 1448841600
60 280 1457654400
60 282 1494115200
60 279 1511481600
61 287 1233878400
61 286 1285891200
61 137 1379116800
61 292 1428537600
61 212 1430179200
61 288 1430179200
61 289 1431648000
61 290 1431648000
61 291 1431648000
62 296 1416009600
62 212 1430179200
62 291 1431043200
62 293 1434412800
62 295 1444953600
62 294 1445904000
62 297 1470873600
63 310 1422835200
63 212 1430179200
63 314 1443052800
63 315 1443571200
63 319 1443744000
63 318 1443830400
63 304 1444003200
63 308 1445558400
63 305 1446681600
63 306 1446681600
63 312 1447027200
63 298 1447113600
63 317 1448928000
63 299 1449100800
63 321 1451433600
63 300 1458777600
63 307 1469318400
63 309 1469750400
63 325 1478044800
63 324 1483747200
63 137 1484092800
63 322 1485043200
63 320 1489708800
63 313 1490572800
63 80 1490832000
63 302 1492560000
63 303 1492905600
63 226 1497571200
63 311 1498003200
63 326 1501632000
63 316 1502841600
63 301 1504656000
63 323 1523750400
64 327 1327881600
64 328 1327881600
64 329 1391385600
64 333 1393459200
64 339 1395100800
64 331 1396915200
64 332 1398902400
64 196 1403654400
64 173 1414540800
64 336 1416355200
64 212 1430092800
64 67 1444953600
64 334 1447113600
64 330 1453852800
64 337 1475280000
64 338 1479686400
64 341 1489795200
64 39 1497916800
64 335 1504396800
64 342 1529625600
64 340 1533340800
65 372 1402790400
65 352 1403136000
65 349 1404604800
65 350 1404604800
65 353 1404604800
65 346 1407024000
65 355 1414972800
65 345 1418515200
65 359 1423699200
65 212 1429920000
65 354 1430265600
65 356 1430352000
65 68 1435363200
65 347 1438732800
65 79 1439337600
65 343 1440806400
65 361 1440979200
65 357 1442620800
65 360 1442620800
65 315 1444867200
65 362 1445212800
65 304 1445558400
65 260 1445644800
65 358 1445731200
65 364 1447718400
65 348 1448841600
65 366 1457568000
65 367 1457913600
65 365 1458864000
65 265 1460937600
65 374 1462665600
65 373 1467244800
65 369 1468368000
65 351 1468540800
65 368 1468972800
65 375 1469404800
65 363 1469664000
65 371 1469836800
65 370 1470614400
65 344 1473120000
65 344 1473120000
66 212 1351987200
66 221 1351987200
66 221 1351987200
66 212 1428710400
66 221 1428710400
66 221 1428710400
67 212 1421884800
67 214 1421884800
67 213 1421884800
67 213 1421884800
67 213 1421884800
67 213 1421884800
67 213 1421884800
67 213 1421884800
67 213 1421884800
67 213 1421884800
67 213 1421884800
67 213 1421884800
67 213 1421884800
67 213 1421884800
67 213 1421884800
67 213 1421884800
67 213 1421884800
67 213 1421884800
67 213 1421884800
68 212 1421193600
68 221 1421193600
68 221 1421193600
68 376 1422921600
68 377 1422921600
69 381 1416528000
69 379 1417046400
69 212 1421107200
69 221 1421107200
69 221 1421107200
69 378 1429228800
69 382 1442534400
69 279 1482969600
69 380 1483574400
70 384 1407628800
70 212 1414540800
70 221 1414540800
70 221 1414540800
70 383 1450656000
71 212 1410825600
71 385 1410825600
71 385 1410825600
71 214 1410825600
71 386 1410825600
72 212 1403222400
72 214 1403222400
72 213 1403222400
72 213 1403222400
72 213 1403222400
72 213 1403222400
72 213 1403222400
72 213 1403222400
72 213 1403222400
72 213 1403222400
72 213 1403222400
72 213 1403222400
72 213 1403222400
72 213 1403222400
72 213 1403222400
72 213 1403222400
72 213 1403222400
72 213 1403222400
72 213 1403222400
73 212 1379462400
73 214 1379462400
73 213 1379462400
73 213 1379462400
73 213 1379462400
73 213 1379462400
73 213 1379462400
73 213 1379462400
73 213 1379462400
73 213 1379462400
73 213 1379462400
73 213 1379462400
73 213 1379462400
73 213 1379462400
73 213 1379462400
73 213 1379462400
73 213 1379462400
73 213 1379462400
73 213 1379462400
74 286 1302134400
74 387 1353628800
74 212 1355443200
74 214 1355443200
74 388 1355961600
74 389 1357689600
74 388 1429488000
75 212 1343260800
75 214 1343260800
75 213 1343260800
75 213 1343260800
75 213 1343260800
75 213 1343260800
75 213 1343260800
75 213 1343260800
75 213 1343260800
75 213 1343260800
75 213 1343260800
75 213 1343260800
75 213 1343260800
75 213 1343260800
75 213 1343260800
75 213 1343260800
75 213 1343260800
75 213 1343260800
75 213 1343260800
76 391 1357776000
76 55 1408147200
76 392 1413676800
76 390 1506470400
76 393 1506470400
77 399 1275696000
77 394 1291680000
77 396 1291680000
77 398 1302998400
77 398 1302998400
77 406 1302998400
77 397 1309305600
77 397 1309305600
77 401 1328227200
77 395 1382400000
77 400 1410048000
77 404 1410048000
77 403 1410307200
77 402 1418169600
77 405 1466121600
77 407 1475625600
78 408 1227052800
78 409 1253318400
78 410 1391904000
78 411 1391904000
78 412 1391904000
79 415 1332892800
79 418 1332892800
79 416 1420070400
79 413 1441238400
79 420 1441238400
79 408 1447891200
79 414 1447891200
79 419 1447891200
79 417 1451174400
79 346 1529020800
79 421 1531612800
80 408 1419897600
80 422 1419897600
80 422 1419897600
80 424 1514764800
80 423 1520208000
81 426 1375747200
81 428 1375747200
81 429 1375747200
81 430 1375747200
81 431 1375747200
81 432 1375747200
81 433 1375747200
81 434 1375747200
81 427 1375833600
81 425 1393459200
82 436 1382227200
82 440 1390262400
82 437 1421366400
82 435 1429747200
82 438 1430956800
82 438 1430956800
82 439 1439856000
83 441 1199232000
83 26 1285545600
83 442 1435017600
83 442 1435017600
83 443 1435017600
83 444 1435017600
83 445 1435017600
83 219 1524960000
84 449 1525651200
84 234 1525737600
84 232 1525737600
84 448 1525737600
84 450 1525737600
84 446 1526083200
84 447 1526083200
85 451 1407456000
85 452 1407456000
85 453 1417478400
85 454 1417478400
85 446 1524268800
85 447 1524268800
86 458 1517184000
86 460 1523318400
86 446 1523404800
86 455 1523404800
86 456 1523404800
86 447 1523404800
86 457 1523404800
86 459 1523404800
87 461 1476057600
87 426 1479427200
87 428 1479427200
87 429 1479427200
87 430 1479427200
87 431 1479427200
87 432 1479427200
87 433 1479427200
87 434 1479427200
87 446 1522713600
87 447 1522713600
88 25 1428278400
88 25 1428278400
88 463 1463702400
88 462 1521244800
88 446 1521331200
88 447 1521331200
88 30 1521331200
89 464 1509494400
89 446 1520985600
89 456 1520985600
89 447 1520985600
89 457 1520985600
90 446 1520640000
90 447 1520640000
90 465 1520640000
90 466 1520640000
90 467 1520640000
90 468 1520640000
90 469 1520640000
90 470 1520640000
90 471 1520640000
91 472 1376784000
91 473 1410220800
91 474 1438992000
91 427 1492560000
91 446 1520208000
91 447 1520208000
91 90 1522195200
91 91 1522195200
92 476 1454112000
92 476 1454112000
92 446 1520121600
92 447 1520121600
92 475 1520121600
92 477 1520121600
93 478 1428192000
93 478 1428192000
93 479 1428192000
93 480 1428192000
93 446 1520121600
93 447 1520121600
94 481 1513382400
94 481 1513382400
94 446 1519948800
94 456 1519948800
94 447 1519948800
94 457 1519948800
95 482 1419120000
95 483 1466467200
95 483 1501804800
95 446 1519776000
95 447 1519776000
96 485 1505606400
96 484 1509235200
96 446 1519776000
96 447 1519776000
96 398 1519776000
96 398 1519776000
97 487 1430524800
97 486 1468454400
97 476 1468886400
97 488 1509580800
97 446 1517875200
97 447 1517875200
98 490 1488672000
98 489 1489104000
98 489 1489104000
98 456 1511913600
98 457 1511913600
98 446 1517184000
98 447 1517184000
99 491 1512086400
99 493 1512086400
99 137 1514160000
99 492 1514505600
99 492 1514505600
99 475 1515369600
99 446 1515715200
99 447 1515715200
99 494 1520812800
100 495 1460937600
100 496 1460937600
100 497 1460937600
100 180 1513123200
100 180 1513123200
100 446 1515542400
100 447 1515542400
101 446 1514851200
101 447 1514851200
101 498 1514851200
101 500 1514851200
101 501 1514851200
101 502 1514851200
101 499 1523491200
102 442 1476748800
102 442 1476748800
102 445 1476748800
102 446 1514764800
102 447 1514764800
103 507 1361404800
103 505 1364169600
103 503 1366848000
103 504 1496016000
103 506 1496016000
103 509 1496016000
103 508 1499558400
104 446 1513468800
104 327 1513468800
104 328 1513468800
104 447 1513468800
104 510 1513468800
105 141 1472083200
105 511 1472083200
105 512 1472083200
105 446 1512604800
105 447 1512604800
106 486 1305849600
106 456 1341532800
106 457 1341532800
106 513 1341532800
106 514 1342224000
106 486 1377561600
106 461 1390953600
106 515 1405987200
106 461 1433635200
107 486 1300492800
107 456 1303862400
107 457 1303862400
107 456 1305676800
107 457 1305676800
108 516 1465171200
108 486 1504051200
108 446 1504051200
108 447 1504051200
108 517 1520553600
108 518 1520553600
109 519 1454889600
109 446 1473897600
109 447 1473897600
109 456 1488758400
109 457 1488758400
109 486 1502928000
110 520 1379462400
110 520 1379462400
110 521 1507420800
110 446 1509062400
110 447 1509062400
111 446 1499904000
111 447 1499904000
111 486 1500508800
111 459 1500508800
111 522 1500508800
111 492 1500768000
111 492 1500768000
112 446 1495929600
112 447 1495929600
112 523 1495929600
112 524 1495929600
112 486 1500249600
113 525 1388880000
113 339 1391126400
113 339 1391126400
113 528 1391472000
113 426 1393200000
113 428 1393200000
113 533 1393200000
113 526 1394236800
113 526 1394236800
113 346 1406073600
113 74 1407715200
113 530 1414800000
113 476 1439510400
113 529 1439510400
113 304 1441670400
113 527 1443139200
113 532 1468108800
113 531 1473465600
113 486 1494806400
113 459 1500163200
113 456 1501977600
113 457 1501977600
114 397 1483660800
114 397 1483660800
114 486 1492473600
114 446 1492473600
114 447 1492473600
115 427 1490400000
115 465 1499385600
115 446 1508198400
115 447 1508198400
115 455 1520467200
116 427 1456099200
116 534 1456790400
116 535 1485734400
116 446 1507334400
116 447 1507334400
117 456 1487635200
117 457 1487635200
117 486 1488672000
117 446 1488844800
117 447 1488844800
117 327 1490400000
117 328 1490400000
118 538 1452729600
118 537 1453766400
118 539 1453766400
118 536 1456185600
118 542 1476403200
118 486 1488067200
118 541 1490745600
118 540 1493078400
119 446 1506988800
119 456 1506988800
119 447 1506988800
119 492 1506988800
119 492 1506988800
119 457 1506988800
120 486 1481673600
120 486 1481673600
120 486 1481673600
120 446 1481673600
120 446 1481673600
120 446 1481673600
120 447 1481673600
120 447 1481673600
120 447 1481673600
121 543 1417737600
121 543 1417737600
121 545 1422316800
121 327 1424822400
121 328 1424822400
121 89 1429747200
121 486 1479168000
121 544 1503100800
122 456 1504396800
122 457 1504396800
122 446 1506038400
122 447 1506038400
122 523 1522886400
122 455 1524268800
123 486 1475193600
123 547 1479254400
123 459 1481241600
123 364 1481414400
123 546 1481500800
123 548 1494374400
124 427 1472947200
124 427 1472947200
124 486 1474675200
124 550 1487203200
124 446 1495843200
124 447 1495843200
124 549 1495843200
125 262 1490486400
125 551 1494806400
125 311 1500249600
125 316 1504569600
125 446 1505692800
125 447 1505692800
126 161 1395705600
126 226 1408924800
126 34 1408924800
126 553 1417824000
126 162 1417824000
126 459 1464825600
126 455 1465430400
126 335 1465430400
126 486 1472428800
126 552 1478736000
126 462 1515542400
127 554 1445212800
127 446 1505001600
127 447 1505001600
127 195 1505001600
127 195 1505001600
127 459 1505001600
127 555 1505001600
128 486 1472256000
128 446 1472256000
128 446 1472256000
128 447 1472256000
128 447 1472256000
129 557 1457395200
129 558 1457481600
129 556 1457568000
129 486 1471910400
129 486 1471910400
130 562 1462752000
130 560 1492387200
130 327 1500422400
130 328 1500422400
130 446 1504656000
130 447 1504656000
130 559 1504656000
130 563 1518393600
130 367 1518393600
130 561 1518480000
131 565 1372377600
131 566 1402012800
131 567 1408924800
131 233 1411862400
131 327 1424649600
131 328 1424649600
131 564 1464825600
131 476 1464825600
131 486 1470355200
132 568 1395273600
132 466 1421366400
132 574 1421366400
132 570 1432598400
132 573 1447545600
132 486 1470096000
132 90 1470096000
132 571 1470096000
132 91 1470096000
132 569 1484179200
132 572 1504828800
132 462 1522108800
133 486 1469664000
133 327 1494979200
133 328 1494979200
133 446 1497139200
133 447 1497139200
134 17 1242604800
134 486 1469145600
134 486 1469145600
134 446 1478563200
134 447 1478563200
135 379 1386374400
135 59 1485907200
135 446 1504483200
135 447 1504483200
135 575 1510272000
136 446 1504224000
136 447 1504224000
136 576 1504224000
136 577 1504224000
136 578 1504224000
137 167 1403740800
137 486 1461024000
137 581 1461024000
137 486 1468627200
137 580 1468627200
137 579 1477094400
138 486 1466812800
138 446 1481068800
138 446 1481068800
138 447 1481068800
138 447 1481068800
138 59 1494806400
139 486 1466553600
139 446 1466553600
139 447 1466553600
139 446 1477699200
139 447 1477699200
140 486 1464220800
140 486 1464480000
140 446 1464480000
140 446 1464480000
140 447 1464480000
140 447 1464480000
141 583 1365984000
141 397 1370390400
141 397 1370390400
141 421 1370390400
141 491 1372723200
141 601 1375142400
141 618 1375142400
141 582 1383091200
141 629 1384732800
141 587 1390176000
141 587 1390176000
141 584 1393200000
141 397 1397692800
141 397 1397692800
141 421 1397692800
141 585 1402272000
141 599 1415145600
141 393 1415145600
141 608 1415664000
141 622 1415750400
141 634 1415836800
141 6 1415923200
141 623 1415923200
141 610 1416441600
141 610 1416441600
141 591 1419897600
141 591 1419897600
141 621 1421193600
141 586 1421798400
141 586 1421798400
141 630 1426204800
141 632 1426636800
141 588 1428192000
141 590 1428192000
141 592 1428192000
141 588 1428192000
141 590 1428192000
141 592 1428192000
141 595 1428278400
141 598 1428624000
141 620 1428624000
141 612 1429142400
141 119 1429142400
141 120 1429142400
141 115 1429315200
141 597 1429660800
141 602 1429660800
141 603 1429747200
141 607 1429747200
141 606 1429920000
141 605 1430697600
141 607 1430784000
141 606 1431907200
141 604 1431993600
141 596 1432166400
141 624 1432425600
141 593 1432944000
141 594 1433376000
141 613 1434067200
141 115 1434412800
141 614 1440720000
141 633 1441929600
141 456 1447286400
141 457 1447286400
141 626 1457568000
141 486 1464134400
141 486 1464220800
141 600 1464393600
141 599 1464739200
141 628 1466467200
141 611 1468540800
141 619 1469318400
141 617 1469836800
141 625 1470787200
141 616 1471824000
141 615 1472947200
141 589 1473465600
141 589 1473465600
141 608 1481328000
141 471 1482710400
141 466 1483401600
141 609 1483574400
141 627 1483747200
141 575 1485216000
141 631 1486425600
142 327 1401667200
142 328 1401667200
142 327 1433980800
142 328 1433980800
142 635 1455235200
142 486 1464134400
142 226 1503014400
143 640 1417132800
143 636 1433635200
143 638 1446163200
143 486 1463270400
143 639 1470614400
143 637 1477440000
144 641 1435536000
144 642 1435536000
144 486 1463011200
144 486 1463011200
144 446 1463011200
144 447 1463011200
145 643 1424044800
145 644 1424044800
145 644 1424044800
145 645 1439942400
145 646 1460937600
145 486 1463011200
146 446 1502150400
146 447 1502150400
146 647 1502150400
146 492 1502150400
146 492 1502150400
147 486 1461456000
147 446 1466812800
147 446 1466812800
147 447 1466812800
147 447 1466812800
148 648 1402876800
148 529 1402963200
148 459 1428883200
148 459 1428883200
148 486 1460678400
149 486 1459987200
149 486 1459987200
149 486 1459987200
149 446 1464652800
149 447 1464652800
149 649 1479600000
149 649 1479600000
150 553 1437782400
150 486 1458000000
150 486 1458000000
150 486 1458000000
150 486 1458000000
151 650 1413158400
151 522 1413158400
151 486 1456963200
151 486 1456963200
151 544 1525651200
152 486 1440201600
152 486 1440201600
152 456 1440201600
152 427 1440201600
152 457 1440201600
152 514 1440201600
152 652 1440201600
152 653 1440201600
152 513 1440201600
152 654 1440201600
152 651 1464566400
153 656 1386288000
153 486 1406160000
153 462 1406160000
153 397 1406160000
153 397 1406160000
153 655 1406160000
153 421 1406160000
153 397 1416960000
153 397 1416960000
154 658 1389312000
154 6 1392940800
154 327 1394150400
154 328 1394150400
154 657 1395100800
154 327 1402099200
154 328 1402099200
154 486 1404086400
154 397 1404432000
154 397 1404432000
154 543 1404604800
154 543 1404604800
154 661 1407369600
154 659 1433635200
154 660 1464307200
155 662 1388880000
155 663 1389052800
155 486 1389225600
155 650 1422835200
155 469 1422835200
155 446 1477699200
155 447 1477699200
156 666 1267660800
156 666 1267660800
156 665 1429920000
156 278 1430179200
156 427 1437868800
156 670 1464220800
156 669 1467504000
156 268 1468022400
156 664 1498176000
156 226 1498176000
156 39 1499212800
156 446 1500768000
156 447 1500768000
156 672 1502150400
156 671 1502928000
156 525 1511654400
156 667 1518134400
156 551 1523491200
156 668 1523750400
157 673 1411862400
157 673 1411862400
157 674 1459468800
157 446 1500508800
157 447 1500508800
158 675 1444089600
158 543 1475625600
158 543 1475625600
158 446 1499644800
158 447 1499644800
159 446 1498953600
159 447 1498953600
159 456 1517702400
159 475 1517702400
159 457 1517702400
160 109 1367020800
160 677 1426809600
160 455 1436054400
160 150 1467504000
160 676 1470096000
161 427 1407801600
161 427 1471564800
161 446 1498348800
161 447 1498348800
161 524 1523664000
162 446 1498176000
162 447 1498176000
162 421 1524355200
162 397 1524355200
162 678 1524355200
163 446 1498089600
163 447 1498089600
163 125 1504915200
163 125 1504915200
163 679 1533340800
164 446 1496880000
164 447 1496880000
164 125 1496880000
164 125 1496880000
164 427 1500163200
164 680 1505001600
164 522 1506643200
165 397 1311379200
165 397 1311379200
165 421 1311379200
165 455 1382227200
165 657 1383609600
166 141 1221436800
166 681 1369699200
166 681 1369699200
166 345 1376611200
166 682 1467849600
166 446 1496275200
166 447 1496275200
167 455 1350345600
167 525 1365638400
167 491 1365638400
167 523 1365638400
167 683 1494028800
168 650 1317340800
168 456 1318723200
168 457 1318723200
168 684 1319760000
168 462 1319932800
168 455 1330992000
169 685 1451865600
169 686 1466726400
169 687 1467417600
169 688 1467417600
169 687 1467417600
169 688 1467417600
169 446 1494892800
169 447 1494892800
170 446 1494892800
170 447 1494892800
170 689 1500508800
170 459 1503014400
170 689 1503014400
170 690 1503014400
170 397 1508457600
170 397 1508457600
170 421 1508457600
170 487 1526428800
171 537 1484697600
171 539 1484697600
171 691 1491868800
171 446 1493856000
171 447 1493856000
172 693 1468886400
172 446 1493769600
172 447 1493769600
172 692 1513814400
172 112 1513814400
172 694 1513814400
172 695 1513814400
173 697 1399852800
173 696 1488067200
173 698 1488067200
173 446 1493596800
173 525 1493596800
173 447 1493596800
174 446 1493078400
174 447 1493078400
174 327 1520640000
174 328 1520640000
174 479 1524182400
175 446 1492560000
175 447 1492560000
175 456 1503792000
175 525 1503792000
175 457 1503792000
176 446 1491177600
176 456 1491177600
176 447 1491177600
176 457 1491177600
176 327 1518220800
176 328 1518220800
177 700 1413676800
177 20 1414627200
177 699 1416009600
177 702 1420070400
177 703 1432166400
177 701 1438646400
177 446 1490140800
177 447 1490140800
178 446 1489881600
178 447 1489881600
178 50 1489881600
178 31 1500508800
178 704 1503878400
178 334 1503878400
178 705 1503878400
179 446 1488931200
179 426 1488931200
179 447 1488931200
179 428 1488931200
179 429 1488931200
179 430 1488931200
179 431 1488931200
179 432 1488931200
179 433 1488931200
179 434 1488931200
180 446 1487203200
180 6 1487203200
180 447 1487203200
180 461 1487203200
180 523 1487203200
181 395 1438905600
181 37 1451865600
181 37 1451865600
181 446 1485216000
181 447 1485216000
182 664 1464739200
182 492 1470355200
182 492 1470355200
182 446 1483401600
182 447 1483401600
183 707 1467849600
183 327 1472774400
183 328 1472774400
183 706 1480291200
183 446 1482883200
183 447 1482883200
184 392 1444435200
184 446 1482710400
184 447 1482710400
184 327 1483056000
184 328 1483056000
184 708 1514505600
185 446 1482710400
185 447 1482710400
185 710 1482710400
185 327 1489968000
185 328 1489968000
185 709 1489968000
186 36 1415232000
186 711 1420675200
186 234 1472688000
186 446 1482364800
186 447 1482364800
187 427 1316995200
187 327 1475625600
187 328 1475625600
187 446 1482105600
187 447 1482105600
188 446 1481932800
188 446 1481932800
188 447 1481932800
188 447 1481932800
188 525 1483747200
189 476 1458604800
189 529 1458777600
189 476 1459209600
189 476 1462579200
189 476 1462579200
189 446 1481760000
189 447 1481760000
189 713 1494720000
189 427 1497830400
189 712 1512432000
189 328 1521849600
189 327 1521849600
190 327 1438732800
190 328 1438732800
190 459 1438732800
190 446 1481760000
190 447 1481760000
190 475 1501545600
191 459 1429574400
191 459 1429574400
191 459 1460160000
191 446 1481587200
191 446 1481587200
191 447 1481587200
191 447 1481587200
192 442 1476316800
192 442 1476316800
192 445 1476316800
192 446 1481500800
192 714 1481500800
192 447 1481500800
193 446 1481414400
193 446 1481414400
193 446 1481414400
193 447 1481414400
193 447 1481414400
193 447 1481414400
193 715 1481414400
194 446 1481241600
194 446 1481241600
194 446 1481241600
194 447 1481241600
194 447 1481241600
194 447 1481241600
195 717 1401148800
195 718 1432080000
195 716 1458604800
195 446 1480636800
195 447 1480636800
196 650 1464652800
196 462 1469836800
196 446 1480636800
196 446 1480636800
196 446 1480636800
196 446 1480636800
196 446 1480636800
196 446 1480636800
196 447 1480636800
196 447 1480636800
196 447 1480636800
196 447 1480636800
196 447 1480636800
196 447 1480636800
196 427 1480636800
196 459 1480636800
196 719 1480636800
197 446 1480291200
197 327 1480291200
197 328 1480291200
197 462 1480291200
197 447 1480291200
198 456 1521504000
198 457 1521504000
198 720 1524614400
198 666 1524614400
198 460 1524614400
199 456 1520812800
199 97 1520812800
199 101 1520812800
199 101 1520812800
199 457 1520812800
200 427 1439942400
200 459 1442534400
200 446 1479340800
200 456 1479340800
200 447 1479340800
200 457 1479340800
200 721 1479340800
201 397 1467676800
201 397 1467676800
201 421 1467676800
201 446 1479340800
201 446 1479340800
201 447 1479340800
201 447 1479340800
202 726 1408060800
202 135 1447632000
202 246 1475884800
202 723 1489795200
202 724 1489795200
202 722 1508284800
202 722 1508284800
202 456 1519344000
202 457 1519344000
202 482 1521417600
202 725 1528243200
203 446 1479340800
203 446 1479340800
203 447 1479340800
203 447 1479340800
203 549 1479340800
204 727 1441929600
204 446 1479254400
204 446 1479254400
204 447 1479254400
204 447 1479254400
205 456 1518048000
205 459 1518048000
205 457 1518048000
205 523 1521504000
205 477 1521504000
205 458 1521504000
206 446 1478822400
206 446 1478822400
206 446 1478822400
206 447 1478822400
206 447 1478822400
206 447 1478822400
207 728 1443139200
207 446 1478563200
207 447 1478563200
207 456 1486512000
207 457 1486512000
208 730 1487894400
208 729 1497744000
208 731 1500854400
208 456 1514851200
208 457 1514851200
209 497 1361145600
209 523 1361145600
209 733 1361145600
209 732 1403136000
209 446 1474761600
209 447 1474761600
209 446 1478476800
209 447 1478476800
210 446 1464048000
210 447 1464048000
210 475 1476835200
210 446 1478131200
210 447 1478131200
211 287 1422403200
211 456 1514246400
211 475 1514246400
211 459 1514246400
211 457 1514246400
212 525 1510444800
212 456 1511481600
212 6 1511481600
212 475 1511481600
212 457 1511481600
213 676 1373414400
213 446 1477526400
213 446 1477526400
213 447 1477526400
213 447 1477526400
214 456 1509840000
214 457 1509840000
214 734 1517443200
214 87 1519084800
214 735 1519084800
215 736 1400457600
215 237 1470960000
215 456 1509494400
215 327 1509494400
215 328 1509494400
215 457 1509494400
216 456 1507075200
216 457 1507075200
216 460 1508284800
216 737 1508284800
216 738 1509321600
216 523 1510704000
217 739 1471305600
217 446 1477180800
217 446 1477180800
217 447 1477180800
217 447 1477180800
218 740 1454630400
218 740 1454630400
218 2 1491523200
218 456 1506384000
218 457 1506384000
219 476 1443225600
219 476 1443225600
219 476 1443225600
219 476 1443225600
219 476 1443225600
219 456 1504396800
219 457 1504396800
220 741 1463788800
220 741 1463788800
220 742 1466121600
220 446 1476489600
220 447 1476489600
221 446 1476316800
221 447 1476316800
221 427 1477267200
221 743 1477267200
221 747 1488931200
221 746 1490313600
221 748 1496448000
221 750 1500768000
221 752 1518652800
221 744 1522627200
221 745 1522627200
221 749 1522627200
221 751 1522627200
221 753 1531094400
222 446 1476144000
222 447 1476144000
222 754 1497052800
222 44 1497052800
222 210 1497052800
222 724 1497052800
223 757 1298246400
223 388 1332633600
223 756 1410307200
223 755 1466553600
223 446 1475971200
223 447 1475971200
223 758 1476057600
224 327 1452124800
224 328 1452124800
224 456 1496275200
224 457 1496275200
224 759 1496275200
225 760 1473379200
225 446 1475107200
225 446 1475107200
225 447 1475107200
225 447 1475107200
226 446 1474761600
226 447 1474761600
226 397 1474761600
226 397 1474761600
226 421 1474761600
226 477 1514764800
227 446 1474588800
227 446 1474588800
227 447 1474588800
227 447 1474588800
227 761 1491091200
228 446 1474156800
228 456 1474156800
228 456 1474156800
228 456 1474156800
228 447 1474156800
228 457 1474156800
228 457 1474156800
228 457 1474156800
228 523 1474156800
229 327 1458172800
229 328 1458172800
229 456 1487289600
229 457 1487289600
229 731 1493596800
230 762 1457740800
230 446 1473984000
230 456 1473984000
230 447 1473984000
230 459 1473984000
230 457 1473984000
231 456 1486425600
231 457 1486425600
231 327 1490054400
231 328 1490054400
231 763 1496016000
232 766 1413590400
232 765 1427414400
232 764 1445472000
232 446 1473897600
232 447 1473897600
233 446 1473724800
233 446 1473724800
233 447 1473724800
233 447 1473724800
233 649 1473724800
233 649 1473724800
234 426 1384128000
234 428 1384128000
234 429 1384128000
234 430 1384128000
234 431 1384128000
234 432 1384128000
234 433 1384128000
234 434 1384128000
234 446 1473638400
234 447 1473638400
235 427 1451606400
235 768 1451606400
235 767 1467504000
235 427 1469491200
235 456 1484524800
235 457 1484524800
235 769 1506124800
236 456 1468713600
236 457 1468713600
236 456 1481673600
236 457 1481673600
236 658 1498176000
237 772 1461542400
237 774 1461542400
237 770 1467331200
237 770 1467331200
237 488 1467331200
237 476 1468713600
237 529 1471392000
237 773 1471392000
237 446 1473552000
237 447 1473552000
237 776 1478908800
237 771 1483920000
237 775 1483920000
238 103 1416960000
238 103 1416960000
238 777 1416960000
238 778 1416960000
238 154 1416960000
238 225 1435622400
238 780 1438646400
238 153 1448928000
238 779 1448928000
238 327 1453248000
238 328 1453248000
238 446 1473292800
238 447 1473292800
238 781 1484265600
239 783 1469318400
239 446 1473033600
239 447 1473033600
239 782 1523232000
239 784 1523232000
239 785 1523232000
240 786 1433376000
240 446 1469404800
240 447 1469404800
240 446 1472860800
240 447 1472860800
241 658 1269734400
241 456 1472083200
241 457 1472083200
241 788 1483920000
241 787 1498780800
242 446 1462060800
242 447 1462060800
242 446 1468195200
242 447 1468195200
242 446 1472860800
242 447 1472860800
243 446 1472774400
243 447 1472774400
243 790 1494979200
243 327 1498521600
243 328 1498521600
243 789 1515888000
244 739 1452902400
244 791 1452902400
244 446 1472601600
244 447 1472601600
244 549 1514678400
245 792 1444089600
245 792 1444089600
245 549 1456185600
245 456 1465776000
245 457 1465776000
245 793 1482278400
245 794 1482278400
245 795 1482278400
245 796 1482278400
246 456 1446768000
246 491 1446768000
246 459 1446768000
246 457 1446768000
246 797 1446768000
247 798 1422403200
247 456 1446422400
247 457 1446422400
247 800 1469577600
247 799 1470614400
248 456 1444694400
248 426 1444694400
248 428 1444694400
248 457 1444694400
248 429 1444694400
248 430 1444694400
248 431 1444694400
248 432 1444694400
248 433 1444694400
248 434 1444694400
249 801 1398038400
249 398 1398556800
249 398 1398556800
249 456 1443139200
249 457 1443139200
249 802 1451088000
250 426 1404777600
250 428 1404777600
250 429 1404777600
250 430 1404777600
250 431 1404777600
250 432 1404777600
250 433 1404777600
250 434 1404777600
250 446 1471910400
250 447 1471910400
251 427 1471132800
251 543 1471132800
251 543 1471132800
251 446 1471824000
251 447 1471824000
252 456 1436832000
252 456 1436832000
252 457 1436832000
252 457 1436832000
252 689 1474156800
253 545 1401494400
253 456 1432598400
253 457 1432598400
253 803 1442534400
253 327 1444435200
253 328 1444435200
254 476 1377129600
254 805 1426464000
254 456 1428969600
254 457 1428969600
254 234 1486080000
254 804 1517702400
254 806 1525996800
255 456 1420243200
255 456 1420243200
255 457 1420243200
255 457 1420243200
255 529 1503360000
256 476 1379894400
256 456 1415836800
256 456 1415836800
256 457 1415836800
256 457 1415836800
256 427 1440028800
256 773 1452902400
256 807 1457481600
257 808 1407024000
257 553 1410825600
257 456 1410912000
257 457 1410912000
257 513 1410912000
258 446 1470096000
258 446 1470096000
258 446 1470096000
258 447 1470096000
258 447 1470096000
258 447 1470096000
259 810 1466380800
259 809 1468886400
259 811 1468886400
259 446 1469664000
259 447 1469664000
260 446 1469491200
260 446 1469491200
260 585 1469491200
260 447 1469491200
260 447 1469491200
261 812 1437264000
261 446 1469404800
261 447 1469404800
261 180 1513641600
261 180 1513641600
262 456 1373587200
262 457 1373587200
262 813 1388707200
262 814 1388707200
262 519 1413417600
262 25 1420502400
262 25 1420502400
263 146 1376870400
263 546 1376870400
263 157 1398816000
263 815 1453766400
263 815 1453766400
263 816 1453766400
263 446 1469145600
263 447 1469145600
263 525 1490227200
264 456 1357776000
264 457 1357776000
264 797 1357776000
264 384 1408406400
264 514 1437264000
265 817 1431561600
265 819 1431561600
265 327 1431907200
265 328 1431907200
265 818 1431907200
265 777 1431907200
265 820 1431907200
265 446 1468108800
265 447 1468108800
266 446 1468108800
266 446 1468108800
266 447 1468108800
266 447 1468108800
266 125 1468108800
266 125 1468108800
267 653 1451260800
267 446 1467936000
267 447 1467936000
267 397 1470096000
267 397 1470096000
267 421 1470096000
267 821 1475193600
268 822 1262044800
268 456 1312848000
268 457 1312848000
268 473 1329091200
268 372 1400716800
268 823 1437177600
268 343 1441497600
268 824 1446681600
268 825 1446681600
268 826 1470096000
269 446 1467849600
269 447 1467849600
269 827 1467849600
269 827 1467849600
269 470 1467849600
270 446 1467676800
270 446 1467676800
270 447 1467676800
270 447 1467676800
270 459 1467676800
270 522 1467676800
271 829 1304812800
271 456 1306368000
271 89 1306368000
271 457 1306368000
271 523 1306368000
271 828 1454284800
272 446 1467158400
272 446 1467158400
272 447 1467158400
272 447 1467158400
272 459 1467158400
273 446 1466985600
273 447 1466985600
273 180 1466985600
273 180 1466985600
273 830 1466985600
274 446 1463184000
274 831 1463184000
274 447 1463184000
274 446 1466208000
274 447 1466208000
275 446 1466208000
275 446 1466208000
275 446 1466208000
275 447 1466208000
275 447 1466208000
275 447 1466208000
276 2 1311724800
276 446 1465603200
276 447 1465603200
276 832 1465603200
276 15 1465603200
276 833 1465603200
277 446 1465516800
277 446 1465516800
277 447 1465516800
277 447 1465516800
277 834 1483056000
278 637 1447718400
278 505 1447718400
278 446 1465344000
278 447 1465344000
278 770 1465344000
278 770 1465344000
279 476 1432944000
279 529 1432944000
279 427 1435276800
279 476 1435276800
279 446 1465344000
279 447 1465344000
279 476 1465344000
279 835 1485216000
280 446 1464480000
280 446 1464480000
280 447 1464480000
280 447 1464480000
280 427 1468540800
280 837 1468540800
280 836 1470700800
281 582 1458259200
281 838 1458259200
281 839 1458259200
281 446 1463875200
281 447 1463875200
282 386 1454889600
282 446 1462924800
282 446 1462924800
282 447 1462924800
282 447 1462924800
283 546 1412294400
283 841 1412294400
283 840 1412985600
283 446 1462838400
283 447 1462838400
284 446 1462752000
284 446 1462752000
284 447 1462752000
284 447 1462752000
284 523 1462752000
285 446 1462147200
285 426 1462147200
285 447 1462147200
285 428 1462147200
285 429 1462147200
285 430 1462147200
285 431 1462147200
285 432 1462147200
285 433 1462147200
285 434 1462147200
286 426 1403481600
286 428 1403481600
286 429 1403481600
286 430 1403481600
286 431 1403481600
286 432 1403481600
286 433 1403481600
286 434 1403481600
286 446 1461715200
286 447 1461715200
287 459 1460073600
287 446 1461369600
287 447 1461369600
287 327 1492560000
287 328 1492560000
288 446 1460678400
288 447 1460678400
288 442 1495756800
288 442 1495756800
288 445 1495756800
289 461 1427587200
289 446 1458950400
289 447 1458950400
289 446 1459382400
289 447 1459382400
290 98 1325808000
290 844 1446336000
290 446 1459209600
290 446 1459209600
290 447 1459209600
290 447 1459209600
290 842 1459209600
290 843 1459209600
291 446 1458604800
291 447 1458604800
291 459 1458604800
291 459 1458604800
291 133 1521158400
292 446 1458604800
292 447 1458604800
292 442 1458604800
292 442 1458604800
292 445 1458604800
293 446 1458086400
293 447 1458086400
293 492 1459123200
293 492 1459123200
293 845 1494720000
293 723 1511827200
293 689 1512604800
293 749 1524355200
293 751 1524355200
293 171 1524960000
293 465 1524960000
294 446 1457395200
294 446 1457395200
294 446 1457395200
294 525 1457395200
294 447 1457395200
294 447 1457395200
294 447 1457395200
294 459 1457395200
295 846 1436140800
295 848 1440547200
295 125 1512777600
295 125 1512777600
295 477 1515974400
295 129 1517011200
295 849 1518134400
295 847 1518220800
295 850 1529884800
296 54 1391126400
296 54 1391126400
296 769 1391126400
296 127 1395100800
296 493 1396569600
296 118 1400198400
296 493 1400198400
296 865 1412726400
296 865 1412726400
296 857 1413158400
296 860 1414368000
296 886 1416009600
296 884 1440979200
296 853 1452816000
296 854 1452816000
296 791 1452816000
296 864 1452816000
296 871 1452816000
296 872 1452816000
296 867 1453248000
296 207 1458000000
296 855 1458000000
296 862 1459468800
296 879 1461715200
296 859 1463270400
296 875 1469577600
296 767 1477353600
296 878 1477612800
296 869 1480464000
296 852 1481328000
296 856 1481673600
296 856 1481673600
296 59 1481673600
296 402 1481673600
296 868 1481673600
296 887 1481673600
296 115 1481760000
296 866 1481760000
296 861 1481846400
296 863 1481846400
296 882 1488844800
296 858 1489881600
296 126 1491436800
296 874 1491436800
296 851 1493078400
296 883 1498089600
296 870 1498608000
296 889 1498608000
296 885 1500163200
296 876 1500940800
296 888 1504915200
296 890 1504915200
296 891 1508284800
296 881 1511654400
296 873 1518825600
296 877 1521417600
296 664 1523232000
296 311 1523491200
296 880 1527206400
297 892 1393286400
297 892 1393286400
297 897 1431129600
297 893 1457568000
297 895 1467936000
297 896 1480550400
297 898 1483920000
297 902 1485820800
297 899 1487030400
297 83 1503792000
297 894 1505174400
297 335 1517961600
297 901 1519603200
297 900 1520812800
297 664 1520899200
298 74 1408147200
298 75 1408233600
298 137 1445644800
298 903 1447632000
298 285 1449878400
298 906 1463270400
298 551 1464739200
298 905 1471132800
298 904 1472515200
298 344 1475539200
298 344 1475539200
298 664 1519776000
298 335 1526774400
298 311 1528588800
298 226 1528588800
298 907 1528588800
298 672 1528588800
298 342 1535760000
299 908 1395273600
299 335 1502323200
299 226 1506211200
299 910 1514851200
299 664 1518566400
299 909 1529107200
300 664 1518134400
300 911 1518134400
300 912 1518134400
300 912 1518134400
300 913 1518134400
301 75 1409356800
301 74 1410480000
301 915 1411344000
301 498 1449273600
301 914 1458000000
301 905 1471132800
301 916 1490659200
301 39 1499299200
301 917 1501286400
301 664 1515283200
302 919 1410480000
302 921 1414972800
302 920 1418428800
302 922 1418428800
302 197 1421452800
302 918 1429920000
302 923 1440979200
302 79 1441497600
302 298 1448323200
302 894 1450224000
302 307 1471824000
302 309 1471824000
302 898 1481328000
302 664 1514073600
302 39 1514073600
302 311 1514073600
303 789 1509753600
303 664 1513900800
303 924 1513900800
303 926 1513900800
303 927 1513900800
303 928 1513900800
303 125 1518825600
303 125 1518825600
303 925 1520812800
304 929 1414972800
304 929 1414972800
304 203 1415923200
304 931 1424995200
304 930 1445385600
304 932 1453248000
304 19 1455235200
304 935 1465862400
304 934 1466812800
304 933 1492560000
304 39 1499299200
304 335 1504915200
304 664 1509667200
304 749 1524009600
304 936 1524009600
304 937 1532217600
305 122 1399939200
305 940 1432080000
305 825 1446422400
305 67 1446681600
305 939 1455840000
305 911 1507939200
305 664 1509667200
305 938 1511222400
305 226 1514073600
305 39 1515110400
306 941 1410220800
306 355 1415923200
306 314 1442361600
306 942 1445817600
306 137 1449705600
306 664 1507939200
307 946 1488672000
307 943 1498262400
307 944 1501891200
307 749 1503532800
307 945 1503532800
307 664 1507852800
307 311 1507852800
307 311 1507852800
307 311 1507852800
307 311 1508284800
307 39 1511481600
307 84 1520985600
308 949 1371427200
308 948 1422921600
308 954 1424044800
308 665 1429833600
308 951 1429920000
308 952 1448928000
308 321 1453248000
308 177 1457481600
308 363 1470700800
308 902 1483660800
308 955 1488758400
308 950 1492560000
308 335 1497571200
308 540 1507593600
308 664 1507680000
308 947 1512777600
308 342 1525046400
308 953 1531353600
309 956 1406246400
309 961 1406592000
309 263 1407456000
309 962 1423958400
309 960 1424304000
309 665 1430092800
309 358 1445731200
309 958 1451606400
309 906 1455235200
309 896 1459728000
309 935 1466640000
309 669 1468972800
309 344 1473552000
309 344 1473552000
309 959 1477180800
309 957 1482796800
309 664 1506556800
309 226 1507680000
309 963 1527984000
310 565 1322611200
310 262 1490140800
310 226 1503964800
310 335 1503964800
310 664 1505088000
310 964 1508112000
310 279 1516147200
311 526 1397347200
311 526 1397347200
311 966 1415491200
311 967 1427241600
311 965 1435795200
311 969 1443225600
311 304 1445817600
311 968 1494374400
311 970 1494374400
311 664 1505001600
311 320 1508284800
312 973 1400112000
312 254 1416441600
312 972 1418515200
312 67 1447372800
312 971 1453248000
312 485 1463529600
312 302 1492473600
312 226 1498780800
312 664 1504656000
313 976 1393372800
313 975 1415750400
313 336 1416441600
313 981 1432252800
313 81 1460678400
313 978 1463529600
313 669 1467590400
313 974 1473552000
313 974 1473552000
313 252 1478217600
313 979 1480896000
313 311 1497657600
313 335 1498780800
313 39 1499385600
313 911 1499817600
313 39 1499817600
313 311 1499817600
313 980 1501718400
313 664 1504396800
313 326 1504396800
313 977 1515456000
313 936 1518307200
314 302 1487462400
314 907 1491004800
314 982 1496102400
314 983 1496102400
314 39 1503792000
314 664 1503964800
314 335 1503964800
314 985 1507507200
314 984 1526601600
314 986 1526601600
315 106 1303516800
315 988 1398038400
315 987 1404691200
315 254 1416268800
315 45 1445990400
315 266 1458604800
315 245 1466121600
315 262 1492732800
315 664 1503878400
315 913 1526515200
316 994 1353369600
316 789 1393977600
316 789 1393977600
316 331 1394668800
316 1005 1398816000
316 332 1398902400
316 1007 1406160000
316 744 1408924800
316 391 1415145600
316 806 1415232000
316 1010 1415836800
316 993 1419033600
316 423 1419379200
316 597 1420070400
316 1002 1422144000
316 310 1422576000
316 307 1429833600
316 292 1429833600
316 999 1436918400
316 996 1437350400
316 995 1445558400
316 312 1445558400
316 992 1447804800
316 1015 1448409600
316 1028 1448409600
316 989 1448668800
316 975 1448668800
316 467 1448668800
316 1006 1448668800
316 1004 1451001600
316 1017 1458950400
316 367 1458950400
316 1033 1459296000
316 566 1459814400
316 1014 1461542400
316 210 1464652800
316 990 1465430400
316 1016 1465430400
316 1031 1467417600
316 257 1467504000
316 1011 1467590400
316 1021 1467590400
316 542 1467676800
316 327 1467763200
316 327 1467763200
316 328 1467763200
316 328 1467763200
316 826 1467849600
316 1035 1468108800
316 1018 1468195200
316 1026 1468195200
316 1020 1468281600
316 1019 1468800000
316 375 1468800000
316 997 1468972800
316 1013 1468972800
316 368 1468972800
316 371 1469577600
316 1012 1470614400
316 768 1471392000
316 724 1472169600
316 1032 1472169600
316 1000 1472688000
316 1001 1472688000
316 991 1472947200
316 991 1472947200
316 44 1472947200
316 1025 1472947200
316 1030 1472947200
316 1023 1473206400
316 531 1473724800
316 337 1474934400
316 1022 1481846400
316 1008 1483747200
316 1009 1483747200
316 796 1483747200
316 169 1483747200
316 1024 1483747200
316 341 1483747200
316 957 1488412800
316 137 1488499200
316 269 1489622400
316 90 1491782400
316 998 1499126400
316 311 1503705600
316 1027 1503705600
316 664 1503792000
316 664 1503792000
316 39 1503792000
316 335 1503792000
316 1008 1503792000
316 248 1503792000
316 551 1504483200
316 1003 1504483200
316 577 1504483200
316 1029 1534377600
316 1034 1534377600
316 1036 1534377600
316 916 1535932800
316 979 1535932800
317 1039 1477008000
317 1038 1477180800
317 78 1477872000
317 902 1484438400
317 899 1490227200
317 39 1499299200
317 39 1499990400
317 664 1500249600
317 619 1501459200
317 1040 1502150400
317 1037 1502236800
317 998 1502582400
317 664 1503532800
317 335 1504051200
318 233 1327795200
318 528 1391212800
318 339 1392249600
318 339 1392249600
318 258 1392249600
318 908 1393891200
318 526 1394582400
318 526 1394582400
318 331 1394668800
318 1043 1399852800
318 1044 1401235200
318 1046 1403568000
318 761 1412640000
318 1042 1412640000
318 972 1418774400
318 367 1457827200
318 266 1458345600
318 265 1460246400
318 1049 1465689600
318 351 1467072000
318 542 1467244800
318 895 1468195200
318 1047 1468195200
318 363 1469923200
318 370 1470873600
318 1041 1473552000
318 1041 1473552000
318 991 1473811200
318 991 1473811200
318 1023 1474329600
318 957 1482796800
318 1045 1485907200
318 664 1498262400
318 335 1501200000
318 664 1503532800
318 1048 1533427200
319 1050 1371427200
319 892 1391472000
319 892 1391472000
319 1051 1403136000
319 289 1431302400
319 1053 1441670400
319 1054 1442448000
319 72 1453248000
319 1052 1458518400
319 1055 1463961600
319 245 1465257600
319 1058 1499731200
319 664 1500854400
319 664 1503446400
319 1056 1505347200
319 311 1505952000
319 39 1511308800
319 1057 1514851200
319 936 1516060800
319 900 1516060800
319 911 1516233600
319 249 1526428800
320 528 1391385600
320 1059 1415318400
320 951 1430438400
320 1061 1443916800
320 280 1457481600
320 1064 1478649600
320 917 1488412800
320 1060 1488412800
320 1062 1492560000
320 1063 1496102400
320 335 1498435200
320 664 1503446400
320 1063 1507680000
321 949 1371513600
321 1067 1372464000
321 1068 1374624000
321 1065 1410912000
321 1069 1419033600
321 1053 1440547200
321 1073 1444780800
321 306 1444867200
321 1072 1445817600
321 1074 1450310400
321 81 1460592000
321 1070 1479168000
321 664 1503360000
321 911 1503360000
321 1071 1507766400
321 1075 1510185600
321 1066 1525910400
321 33 1526256000
321 1076 1533427200
322 122 1401667200
322 1081 1415404800
322 278 1430092800
322 299 1445644800
322 1082 1446768000
322 1078 1453593600
322 14 1454889600
322 939 1456012800
322 1080 1457654400
322 1052 1457827200
322 896 1457913600
322 563 1459209600
322 1083 1460851200
322 935 1465862400
322 270 1467936000
322 271 1468108800
322 255 1468713600
322 1020 1468713600
322 1012 1469750400
322 363 1470614400
322 325 1476057600
322 1037 1483747200
322 137 1485648000
322 1079 1485648000
322 998 1489881600
322 313 1491091200
322 334 1492732800
322 1077 1498348800
322 911 1498953600
322 943 1499212800
322 335 1502582400
322 335 1502582400
322 335 1502582400
322 264 1502582400
322 664 1503187200
322 668 1528588800
323 1084 1294099200
323 105 1368576000
323 1068 1373932800
323 1086 1392768000
323 1085 1395014400
323 1085 1395100800
323 331 1397692800
323 1088 1434326400
323 1087 1465689600
323 270 1469404800
323 39 1499126400
323 664 1503100800
324 1092 1391472000
324 1089 1398729600
324 196 1402272000
324 75 1407628800
324 219 1423958400
324 317 1449187200
324 1052 1459123200
324 351 1467417600
324 1093 1481068800
324 577 1482105600
324 1009 1482364800
324 1091 1487894400
324 1034 1490918400
324 313 1493078400
324 1008 1499644800
324 664 1499731200
324 133 1499904000
324 311 1499990400
324 39 1501632000
324 664 1503014400
324 335 1503273600
324 248 1504656000
324 282 1514332800
324 22 1524441600
324 1090 1524614400
324 1029 1524787200
324 1097 1525910400
324 1095 1526947200
324 1094 1528070400
324 1096 1529280000
324 953 1534118400
325 976 1390867200
325 981 1430611200
325 1098 1449878400
325 1099 1458691200
325 1055 1464480000
325 1087 1465171200
325 1103 1467849600
325 1105 1467936000
325 1104 1471910400
325 1101 1472601600
325 1041 1473206400
325 1041 1473206400
325 1106 1473984000
325 998 1489104000
325 1100 1492300800
325 226 1499731200
325 1102 1499731200
325 664 1503014400
325 664 1503014400
325 911 1503014400
325 912 1503014400
325 912 1503014400
325 335 1503014400
325 1071 1505347200
326 270 1477958400
326 1009 1482969600
326 1024 1483401600
326 577 1484092800
326 1107 1484697600
326 71 1489363200
326 1109 1490659200
326 998 1491609600
326 664 1498780800
326 664 1498953600
326 311 1500681600
326 664 1500768000
326 39 1501372800
326 664 1502928000
326 1108 1513555200
326 239 1523836800
326 668 1524614400
326 953 1533427200
327 681 1440374400
327 681 1440374400
327 1072 1444608000
327 299 1445126400
327 1111 1445299200
327 367 1457827200
327 1112 1466035200
327 935 1466640000
327 1019 1468713600
327 1110 1472601600
327 1110 1472601600
327 1009 1481328000
327 1008 1481500800
327 302 1487635200
327 1113 1488412800
327 664 1497571200
327 248 1498348800
327 311 1499126400
327 664 1502668800
327 894 1505088000
327 39 1519603200
327 22 1527552000
328 528 1393286400
328 1043 1403049600
328 352 1403049600
328 1114 1416355200
328 39 1502496000
328 664 1502582400
328 753 1503619200
329 902 1490659200
329 1034 1495065600
329 664 1502064000
329 672 1503792000
329 977 1511827200
329 1115 1512691200
329 963 1517097600
329 1096 1524441600
329 342 1524873600
329 1116 1527120000
330 1120 1378339200
330 331 1397692800
330 1044 1403136000
330 254 1416441600
330 1118 1417046400
330 198 1423353600
330 1117 1432252800
330 1121 1434067200
330 375 1471910400
330 1119 1479772800
330 796 1483660800
330 1122 1485043200
330 955 1487635200
330 950 1493942400
330 1040 1501804800
330 39 1501891200
330 664 1502064000
330 335 1502064000
330 311 1504310400
330 1124 1505260800
330 270 1507766400
330 964 1509408000
330 1123 1526342400
331 1050 1371686400
331 1089 1400025600
331 1129 1400025600
331 1044 1400025600
331 349 1402099200
331 353 1402099200
331 929 1414800000
331 929 1414800000
331 1127 1414800000
331 1126 1415923200
331 1126 1415923200
331 1125 1423440000
331 1131 1431216000
331 314 1439164800
331 1130 1457654400
331 1132 1468454400
331 997 1468972800
331 309 1469232000
331 335 1498608000
331 913 1498608000
331 911 1498780800
331 39 1498780800
331 1102 1498780800
331 311 1499644800
331 664 1501977600
331 83 1503446400
331 894 1504915200
331 667 1518739200
331 1128 1526688000
332 358 1445558400
332 298 1447977600
332 312 1447977600
332 930 1449446400
332 317 1449532800
332 1134 1449619200
332 1136 1449878400
332 942 1450137600
332 1141 1450742400
332 366 1458000000
332 277 1459123200
332 1135 1466985600
332 1031 1467763200
332 532 1467936000
332 375 1468972800
332 368 1469232000
332 307 1471564800
332 1101 1474502400
332 1137 1474848000
332 1140 1476921600
332 341 1483056000
332 1139 1488326400
332 1133 1494633600
332 1133 1494633600
332 335 1501372800
332 664 1501977600
332 226 1502150400
332 672 1504656000
332 1097 1526601600
332 1138 1527811200
333 338 1478736000
333 269 1478736000
333 1142 1482969600
333 311 1498608000
333 664 1501891200
333 39 1501891200
333 1145 1507939200
333 262 1508025600
333 1143 1522281600
333 1143 1522281600
333 1144 1529366400
334 1051 1411862400
334 1148 1411862400
334 806 1427241600
334 681 1441065600
334 681 1441065600
334 308 1443139200
334 73 1445212800
334 229 1446422400
334 1146 1447718400
334 939 1457049600
334 367 1457568000
334 177 1457740800
334 1149 1458345600
334 1147 1459555200
334 269 1479081600
334 664 1501804800
334 311 1501804800
334 1063 1507766400
335 1150 1424217600
335 247 1430179200
335 1037 1483660800
335 979 1483660800
335 824 1498089600
335 1151 1499212800
335 226 1500595200
335 335 1500595200
335 664 1501632000
335 39 1501632000
335 311 1501632000
335 1057 1511913600
335 911 1514419200
335 1115 1514505600
335 668 1523923200
336 333 1390435200
336 1155 1396310400
336 1005 1400457600
336 1161 1409529600
336 263 1411948800
336 1153 1415059200
336 1158 1417651200
336 1157 1418688000
336 345 1418774400
336 1159 1420761600
336 1160 1421280000
336 290 1431129600
336 1168 1434326400
336 923 1439424000
336 361 1441065600
336 314 1444176000
336 315 1444780800
336 304 1445385600
336 358 1445731200
336 1054 1445731200
336 1154 1446336000
336 930 1447200000
336 317 1447459200
336 312 1448150400
336 298 1448323200
336 137 1449446400
336 943 1449619200
336 1141 1450051200
336 321 1451779200
336 1152 1451865600
336 1165 1453507200
336 1156 1464739200
336 371 1469404800
336 370 1470787200
336 309 1472083200
336 1012 1474070400
336 27 1474502400
336 1106 1479340800
336 1163 1479772800
336 1169 1480118400
336 1023 1481673600
336 325 1481760000
336 1162 1483056000
336 1164 1485129600
336 1008 1485561600
336 243 1489104000
336 1100 1491091200
336 1058 1493942400
336 311 1499558400
336 311 1499558400
336 311 1499644800
336 311 1500336000
336 1167 1500336000
336 335 1500768000
336 335 1500854400
336 39 1500940800
336 39 1501027200
336 39 1501113600
336 39 1501113600
336 226 1501372800
336 664 1501545600
336 251 1502668800
336 894 1505520000
336 964 1506297600
336 1166 1531958400
337 339 1392940800
337 339 1392940800
337 1081 1416873600
337 1172 1431475200
337 201 1437696000
337 1154 1442793600
337 1173 1450310400
337 1170 1453334400
337 914 1458086400
337 1171 1472688000
337 664 1501286400
338 892 1391817600
338 892 1391817600
338 1150 1423958400
338 308 1443657600
338 1174 1457395200
338 1175 1485993600
338 664 1501286400
339 1176 1434672000
339 309 1469404800
339 1106 1477958400
339 1003 1482192000
339 1034 1488326400
339 933 1490659200
339 1062 1490659200
339 90 1494979200
339 91 1494979200
339 980 1495411200
339 664 1501286400
339 39 1501286400
339 248 1501286400
339 944 1508284800
339 977 1512604800
339 1177 1517961600
339 984 1528761600
340 66 1415836800
340 65 1417824000
340 304 1445299200
340 1180 1445904000
340 1179 1446422400
340 1183 1466640000
340 255 1468972800
340 1104 1473033600
340 137 1487808000
340 917 1488240000
340 1178 1491523200
340 1091 1492473600
340 1100 1494028800
340 302 1497571200
340 1181 1499904000
340 1058 1500336000
340 664 1501286400
340 335 1516838400
340 900 1517875200
340 1182 1525651200
340 667 1525910400
341 1050 1370908800
341 1067 1371600000
341 1184 1375315200
341 256 1391385600
341 372 1399507200
341 1046 1403568000
341 941 1412380800
341 1185 1412812800
341 66 1415577600
341 806 1415577600
341 284 1424304000
341 951 1432080000
341 77 1442793600
341 299 1445472000
341 1179 1445990400
341 551 1453680000
341 1187 1463356800
341 257 1467158400
341 271 1467936000
341 1008 1482796800
341 1113 1486080000
341 664 1501286400
341 226 1501286400
341 39 1501286400
341 335 1501286400
341 1181 1501286400
341 1186 1511913600
341 936 1516147200
341 937 1527984000
342 896 1477353600
342 338 1480636800
342 1003 1484611200
342 664 1501027200
342 39 1501372800
342 311 1501372800
342 226 1502064000
343 1129 1399507200
343 349 1402358400
343 353 1402358400
343 1192 1406246400
343 66 1414972800
343 1190 1415145600
343 1160 1421107200
343 1189 1422921600
343 960 1423699200
343 202 1436313600
343 315 1443225600
343 304 1443744000
343 825 1446681600
343 312 1447027200
343 298 1447200000
343 952 1448236800
343 914 1458000000
343 563 1458691200
343 1017 1458864000
343 366 1460592000
343 485 1460764800
343 1033 1461456000
343 934 1466380800
343 271 1468108800
343 369 1468368000
343 371 1469836800
343 1188 1475712000
343 1163 1477699200
343 1064 1479168000
343 955 1486339200
343 1164 1486512000
343 302 1488672000
343 998 1489276800
343 1191 1493856000
343 664 1501027200
343 39 1501286400
343 226 1501459200
343 335 1501459200
343 311 1502150400
343 672 1505001600
344 1154 1442448000
344 358 1445904000
344 1193 1446249600
344 942 1447027200
344 996 1474675200
344 325 1475625600
344 788 1486598400
344 664 1501027200
344 664 1501027200
344 664 1501027200
344 1048 1533254400
345 295 1444780800
345 894 1446595200
345 1028 1447891200
345 1196 1447891200
345 1080 1457827200
345 1101 1472947200
345 1164 1485648000
345 1195 1488672000
345 335 1499040000
345 664 1500940800
345 1194 1522627200
345 1048 1531526400
345 1076 1533254400
346 296 1414886400
346 1190 1415145600
346 336 1415836800
346 1158 1416009600
346 922 1418860800
346 969 1443571200
346 304 1444176000
346 358 1444953600
346 140 1446249600
346 312 1446854400
346 298 1448323200
346 1198 1457049600
346 1199 1458172800
346 351 1467504000
346 309 1469232000
346 1110 1473638400
346 1110 1473638400
346 1064 1478736000
346 243 1488931200
346 1034 1490659200
346 1027 1492560000
346 1151 1493251200
346 1197 1500595200
346 39 1500768000
346 664 1500854400
346 335 1501027200
346 311 1501545600
346 316 1502582400
346 335 1503100800
346 911 1503187200
346 226 1504828800
346 936 1516320000
346 937 1524355200
346 668 1525737600
347 226 1411776000
347 1114 1414800000
347 966 1415404800
347 1201 1415923200
347 1200 1423785600
347 1203 1433030400
347 219 1438128000
347 220 1438128000
347 299 1445299200
347 551 1453507200
347 939 1456272000
347 1206 1458086400
347 240 1465257600
347 245 1465430400
347 351 1466899200
347 826 1467244800
347 895 1467504000
347 255 1468540800
347 991 1473120000
347 991 1473120000
347 1202 1474156800
347 1205 1474675200
347 1070 1479081600
347 1204 1488585600
347 970 1489449600
347 911 1498780800
347 39 1498780800
347 311 1499472000
347 1102 1499817600
347 664 1500854400
347 335 1501200000
347 912 1501632000
347 912 1501632000
347 279 1510444800
347 1143 1522886400
347 22 1524787200
347 1094 1525478400
348 372 1400284800
348 63 1400284800
348 1207 1448323200
348 1209 1452643200
348 280 1460073600
348 669 1470787200
348 1208 1477958400
348 664 1500854400
348 668 1523664000
349 1211 1363910400
349 1210 1369958400
349 372 1398988800
349 1190 1415664000
349 45 1445472000
349 299 1445644800
349 1017 1458604800
349 351 1467849600
349 371 1470096000
349 1012 1471996800
349 344 1473638400
349 344 1473638400
349 398 1474416000
349 398 1474416000
349 1167 1497916800
349 226 1498435200
349 39 1498435200
349 311 1498435200
349 664 1500854400
349 894 1506470400
349 1212 1522713600
349 1213 1523750400
350 1214 1476403200
350 1195 1491609600
350 664 1500681600
350 912 1502496000
350 912 1502496000
350 672 1504310400
351 1217 1395705600
351 215 1399766400
351 395 1402099200
351 806 1415318400
351 1220 1415491200
351 967 1427068800
351 1222 1437264000
351 361 1438473600
351 1218 1443398400
351 1228 1443657600
351 969 1444780800
351 1219 1445040000
351 1098 1445558400
351 1111 1445644800
351 1179 1445731200
351 137 1446076800
351 67 1446163200
351 512 1446249600
351 1098 1446768000
351 903 1448496000
351 769 1449014400
351 1223 1450051200
351 1078 1453334400
351 1170 1453507200
351 939 1456358400
351 367 1458000000
351 1083 1461024000
351 485 1461110400
351 297 1467936000
351 270 1468281600
351 255 1468454400
351 270 1468454400
351 271 1468454400
351 1225 1468540800
351 370 1469836800
351 1221 1471132800
351 276 1473724800
351 577 1482192000
351 1008 1483056000
351 1227 1483401600
351 1003 1484006400
351 1216 1484092800
351 1079 1484179200
351 1037 1484265600
351 322 1485734400
351 788 1485993600
351 899 1487376000
351 171 1488585600
351 690 1489276800
351 1226 1489276800
351 824 1489968000
351 1215 1490486400
351 302 1491004800
351 998 1491350400
351 1195 1491609600
351 313 1491696000
351 1077 1493510400
351 1058 1494547200
351 299 1495497600
351 1224 1495497600
351 664 1498003200
351 226 1498608000
351 664 1499558400
351 39 1500508800
351 664 1500595200
351 753 1504310400
351 963 1533686400
352 892 1392681600
352 892 1392681600
352 1085 1392681600
352 1092 1392681600
352 1043 1403049600
352 897 1431129600
352 1230 1431129600
352 1196 1447632000
352 1101 1472947200
352 1045 1488412800
352 911 1497484800
352 311 1497571200
352 913 1499472000
352 311 1500163200
352 664 1500508800
352 316 1503446400
352 1229 1506816000
352 1231 1506816000
352 226 1507334400
352 39 1507334400
352 1232 1529107200
352 1144 1531612800
353 335 1497744000
353 664 1499644800
353 664 1500508800
353 39 1500508800
353 39 1500508800
353 226 1501286400
353 311 1503878400
353 1115 1519948800
354 1233 1373155200
354 1234 1381968000
354 976 1390953600
354 1236 1392422400
354 1235 1414540800
354 1235 1414540800
354 1237 1414540800
354 1238 1414540800
354 1241 1438387200
354 79 1438387200
354 1240 1446163200
354 903 1447200000
354 896 1458950400
354 1110 1473984000
354 1239 1486771200
354 1058 1497225600
354 664 1500508800
354 1048 1533081600
355 367 1458259200
355 1187 1464134400
355 1226 1486771200
355 998 1489017600
355 1242 1494288000
355 664 1500336000
355 964 1507852800
356 80 1493164800
356 1243 1497312000
356 664 1499990400
356 664 1500336000
356 664 1500336000
356 226 1500336000
356 335 1500508800
356 1087 1514937600
357 1064 1481673600
357 338 1482796800
357 902 1490313600
357 957 1491782400
357 1062 1493164800
357 1077 1495584000
357 955 1496620800
357 243 1498694400
357 226 1499817600
357 311 1499817600
357 664 1499904000
357 335 1499904000
357 664 1500336000
357 311 1500336000
357 84 1513555200
357 901 1515456000
357 984 1518048000
357 953 1534464000
358 1184 1373932800
358 258 1390608000
358 908 1392595200
358 339 1392595200
358 339 1392595200
358 988 1397692800
358 372 1400976000
358 1005 1403049600
358 1244 1418169600
358 1159 1420934400
358 931 1423440000
358 715 1482278400
358 968 1489968000
358 1229 1490918400
358 1231 1490918400
358 1036 1491868800
358 824 1496620800
358 226 1499558400
358 911 1500249600
358 911 1500249600
358 664 1500336000
358 335 1507680000
358 944 1510358400
358 668 1528156800
359 352 1401235200
359 263 1407715200
359 173 1413417600
359 1247 1414627200
359 806 1415232000
359 1117 1429833600
359 1074 1447977600
359 498 1449878400
359 1080 1457654400
359 1049 1465084800
359 1183 1466380800
359 542 1467763200
359 271 1468627200
359 1020 1468627200
359 1023 1473206400
359 916 1480204800
359 957 1484611200
359 1175 1485216000
359 1246 1488412800
359 899 1490659200
359 1178 1490745600
359 311 1498003200
359 664 1500249600
359 664 1500249600
359 664 1500249600
359 1245 1500249600
359 226 1500249600
359 1197 1507852800
360 355 1414800000
360 1220 1415404800
360 254 1416182400
360 1118 1416182400
360 1160 1423008000
360 284 1425427200
360 291 1431993600
360 343 1443225600
360 1218 1443484800
360 1248 1447459200
360 388 1452643200
360 1033 1458432000
360 1249 1458864000
360 373 1466640000
360 1135 1467590400
360 1140 1472860800
360 1226 1486339200
360 1113 1486944000
360 1100 1492300800
360 664 1500249600
360 911 1500249600
360 39 1500249600
360 270 1504483200
360 667 1519084800
361 1126 1415404800
361 1126 1415404800
361 319 1445904000
361 285 1448582400
361 664 1500076800
361 174 1531008000
362 194 1377561600
362 256 1393718400
362 345 1416441600
362 920 1417824000
362 922 1418515200
362 304 1443916800
362 1154 1444262400
362 298 1446854400
362 312 1446854400
362 299 1448150400
362 930 1448150400
362 137 1448323200
362 894 1448323200
362 769 1449792000
362 1156 1462579200
362 1183 1466208000
362 826 1467504000
362 369 1467936000
362 344 1473984000
362 344 1473984000
362 325 1474934400
362 270 1478390400
362 169 1482624000
362 1250 1484697600
362 788 1487203200
362 302 1489104000
362 1215 1489622400
362 998 1490313600
362 311 1498608000
362 335 1498694400
362 664 1500076800
362 39 1500336000
362 1040 1502236800
362 1128 1527638400
363 1251 1392854400
363 1252 1392854400
363 329 1392854400
363 1069 1418860800
363 1255 1440547200
363 991 1474243200
363 991 1474243200
363 172 1486252800
363 998 1488844800
363 1229 1490659200
363 1231 1490659200
363 1100 1493251200
363 1243 1497398400
363 311 1498435200
363 1253 1498953600
363 171 1498953600
363 39 1499385600
363 664 1500076800
363 39 1500076800
363 335 1500076800
363 311 1500076800
363 1040 1500595200
363 226 1501027200
363 83 1503360000
363 1254 1503619200
363 936 1521331200
363 782 1524873600
364 1127 1414454400
364 78 1477526400
364 917 1485388800
364 1091 1487548800
364 71 1488240000
364 664 1497571200
364 39 1497571200
364 664 1499990400
364 39 1499990400
364 39 1499990400
364 1040 1499990400
364 251 1501977600
364 1257 1503705600
364 1256 1508889600
364 668 1523491200
365 1258 1445644800
365 299 1447804800
365 664 1499990400
365 664 1499990400
365 226 1499990400
365 226 1499990400
365 335 1499990400
365 311 1499990400
365 1259 1528934400
365 340 1532649600
365 1260 1535328000
366 1261 1479340800
366 1077 1493596800
366 664 1498953600
366 311 1499299200
366 664 1499385600
366 311 1499644800
366 664 1499731200
366 664 1499817600
366 39 1499817600
366 664 1499990400
366 1257 1503619200
367 1157 1418515200
367 1262 1423872000
367 105 1426723200
367 1263 1441843200
367 229 1445126400
367 304 1445472000
367 334 1446940800
367 1187 1463702400
367 371 1469750400
367 1226 1485907200
367 955 1486857600
367 1100 1491868800
367 320 1492128000
367 551 1496102400
367 664 1499904000
367 39 1499904000
367 226 1501459200
367 1008 1506038400
367 1143 1523836800
367 1029 1525305600
367 342 1526256000
367 953 1536105600
368 664 1498003200
368 39 1498003200
368 664 1498608000
368 39 1498608000
368 335 1498608000
368 311 1498867200
368 664 1499904000
368 1145 1502064000
368 944 1505520000
368 977 1511481600
368 1115 1513900800
368 900 1515542400
368 246 1526256000
369 949 1371600000
369 1265 1374883200
369 1267 1420416000
369 200 1423008000
369 1266 1432684800
369 361 1440288000
369 1268 1442188800
369 314 1444176000
369 315 1444435200
369 1258 1445558400
369 358 1445817600
369 1054 1445817600
369 305 1447891200
369 298 1448064000
369 312 1448064000
369 261 1448928000
369 137 1449273600
369 1264 1449273600
369 266 1457568000
369 1199 1458259200
369 309 1471305600
369 1024 1483920000
369 619 1486339200
369 664 1499817600
369 983 1503619200
370 1249 1460246400
370 270 1468454400
370 1269 1480291200
370 664 1499731200
370 226 1500595200
370 1177 1518134400
370 1270 1525910400
371 637 1204502400
371 347 1442966400
371 932 1453334400
371 309 1471564800
371 337 1475020800
371 916 1480291200
371 1045 1487030400
371 1242 1489536000
371 917 1492992000
371 39 1499299200
371 39 1499299200
371 664 1499731200
371 664 1499731200
371 1224 1501200000
371 1056 1504224000
371 270 1505606400
371 84 1511740800
372 345 1416355200
372 893 1457568000
372 954 1458000000
372 265 1459814400
372 1163 1476921600
372 1093 1478822400
372 341 1482710400
372 902 1483228800
372 1226 1485216000
372 946 1487548800
372 320 1490054400
372 1100 1491350400
372 303 1493337600
372 824 1494979200
372 226 1497571200
372 39 1497571200
372 226 1497916800
372 664 1499644800
372 39 1499644800
372 1181 1499644800
372 1056 1501372800
372 1087 1509062400
372 279 1509235200
372 900 1511136000
372 900 1511136000
372 342 1524441600
372 33 1527033600
373 972 1420502400
373 39 1498435200
373 664 1499644800
373 335 1501113600
373 1254 1505260800
374 1271 1394496000
374 201 1434931200
374 1273 1441843200
374 1272 1458259200
374 1093 1478563200
374 1119 1479340800
374 916 1480377600
374 577 1481500800
374 619 1489363200
374 664 1499558400
374 664 1499644800
374 1092 1521244800
375 1242 1230768000
375 105 1352937600
375 289 1431216000
375 1274 1436918400
375 343 1441497600
375 45 1445904000
375 243 1485475200
375 955 1486684800
375 1178 1490054400
375 311 1499212800
375 664 1499558400
375 664 1499644800
375 1213 1523232000
375 272 1523750400
375 1048 1529366400
376 976 1392076800
376 534 1402272000
376 292 1428796800
376 825 1445731200
376 508 1449446400
376 896 1457913600
376 1199 1458691200
376 895 1467590400
376 27 1475452800
376 1208 1475452800
376 269 1479686400
376 796 1483488000
376 1139 1486080000
376 1091 1488326400
376 311 1498348800
376 664 1499558400
376 911 1500422400
376 251 1502496000
376 1124 1503446400
376 985 1504396800
376 963 1518912000
376 749 1520208000
376 1094 1525219200
377 1280 1398729600
377 122 1400803200
377 352 1400803200
377 1276 1415491200
377 918 1430179200
377 201 1434240000
377 77 1443830400
377 69 1445126400
377 932 1453334400
377 1277 1456790400
377 1052 1458950400
377 375 1470182400
377 1038 1477526400
377 270 1478217600
377 338 1479254400
377 269 1480118400
377 1275 1481328000
377 1278 1488931200
377 1195 1490572800
377 80 1490572800
377 1279 1492819200
377 911 1498953600
377 913 1498953600
377 39 1499126400
377 39 1499126400
377 664 1499558400
377 664 1499558400
377 335 1499558400
377 335 1499558400
377 335 1499558400
377 311 1499558400
377 311 1499558400
377 311 1499558400
377 986 1512864000
377 938 1515283200
377 668 1524873600
378 1129 1399334400
378 1281 1430611200
378 77 1443916800
378 311 1497225600
378 39 1497744000
378 664 1499558400
379 526 1395014400
379 526 1395014400
379 1235 1415664000
379 1235 1415664000
379 806 1416355200
379 1283 1419897600
379 1131 1430179200
379 226 1498089600
379 1282 1498089600
379 39 1498089600
379 311 1498089600
379 664 1499558400
379 242 1523491200
379 175 1523491200
380 1085 1389916800
380 352 1399507200
380 346 1406764800
380 1276 1415059200
380 1125 1423612800
380 897 1430524800
380 1273 1442188800
380 69 1444867200
380 260 1446076800
380 939 1456358400
380 1284 1457654400
380 1031 1467158400
380 371 1469404800
380 1162 1473724800
380 1106 1473984000
380 337 1474848000
380 325 1475280000
380 1139 1486944000
380 1204 1490227200
380 39 1498435200
380 664 1499385600
380 664 1499558400
380 39 1499558400
381 907 1491436800
381 1077 1492819200
381 911 1498003200
381 664 1499126400
381 226 1499126400
381 335 1499126400
381 664 1499299200
381 664 1499299200
381 664 1499472000
381 912 1499472000
381 912 1499472000
381 242 1524441600
382 105 1358726400
382 339 1391040000
382 339 1391040000
382 352 1402444800
382 1046 1404259200
382 1073 1444176000
382 1284 1457481600
382 1070 1478649600
382 1079 1482883200
382 1242 1489017600
382 1285 1493078400
382 1285 1493078400
382 1282 1497398400
382 335 1497744000
382 664 1498262400
382 39 1498262400
382 664 1499385600
382 1124 1503100800
382 84 1526515200
383 1069 1419897600
383 1286 1424131200
383 229 1445904000
383 1287 1458000000
383 1014 1461110400
383 1049 1467590400
383 1107 1485388800
383 302 1493078400
383 664 1499385600
383 664 1499385600
383 226 1499385600
383 900 1517529600
383 84 1522195200
383 272 1526688000
383 1288 1530835200
384 1153 1414800000
384 356 1432252800
384 343 1443312000
384 1083 1460332800
384 226 1498262400
384 664 1498521600
384 664 1499385600
384 39 1500163200
384 39 1500681600
384 901 1513555200
384 938 1526169600
385 76 1416960000
385 981 1429833600
385 1134 1449273600
385 307 1471737600
385 341 1484524800
385 968 1493337600
385 664 1499385600
385 311 1499385600
385 1102 1499385600
386 919 1410393600
386 1081 1415923200
386 1289 1445385600
386 825 1446336000
386 322 1485907200
386 664 1499385600
386 226 1499385600
386 226 1499385600
386 39 1505606400
386 1040 1505606400
386 1290 1524441600
386 796 1524441600
386 1048 1536710400
387 1161 1408406400
387 995 1444953600
387 315 1444953600
387 930 1445299200
387 304 1445385600
387 824 1445644800
387 358 1445731200
387 137 1449100800
387 1038 1477612800
387 1226 1488931200
387 899 1488931200
387 1224 1491350400
387 950 1494028800
387 1191 1494115200
387 664 1498953600
387 226 1499212800
387 664 1499385600
387 311 1499385600
387 311 1499385600
387 985 1504396800
388 332 1399248000
388 66 1414713600
388 197 1421107200
388 918 1429833600
388 1292 1444608000
388 943 1445126400
388 1291 1456358400
388 81 1460851200
388 368 1469145600
388 1023 1476403200
388 664 1499299200
388 1293 1521504000
389 1185 1412812800
389 1295 1430438400
389 1121 1434326400
389 512 1445731200
389 1206 1458604800
389 1294 1459555200
389 1039 1474243200
389 896 1477872000
389 1034 1493164800
389 664 1499299200
389 899 1507766400
389 1115 1513728000
389 1296 1516320000
389 668 1523836800
390 855 1404000000
390 998 1489104000
390 335 1497830400
390 943 1498780800
390 664 1499299200
390 39 1499299200
390 1144 1532822400
391 1044 1400457600
391 244 1430092800
391 291 1431475200
391 563 1459814400
391 998 1489622400
391 1077 1495670400
391 664 1498694400
391 664 1499299200
391 39 1499990400
391 311 1500854400
391 326 1503619200
391 1138 1527897600
391 1297 1527897600
392 983 1493337600
392 1243 1495584000
392 39 1499212800
392 664 1499299200
392 664 1499299200
392 39 1499299200
393 1299 1475712000
393 1009 1481414400
393 171 1485648000
393 1298 1486425600
393 1298 1486425600
393 243 1486425600
393 1215 1488672000
393 1151 1492905600
393 1077 1494028800
393 664 1498435200
393 1181 1498435200
393 664 1499212800
393 1300 1502582400
393 938 1510963200
393 911 1512864000
393 282 1519084800
393 340 1529539200
394 981 1430092800
394 290 1431043200
394 1061 1444089600
394 358 1445212800
394 298 1447891200
394 1152 1451347200
394 1301 1458000000
394 1147 1458950400
394 1162 1473206400
394 1023 1473292800
394 1140 1473724800
394 1250 1484697600
394 1036 1490745600
394 982 1492819200
394 664 1497916800
394 664 1498435200
394 226 1498608000
394 664 1499212800
394 39 1499212800
394 944 1501632000
394 83 1503532800
394 239 1525564800
395 1089 1400112000
395 1302 1415577600
395 1117 1430697600
395 1303 1450828800
395 1033 1458000000
395 1149 1458518400
395 1304 1460678400
395 1162 1473206400
395 664 1499212800
395 664 1499212800
395 1040 1499212800
395 947 1518048000
395 1305 1518480000
395 953 1534896000
396 275 1397692800
396 1190 1414713600
396 1126 1416528000
396 1126 1416528000
396 1201 1416528000
396 283 1429920000
396 551 1453680000
396 320 1492560000
396 664 1499212800
396 1056 1501372800
396 22 1524614400
397 105 1331683200
397 1306 1337126400
397 194 1377648000
397 908 1390608000
397 1307 1393977600
397 75 1407542400
397 1069 1418688000
397 197 1420243200
397 951 1430006400
397 1303 1448755200
397 1170 1453593600
397 1311 1458604800
397 563 1459468800
397 1309 1459900800
397 1156 1461369600
397 1183 1465862400
397 1112 1466467200
397 1310 1468281600
397 1019 1469059200
397 1308 1469664000
397 370 1470009600
397 347 1475625600
397 1178 1489104000
397 1058 1495065600
397 1151 1495843200
397 39 1498867200
397 664 1499126400
397 986 1512086400
397 1095 1526774400
398 681 1440288000
398 681 1440288000
398 1228 1442620800
398 1314 1446681600
398 769 1449619200
398 1312 1457654400
398 1312 1457654400
398 1156 1460505600
398 1183 1465862400
398 351 1467072000
398 371 1469491200
398 551 1477094400
398 1003 1481932800
398 957 1483056000
398 1175 1484870400
398 322 1485302400
398 998 1488499200
398 1178 1489622400
398 313 1490313600
398 1027 1491350400
398 1036 1491609600
398 1191 1492041600
398 664 1499126400
398 1313 1512864000
398 1315 1526601600
399 1005 1399334400
399 81 1460246400
399 664 1499126400
399 39 1499126400
399 39 1499126400
399 1316 1525392000
400 1320 1248307200
400 1318 1249084800
400 770 1252454400
400 770 1252454400
400 1321 1313193600
400 618 1314835200
400 398 1338595200
400 398 1338595200
400 607 1343952000
400 1323 1345248000
400 1317 1353628800
400 194 1377561600
400 1322 1378080000
400 258 1390953600
400 339 1391212800
400 339 1391212800
400 1129 1398902400
400 349 1401148800
400 353 1401148800
400 1319 1403654400
400 1325 1406160000
400 921 1414713600
400 1247 1414800000
400 1201 1415923200
400 98 1419120000
400 1267 1420761600
400 566 1424476800
400 1326 1426896000
400 1266 1432944000
400 681 1440288000
400 681 1440288000
400 1053 1440374400
400 360 1443139200
400 1219 1445385600
400 137 1445472000
400 942 1445904000
400 1111 1446595200
400 769 1449532800
400 939 1455667200
400 1149 1457913600
400 914 1458000000
400 367 1458086400
400 1080 1458259200
400 1147 1458345600
400 944 1460332800
400 826 1467331200
400 542 1468022400
400 532 1468022400
400 307 1469232000
400 371 1469577600
400 974 1472688000
400 974 1472688000
400 1110 1473465600
400 1110 1473465600
400 267 1476489600
400 78 1477008000
400 1038 1477526400
400 252 1479254400
400 1009 1482019200
400 1216 1482192000
400 169 1482883200
400 1037 1483142400
400 1079 1485648000
400 979 1485734400
400 1298 1486080000
400 1298 1486080000
400 1139 1486512000
400 1239 1486857600
400 946 1487030400
400 1215 1489190400
400 1036 1490918400
400 1027 1491091200
400 90 1491436800
400 1100 1491609600
400 1191 1491955200
400 1077 1492732800
400 302 1492732800
400 664 1497657600
400 664 1499126400
400 311 1499126400
400 311 1499299200
400 311 1499644800
400 1056 1502841600
400 1254 1502928000
400 909 1503792000
400 270 1504051200
400 1087 1509494400
400 1194 1523059200
400 1324 1523059200
400 668 1523664000
400 1096 1524700800
400 937 1525651200
400 1315 1526688000
400 1116 1528934400
400 340 1530748800
401 1125 1424044800
401 1130 1459468800
401 957 1484870400
401 311 1498089600
401 664 1499126400
401 1071 1507075200
401 1232 1529971200
402 528 1393113600
402 122 1402185600
402 973 1402185600
402 349 1403308800
402 353 1403308800
402 199 1415491200
402 274 1419292800
402 1198 1458518400
402 914 1460246400
402 670 1464912000
402 664 1499126400
402 311 1499126400
402 264 1499126400
402 1115 1514592000
403 1328 1469059200
403 1329 1469059200
403 999 1474243200
403 1175 1484352000
403 1327 1484611200
403 1034 1487030400
403 71 1488499200
403 998 1488758400
403 1036 1491091200
403 1100 1491523200
403 907 1491523200
403 950 1491868800
403 226 1497830400
403 1197 1497830400
403 39 1497830400
403 1008 1497830400
403 311 1498435200
403 1181 1498435200
403 664 1498608000
403 664 1498608000
403 226 1498608000
403 664 1499126400
403 248 1503792000
404 664 1499126400
404 1331 1503705600
404 1330 1523145600
404 1128 1525651200
404 1259 1525910400
405 171 1486598400
405 1034 1487203200
405 1037 1488499200
405 1246 1489449600
405 1282 1497398400
405 226 1498694400
405 335 1498867200
405 664 1499040000
405 39 1499385600
405 1333 1502409600
405 911 1512691200
405 1115 1512691200
405 1332 1516060800
405 1097 1526169600
405 340 1531872000
406 63 1398988800
406 1044 1398988800
406 664 1499040000
406 335 1499040000
406 1334 1502496000
407 1337 1407542400
407 263 1409961600
407 921 1415404800
407 1150 1424304000
407 281 1430092800
407 278 1430611200
407 1136 1445644800
407 508 1448409600
407 330 1452902400
407 1335 1455321600
407 974 1472947200
407 974 1472947200
407 1188 1474675200
407 959 1475712000
407 299 1477094400
407 1175 1484006400
407 998 1488499200
407 243 1488499200
407 907 1491523200
407 1077 1492819200
407 943 1496620800
407 664 1499040000
407 664 1499040000
407 911 1499040000
407 911 1499040000
407 911 1499040000
407 226 1499040000
407 39 1499040000
407 335 1499040000
407 335 1499040000
407 311 1499040000
407 311 1499040000
407 913 1499040000
407 1336 1502582400
407 668 1524009600
407 1338 1524009600
407 782 1524787200
407 1138 1526688000
408 1340 1446076800
408 1341 1446076800
408 1343 1447891200
408 1344 1447891200
408 1339 1459209600
408 1342 1459209600
408 1345 1459209600
408 1346 1459209600
408 1347 1459209600
408 1008 1481760000
408 902 1483056000
408 1242 1488153600
408 1246 1488153600
408 998 1488153600
408 243 1488153600
408 619 1488153600
408 90 1491609600
408 91 1491609600
408 1077 1492473600
408 1285 1493251200
408 1285 1493251200
408 980 1493510400
408 299 1494374400
408 335 1497744000
408 943 1498089600
408 664 1498262400
408 39 1498262400
408 664 1498521600
408 311 1498521600
408 912 1498608000
408 912 1498608000
408 664 1498867200
408 664 1498867200
408 664 1498867200
408 39 1498867200
408 664 1499040000
408 664 1499040000
408 894 1506124800
408 1087 1510185600
408 900 1510963200
408 900 1510963200
408 667 1518134400
408 1143 1522022400
408 1143 1522022400
408 1330 1523664000
408 239 1523750400
408 551 1523750400
408 1123 1523750400
408 1048 1531267200
408 953 1533513600
409 1350 1332460800
409 1351 1338336000
409 728 1356998400
409 7 1387756800
409 526 1394323200
409 526 1394323200
409 74 1407542400
409 75 1407974400
409 92 1422921600
409 956 1422921600
409 967 1427068800
409 1354 1429833600
409 1131 1433548800
409 59 1437177600
409 79 1438128000
409 1255 1438128000
409 1241 1439251200
409 1054 1441929600
409 305 1443225600
409 69 1444780800
409 1353 1445299200
409 825 1445299200
409 312 1445472000
409 1349 1445817600
409 1335 1445904000
409 1352 1445904000
409 137 1446422400
409 930 1446508800
409 508 1448668800
409 1348 1455062400
409 1291 1455408000
409 367 1458086400
409 148 1458691200
409 1014 1461196800
409 1355 1463702400
409 1055 1464134400
409 373 1466812800
409 309 1468800000
409 1140 1473292800
409 1188 1473638400
409 270 1477440000
409 1356 1477958400
409 1009 1480723200
409 1008 1481241600
409 1215 1488844800
409 980 1492905600
409 335 1498003200
409 311 1498089600
409 311 1498089600
409 664 1499040000
409 1145 1501977600
409 1300 1502064000
409 1333 1502755200
409 1257 1502928000
409 1257 1502928000
409 83 1503360000
410 1236 1390608000
410 1161 1408752000
410 197 1419984000
410 969 1444694400
410 1134 1445299200
410 1303 1447891200
410 148 1459987200
410 1012 1470355200
410 363 1471046400
410 270 1479081600
410 1261 1479513600
410 169 1482624000
410 1122 1482883200
410 917 1486425600
410 998 1489536000
410 980 1494201600
410 264 1497830400
410 664 1498176000
410 664 1498176000
410 664 1498176000
410 664 1498176000
410 39 1498176000
410 311 1498176000
410 912 1498348800
410 912 1498348800
410 911 1498780800
410 664 1498953600
410 226 1498953600
410 1293 1520294400
410 1144 1532995200
410 1048 1532995200
411 350 1403136000
411 1161 1408060800
411 998 1488585600
411 664 1497830400
411 664 1497830400
411 39 1497830400
411 311 1497830400
411 664 1498953600
411 664 1498953600
411 311 1499212800
411 1040 1499212800
411 551 1523923200
411 1315 1526601600
412 170 1457395200
412 1049 1464652800
412 337 1475193600
412 1122 1481760000
412 1062 1490745600
412 39 1498867200
412 664 1498953600
413 196 1402531200
413 966 1416182400
413 306 1444867200
413 1248 1446076800
413 512 1446249600
413 1033 1458172800
413 1014 1461196800
413 532 1468281600
413 270 1468972800
413 1038 1477699200
413 338 1478995200
413 1250 1484956800
413 1060 1487894400
413 998 1490486400
413 1197 1498867200
413 664 1498953600
413 912 1500076800
413 912 1500076800
413 326 1502582400
413 84 1510531200
413 668 1525824000
413 1144 1534982400
414 1358 1415318400
414 76 1415750400
414 1160 1420416000
414 1267 1420588800
414 1286 1422921600
414 292 1428451200
414 1072 1445040000
414 334 1445472000
414 299 1445990400
414 1179 1446681600
414 769 1448668800
414 1130 1457395200
414 1052 1457913600
414 1357 1460937600
414 1309 1461110400
414 1031 1467158400
414 1047 1467763200
414 325 1474588800
414 269 1478563200
414 979 1479168000
414 1024 1483315200
414 243 1486252800
414 1229 1491177600
414 1231 1491177600
414 1151 1491782400
414 39 1498176000
414 39 1498608000
414 664 1498867200
414 248 1499126400
414 1124 1501718400
414 84 1510876800
414 1315 1512000000
414 1115 1512432000
414 1332 1515628800
415 1236 1393459200
415 63 1400112000
415 332 1400112000
415 1359 1415923200
415 1010 1415923200
415 1292 1445558400
415 1219 1445990400
415 1253 1485475200
415 243 1485475200
415 1226 1485475200
415 1045 1485561600
415 788 1485561600
415 243 1486080000
415 171 1486080000
415 1060 1486080000
415 1113 1486080000
415 619 1486425600
415 1164 1486425600
415 824 1486771200
415 917 1486944000
415 1298 1487289600
415 1298 1487289600
415 899 1487289600
415 1109 1487894400
415 1139 1487894400
415 955 1489190400
415 243 1489276800
415 1204 1490659200
415 1239 1491004800
415 950 1491523200
415 1167 1497830400
415 664 1498780800
415 911 1516924800
415 303 1516924800
415 1071 1528156800
416 803 1453075200
416 1038 1477440000
416 270 1477958400
416 979 1479427200
416 1298 1485648000
416 1298 1485648000
416 1226 1485648000
416 899 1486080000
416 1034 1487203200
416 1239 1487203200
416 86 1488844800
416 1062 1489881600
416 302 1493424000
416 299 1493769600
416 664 1498780800
416 911 1498780800
416 226 1498780800
416 39 1498780800
416 39 1498780800
416 311 1498780800
416 326 1502064000
416 1336 1502841600
417 1092 1390953600
417 892 1391472000
417 892 1391472000
417 1252 1392768000
417 1185 1414195200
417 336 1416441600
417 1160 1420675200
417 960 1422835200
417 290 1430870400
417 1360 1435881600
417 1248 1445299200
417 1082 1445299200
417 512 1446076800
417 299 1446854400
417 266 1458345600
417 1249 1459209600
417 265 1460160000
417 1014 1461110400
417 1135 1466467200
417 1112 1466985600
417 270 1467936000
417 270 1468022400
417 370 1469491200
417 270 1477353600
417 137 1484006400
417 1060 1485043200
417 1239 1485043200
417 950 1491004800
417 551 1495152000
417 335 1498003200
417 264 1498694400
417 664 1498780800
417 911 1498780800
417 1145 1502582400
417 1075 1508976000
417 1293 1519257600
417 1194 1522022400
417 668 1523836800
417 1048 1532217600
418 1067 1370995200
418 1236 1391299200
418 1361 1393200000
418 76 1415836800
418 310 1423612800
418 1140 1472947200
418 1188 1474848000
418 664 1498780800
418 1071 1502409600
418 1075 1507766400
419 1002 1422576000
419 1200 1422921600
419 200 1423612800
419 940 1430092800
419 219 1440115200
419 220 1440115200
419 347 1441584000
419 304 1445040000
419 358 1445126400
419 294 1445212800
419 1289 1446249600
419 1284 1457740800
419 970 1489881600
419 664 1498780800
419 1333 1508716800
419 953 1531785600
420 1362 1353801600
420 1311 1458604800
420 1309 1460937600
420 1156 1462406400
420 955 1485302400
420 664 1498694400
420 1315 1511740800
421 1363 1424908800
421 967 1425772800
421 664 1498089600
421 1253 1498089600
421 39 1498089600
421 39 1498089600
421 39 1498089600
421 335 1498089600
421 664 1498694400
421 313 1502236800
421 1077 1503273600
422 988 1397692800
422 349 1398297600
422 353 1398297600
422 1148 1404432000
422 1160 1421020800
422 681 1440201600
422 681 1440201600
422 512 1445558400
422 1078 1453507200
422 1309 1460160000
422 1183 1466035200
422 268 1467417600
422 271 1468281600
422 270 1468454400
422 370 1469318400
422 1038 1477180800
422 270 1477267200
422 551 1477612800
422 78 1478044800
422 577 1481155200
422 788 1485129600
422 299 1494547200
422 311 1497052800
422 913 1497052800
422 1282 1497657600
422 39 1497657600
422 912 1498521600
422 912 1498521600
422 664 1498694400
422 664 1498694400
422 33 1525910400
422 1097 1531267200
422 1144 1533859200
423 1043 1402963200
423 360 1443657600
423 1141 1450051200
423 1223 1451692800
423 664 1498694400
423 672 1505174400
424 1366 1257033600
424 1369 1285200000
424 1369 1285200000
424 497 1291420800
424 1084 1296950400
424 1367 1345766400
424 1382 1350000000
424 1372 1351209600
424 1368 1357430400
424 1368 1357430400
424 1084 1363132800
424 1367 1364428800
424 27 1366156800
424 836 1367971200
424 1371 1371859200
424 676 1383091200
424 1377 1386374400
424 1373 1387497600
424 1374 1390089600
424 976 1390089600
424 1370 1390608000
424 768 1393545600
424 1364 1396656000
424 1365 1396656000
424 409 1396656000
424 1043 1400284800
424 534 1403136000
424 350 1403136000
424 296 1414800000
424 1114 1414886400
424 921 1415318400
424 1153 1415491200
424 1332 1420329600
424 948 1423094400
424 665 1430092800
424 1172 1430784000
424 1380 1436572800
424 1381 1436572800
424 1268 1438819200
424 343 1442102400
424 305 1442880000
424 1072 1445731200
424 45 1445731200
424 67 1445990400
424 1179 1446768000
424 498 1449014400
424 1376 1449014400
424 551 1452902400
424 7 1456012800
424 563 1459209600
424 1083 1462406400
424 1379 1464566400
424 245 1464652800
424 1087 1465344000
424 240 1465516800
424 1112 1466812800
424 373 1466812800
424 542 1467244800
424 826 1467417600
424 1225 1467763200
424 1047 1468022400
424 297 1468022400
424 1105 1468022400
424 369 1468368000
424 1020 1468800000
424 997 1468972800
424 371 1469145600
424 363 1469318400
424 1375 1481932800
424 1037 1482192000
424 1216 1482451200
424 137 1483488000
424 1079 1483488000
424 1024 1483488000
424 341 1483488000
424 998 1488931200
424 1242 1490313600
424 1204 1490313600
424 946 1490572800
424 302 1496016000
424 664 1498694400
424 664 1498694400
424 226 1498694400
424 1282 1498694400
424 335 1498694400
424 1008 1498694400
424 1058 1498694400
424 1300 1502323200
424 1334 1502496000
424 326 1502496000
424 1257 1503619200
424 1257 1503619200
424 1256 1509753600
424 1378 1510876800
424 1075 1511568000
424 246 1528502400
424 1096 1528502400
424 33 1530835200
425 1247 1415664000
425 201 1436054400
425 67 1445299200
425 1134 1447632000
425 321 1451606400
425 1287 1457222400
425 1147 1458604800
425 1055 1464998400
425 268 1468022400
425 904 1473379200
425 1188 1475280000
425 252 1478822400
425 788 1486080000
425 998 1488499200
425 1037 1488672000
425 664 1498694400
425 311 1498953600
425 1333 1503532800
425 668 1525305600
426 1385 1234051200
426 1389 1238803200
426 59 1243814400
426 254 1243900800
426 90 1261872000
426 1384 1264377600
426 1242 1264377600
426 1383 1286323200
426 440 1300924800
426 1050 1304640000
426 256 1390953600
426 332 1399161600
426 346 1406332800
426 74 1407801600
426 75 1407801600
426 1185 1412812800
426 921 1414713600
426 806 1414800000
426 1358 1414972800
426 975 1415577600
426 1359 1415577600
426 306 1445299200
426 299 1445990400
426 1388 1446508800
426 1098 1447718400
426 939 1455926400
426 1386 1457740800
426 1156 1461456000
426 1132 1466208000
426 532 1467676800
426 1012 1469145600
426 363 1469404800
426 371 1469404800
426 1221 1470355200
426 1110 1473724800
426 1110 1473724800
426 974 1473897600
426 974 1473897600
426 252 1478390400
426 1387 1480464000
426 1216 1482192000
426 137 1483833600
426 1246 1488153600
426 980 1492905600
426 1245 1492992000
426 983 1492992000
426 1063 1493510400
426 824 1495929600
426 911 1497657600
426 335 1497657600
426 664 1498608000
426 944 1502064000
426 910 1506988800
426 1256 1508976000
426 1063 1509840000
426 1115 1512777600
426 667 1518480000
426 342 1525046400
426 1116 1526428800
427 244 1428451200
427 1179 1445299200
427 670 1464739200
427 270 1467676800
427 1390 1468195200
427 551 1477612800
427 896 1477699200
427 1356 1478476800
427 1107 1484179200
427 1298 1485388800
427 1298 1485388800
427 1037 1488412800
427 907 1491350400
427 1391 1491523200
427 311 1497916800
427 1102 1498176000
427 664 1498608000
427 672 1502841600
427 984 1518220800
428 193 1424476800
428 244 1429660800
428 321 1454284800
428 337 1475452800
428 664 1498608000
428 900 1512604800
428 900 1512604800
429 1392 1390348800
429 1392 1390348800
429 283 1430092800
429 1273 1442880000
429 1206 1458259200
429 1039 1473984000
429 303 1494201600
429 311 1498262400
429 311 1498262400
429 664 1498435200
429 226 1498435200
429 664 1498608000
429 664 1498608000
429 39 1499040000
429 39 1499558400
429 668 1525305600
429 340 1529539200
430 1251 1395100800
430 941 1412121600
430 921 1415232000
430 197 1421366400
430 1223 1448582400
430 1141 1449878400
430 1052 1459468800
430 368 1469318400
430 1140 1474502400
430 1215 1493942400
430 311 1498348800
430 664 1498521600
430 664 1498521600
430 664 1498521600
430 311 1498521600
430 226 1498780800
430 39 1498780800
430 335 1498780800
430 1102 1498780800
430 913 1498780800
430 911 1499385600
430 911 1499385600
430 963 1517184000
431 358 1443830400
431 312 1445990400
431 1052 1457654400
431 1249 1458604800
431 899 1487894400
431 1393 1493942400
431 335 1498089600
431 664 1498176000
431 664 1498521600
431 664 1498521600
431 664 1498521600
431 39 1498521600
431 311 1501891200
431 264 1501977600
431 912 1503964800
431 912 1503964800
431 1257 1507680000
431 1313 1527206400
432 1051 1404086400
432 219 1438560000
432 220 1438560000
432 140 1445040000
432 1395 1448582400
432 769 1449187200
432 944 1460332800
432 934 1466121600
432 1047 1467504000
432 268 1468022400
432 363 1469664000
432 78 1478131200
432 171 1485561600
432 998 1488758400
432 226 1498003200
432 1197 1498003200
432 664 1498521600
432 335 1498521600
432 944 1502323200
432 1300 1502496000
432 901 1511308800
432 1115 1513641600
432 1394 1514678400
432 938 1515456000
433 1396 1374019200
433 1092 1391385600
433 1118 1417478400
433 357 1420588800
433 198 1421107200
433 291 1430697600
433 343 1442793600
433 1111 1445817600
433 1052 1457913600
433 373 1466380800
433 826 1467331200
433 172 1485475200
433 311 1497830400
433 664 1498521600
433 749 1504137600
433 945 1504137600
433 938 1512950400
434 1009 1481414400
434 1226 1486425600
434 39 1498348800
434 664 1498521600
434 311 1499212800
435 346 1405900800
435 306 1445212800
435 824 1445731200
435 1098 1447459200
435 914 1457654400
435 1304 1459296000
435 974 1472688000
435 974 1472688000
435 347 1475884800
435 270 1477440000
435 1008 1481414400
435 1398 1481587200
435 1253 1485302400
435 1397 1490313600
435 311 1497398400
435 226 1497916800
435 311 1497916800
435 664 1498521600
435 335 1499644800
435 39 1500163200
435 1145 1501286400
435 1257 1503619200
435 1257 1503619200
435 1177 1516060800
436 243 1485734400
436 899 1485734400
436 1091 1487376000
436 943 1497830400
436 226 1498262400
436 311 1498262400
436 264 1498262400
436 664 1498521600
436 39 1498521600
436 39 1498953600
436 1124 1503705600
436 936 1515715200
436 953 1534118400
437 1400 1212969600
437 1401 1212969600
437 1399 1312329600
437 1373 1353974400
437 559 1366848000
437 1406 1381795200
437 350 1399507200
437 1358 1416009600
437 1267 1420934400
437 1402 1422748800
437 967 1427587200
437 1088 1430784000
437 1168 1431907200
437 824 1446422400
437 930 1446422400
437 1403 1457913600
437 1187 1463961600
437 373 1466294400
437 270 1468454400
437 1299 1477008000
437 1178 1489017600
437 90 1491609600
437 91 1491609600
437 980 1494115200
437 664 1498435200
437 311 1498435200
437 985 1502755200
437 1405 1526515200
437 1404 1532304000
438 1251 1395273600
438 1153 1418947200
438 664 1498435200
438 909 1502755200
438 1071 1503187200
439 1022 1479772800
439 1269 1480204800
439 998 1493596800
439 911 1497484800
439 664 1498435200
439 551 1526169600
439 340 1531612800
439 953 1535587200
440 1050 1370476800
440 258 1392249600
440 1005 1399334400
440 1148 1404777600
440 1276 1414713600
440 1127 1414886400
440 1407 1434499200
440 1408 1441670400
440 1154 1442707200
440 1388 1445990400
440 1303 1449792000
440 1149 1459814400
440 245 1466985600
440 257 1467504000
440 307 1469318400
440 1012 1470355200
440 309 1470787200
440 905 1471392000
440 991 1472601600
440 991 1472601600
440 974 1472947200
440 974 1472947200
440 1041 1473379200
440 1041 1473379200
440 1409 1474502400
440 1023 1474675200
440 337 1474934400
440 169 1482796800
440 898 1485993600
440 1298 1487721600
440 1298 1487721600
440 1034 1487721600
440 824 1488153600
440 1151 1491868800
440 1215 1493856000
440 664 1498435200
440 980 1498435200
440 39 1500076800
440 911 1501027200
440 1315 1512086400
440 84 1513728000
440 1087 1518220800
440 668 1524787200
440 249 1525392000
440 667 1525996800
440 1212 1533600000
441 1410 1420243200
441 357 1420675200
441 954 1422835200
441 304 1443744000
441 1292 1444867200
441 1179 1445385600
441 348 1448409600
441 1291 1455321600
441 1052 1457568000
441 1149 1457740800
441 563 1458777600
441 1014 1460937600
441 934 1466208000
441 669 1467417600
441 532 1467417600
441 268 1467763200
441 1000 1472515200
441 344 1473292800
441 344 1473292800
441 1064 1479168000
441 1216 1482451200
441 998 1488326400
441 1178 1488931200
441 1037 1488931200
441 980 1493337600
441 311 1497484800
441 664 1498435200
441 664 1498435200
441 664 1498435200
441 664 1498435200
441 664 1498435200
441 664 1498435200
441 226 1498608000
441 943 1498694400
441 911 1499212800
441 226 1499472000
441 39 1499904000
441 39 1499904000
441 894 1505347200
441 667 1518825600
441 984 1518825600
441 668 1523836800
441 1260 1533340800
442 681 1452124800
442 681 1452124800
442 345 1452124800
442 1411 1463529600
442 299 1477872000
442 1079 1483488000
442 302 1493078400
442 664 1498435200
442 84 1510358400
442 1412 1521072000
442 195 1524528000
442 551 1525564800
442 953 1531526400
443 1413 1378512000
443 173 1414368000
443 1010 1415923200
443 806 1415923200
443 1410 1421452800
443 247 1429401600
443 291 1431043200
443 1098 1445904000
443 1080 1457740800
443 266 1457913600
443 542 1467590400
443 268 1467763200
443 86 1489708800
443 1204 1492300800
443 664 1498348800
443 664 1498348800
443 335 1498348800
443 943 1504915200
443 947 1517443200
443 1087 1527552000
444 961 1403308800
444 915 1411603200
444 921 1415059200
444 1410 1420070400
444 1168 1431561600
444 1203 1432598400
444 1414 1444348800
444 261 1444953600
444 1082 1444953600
444 512 1445558400
444 1287 1456963200
444 978 1464393600
444 1112 1466208000
444 373 1466726400
444 270 1467849600
444 271 1467849600
444 1000 1473206400
444 904 1473465600
444 1202 1474588800
444 322 1484784000
444 1109 1485820800
444 745 1486252800
444 968 1489795200
444 1417 1490486400
444 664 1498348800
444 39 1498348800
444 311 1498348800
444 1040 1498348800
444 1415 1503273600
444 1416 1504915200
444 175 1521676800
444 1123 1523232000
444 1097 1524614400
445 1419 1375574400
445 981 1430697600
445 527 1444521600
445 299 1446163200
445 1292 1447891200
445 958 1449705600
445 1421 1455148800
445 19 1455753600
445 300 1458950400
445 1087 1466640000
445 1418 1471996800
445 27 1474934400
445 1142 1482883200
445 347 1484179200
445 1420 1484179200
445 172 1485388800
445 1393 1491955200
445 664 1498348800
445 1422 1524096000
446 74 1407369600
446 75 1408147200
446 1423 1423958400
446 219 1438387200
446 220 1438387200
446 1082 1444953600
446 1196 1447804800
446 388 1450224000
446 1424 1458691200
446 1355 1463270400
446 670 1464307200
446 245 1465171200
446 363 1469577600
446 1012 1470268800
446 979 1480550400
446 1425 1490313600
446 664 1498348800
446 39 1498348800
446 226 1500768000
446 335 1500768000
446 311 1500768000
446 1040 1500768000
446 239 1529280000
446 1144 1532822400
447 1085 1388966400
447 1089 1398297600
447 63 1398297600
447 247 1431043200
447 137 1446163200
447 1303 1447804800
447 348 1448755200
447 1093 1478822400
447 1119 1480550400
447 664 1498262400
447 226 1498262400
447 668 1525478400
447 342 1529107200
448 289 1431648000
448 944 1461456000
448 252 1478390400
448 1142 1485216000
448 902 1485216000
448 943 1496966400
448 664 1498262400
448 335 1498262400
448 251 1502323200
449 949 1373932800
449 331 1395446400
449 1295 1429920000
449 1028 1447632000
449 137 1448841600
449 905 1469836800
449 1426 1487635200
449 1246 1488240000
449 1037 1489363200
449 1077 1492819200
449 226 1498003200
449 664 1498262400
449 1143 1522368000
449 1143 1522368000
449 342 1524528000
450 50 1270598400
450 1291 1296604800
450 94 1327795200
450 346 1405814400
450 1044 1405814400
450 1429 1423872000
450 1281 1430265600
450 77 1443830400
450 930 1444780800
450 1219 1444953600
450 140 1445126400
450 1258 1445299200
450 1111 1445817600
450 942 1446336000
450 903 1447804800
450 1152 1452211200
450 330 1453593600
450 1170 1453593600
450 1427 1455148800
450 939 1455148800
450 19 1455321600
450 896 1457481600
450 1052 1458172800
450 914 1458259200
450 148 1458691200
450 266 1458777600
450 1249 1459382400
450 365 1459382400
450 944 1460073600
450 1014 1460419200
450 240 1464912000
450 1049 1464912000
450 934 1465948800
450 268 1468022400
450 1104 1472256000
450 1106 1473897600
450 325 1474848000
450 347 1475625600
450 1208 1475884800
450 551 1477094400
450 1038 1477785600
450 270 1478304000
450 299 1478649600
450 338 1478649600
450 916 1478649600
450 1022 1479772800
450 577 1481587200
450 78 1481587200
450 1037 1482883200
450 1142 1483574400
450 1079 1483574400
450 137 1484265600
450 1226 1486080000
450 302 1487894400
450 1091 1487894400
450 998 1488326400
450 1027 1491782400
450 1216 1492387200
450 1175 1492560000
450 1077 1493942400
450 1058 1494633600
450 1133 1496793600
450 39 1497830400
450 335 1498176000
450 664 1498262400
450 311 1498780800
450 1428 1499385600
450 322 1499385600
450 39 1500076800
450 955 1501286400
450 824 1503532800
450 944 1504483200
450 901 1512691200
450 938 1512950400
450 1090 1525564800
450 242 1525651200
450 1095 1527033600
450 1096 1527552000
451 1430 1235433600
451 1431 1235433600
451 929 1414972800
451 929 1414972800
451 283 1429833600
451 665 1430265600
451 319 1443830400
451 1052 1457395200
451 1119 1479686400
451 1226 1486339200
451 946 1486944000
451 1428 1489017600
451 335 1498089600
451 664 1498176000
451 311 1498435200
451 1040 1498435200
451 299 1501459200
451 1124 1502150400
451 1333 1502236800
451 235 1526688000
452 1398 1484179200
452 1109 1485907200
452 907 1492214400
452 664 1498176000
452 335 1498348800
452 910 1507161600
452 1075 1507766400
452 782 1525564800
453 67 1445472000
453 1202 1473811200
453 27 1475193600
453 551 1477094400
453 1356 1479254400
453 1070 1479859200
453 1191 1491782400
453 907 1492300800
453 39 1498089600
453 664 1498176000
453 335 1498608000
453 311 1498694400
453 226 1499212800
453 226 1499385600
453 83 1503187200
453 984 1523664000
454 534 1402963200
454 1238 1413417600
454 1061 1444435200
454 67 1445558400
454 344 1473984000
454 344 1473984000
454 243 1485734400
454 998 1488412800
454 1037 1488672000
454 619 1488931200
454 1391 1490227200
454 311 1497484800
454 664 1498089600
454 1040 1498089600
454 335 1498867200
454 22 1524700800
454 1097 1524700800
454 1144 1531526400
455 173 1413331200
455 1153 1414800000
455 1150 1423785600
455 1281 1430352000
455 293 1433548800
455 1314 1446681600
455 896 1477180800
455 1239 1485475200
455 302 1487376000
455 71 1488240000
455 1062 1490227200
455 1133 1493510400
455 1133 1493510400
455 664 1498003200
455 664 1498089600
455 782 1524787200
455 1048 1531440000
456 50 1306195200
456 339 1391040000
456 339 1391040000
456 244 1428451200
456 1255 1439596800
456 1136 1446422400
456 1146 1448064000
456 1028 1448323200
456 1303 1449273600
456 1169 1478822400
456 1253 1485216000
456 322 1485302400
456 1091 1486857600
456 262 1489968000
456 1229 1490486400
456 1231 1490486400
456 302 1492473600
456 664 1497571200
456 311 1497571200
456 664 1498089600
456 39 1498694400
456 226 1499040000
456 83 1502668800
456 668 1524268800
456 3 1524528000
456 1270 1525046400
456 937 1525046400
457 1201 1416787200
457 1410 1420156800
457 197 1421020800
457 1432 1445904000
457 898 1480982400
457 1037 1482451200
457 1253 1485216000
457 1139 1485734400
457 1045 1486080000
457 1215 1488412800
457 664 1497398400
457 311 1497398400
457 664 1498003200
457 226 1498089600
457 39 1498089600
457 1040 1500163200
458 824 1487721600
458 664 1498003200
458 311 1500508800
458 977 1512518400
458 323 1523577600
458 1143 1525651200
458 1048 1532476800
458 953 1534118400
459 194 1381536000
459 1433 1415664000
459 951 1430352000
459 361 1439424000
459 315 1444867200
459 366 1458172800
459 1149 1458777600
459 1183 1465776000
459 325 1474934400
459 1064 1480291200
459 1175 1484956800
459 1034 1489536000
459 619 1491264000
459 90 1491868800
459 91 1491868800
459 664 1498003200
459 226 1498953600
459 1008 1505260800
460 63 1398038400
460 1189 1423612800
460 940 1429574400
460 201 1435017600
460 219 1438128000
460 220 1438128000
460 1434 1443484800
460 261 1445126400
460 294 1445385600
460 265 1460073600
460 240 1465430400
460 245 1465430400
460 27 1474416000
460 896 1477008000
460 957 1482364800
460 1191 1491523200
460 664 1498003200
460 335 1498003200
460 311 1498003200
460 943 1498089600
460 1378 1511568000
460 911 1512086400
460 984 1518134400
460 1270 1525219200
461 1436 1386720000
461 1435 1404950400
461 254 1416009600
461 201 1434240000
461 1080 1457913600
461 1437 1472342400
461 1137 1474848000
461 550 1478822400
461 1226 1485475200
461 907 1491350400
461 226 1497484800
461 664 1498003200
461 1333 1503187200
461 1293 1518825600
461 937 1523145600
461 1029 1524787200
461 1116 1526083200
462 966 1415059200
462 1438 1419465600
462 1410 1421020800
462 954 1423958400
462 278 1430179200
462 893 1457481600
462 366 1458172800
462 265 1460592000
462 935 1467072000
462 979 1479686400
462 664 1497916800
462 311 1497916800
462 39 1498694400
462 226 1499558400
462 264 1499558400
463 1127 1415318400
463 440 1424995200
463 195 1429833600
463 195 1429833600
463 1072 1445990400
463 894 1446681600
463 903 1447459200
463 1303 1449187200
463 1439 1457740800
463 1140 1472688000
463 1070 1479340800
463 1022 1479513600
463 1242 1489276800
463 946 1489276800
463 1063 1492819200
463 335 1497830400
463 664 1497916800
463 226 1497916800
463 311 1497916800
463 911 1498348800
463 749 1502668800
463 945 1502668800
463 1115 1512345600
463 1313 1513209600
463 667 1517875200
463 668 1523577600
463 1090 1524700800
463 246 1525564800
463 1095 1526947200
464 1060 1486339200
464 1215 1494547200
464 664 1497916800
464 982 1498435200
464 943 1498521600
464 1108 1515369600
464 1378 1515369600
464 33 1526947200
465 1440 1350345600
465 806 1414627200
465 1359 1416182400
465 1205 1417651200
465 1228 1442275200
465 360 1442620800
465 769 1450137600
465 1277 1455148800
465 1055 1463616000
465 270 1467676800
465 991 1473206400
465 991 1473206400
465 341 1482278400
465 1290 1485043200
465 899 1485561600
465 1215 1488326400
465 1285 1493856000
465 1285 1493856000
465 664 1497312000
465 39 1497484800
465 664 1497916800
465 311 1497916800
465 264 1498176000
465 1332 1515369600
465 175 1521763200
465 1330 1523923200
465 1066 1526428800
465 1048 1530921600
466 76 1415577600
466 1200 1424131200
466 1218 1443312000
466 1098 1446249600
466 1193 1446508800
466 1264 1448323200
466 896 1457654400
466 1149 1457913600
466 1249 1458691200
466 1080 1459123200
466 365 1459382400
466 826 1467849600
466 1202 1473984000
466 1188 1476316800
466 1079 1483401600
466 302 1488758400
466 86 1489708800
466 619 1490140800
466 968 1490313600
466 664 1497916800
466 226 1498435200
466 39 1498608000
466 311 1499472000
466 963 1518739200
466 1296 1518912000
466 668 1526515200
467 1037 1488499200
467 998 1488499200
467 933 1491091200
467 907 1492214400
467 664 1497916800
467 912 1498435200
467 912 1498435200
467 311 1498867200
467 1075 1508716800
467 668 1523923200
468 71 1491004800
468 998 1491004800
468 1229 1491004800
468 1231 1491004800
468 1204 1492041600
468 1133 1494547200
468 1133 1494547200
468 664 1497830400
468 1063 1499385600
468 1145 1504310400
468 824 1514246400
468 938 1514592000
468 1212 1521244800
468 668 1525305600
468 272 1528156800
469 664 1497830400
469 911 1512432000
469 219 1514937600
469 984 1518739200
469 668 1524355200
469 33 1526256000
469 1404 1533340800
470 331 1397260800
470 1089 1398470400
470 1442 1408320000
470 1126 1415577600
470 1126 1415577600
470 931 1424822400
470 967 1427414400
470 1441 1433635200
470 1407 1433635200
470 769 1449273600
470 1074 1449273600
470 485 1461801600
470 1055 1465344000
470 344 1475020800
470 344 1475020800
470 1216 1482451200
470 664 1497830400
470 311 1497830400
470 1256 1509926400
470 986 1511222400
470 242 1524182400
470 1094 1524441600
470 1090 1525132800
470 1096 1525132800
470 1095 1525996800
471 941 1410393600
471 1153 1414713600
471 291 1431302400
471 664 1497830400
471 39 1498608000
471 311 1498608000
471 264 1498608000
471 226 1500076800
471 911 1500163200
471 947 1515456000
471 667 1517443200
472 652 1310169600
472 714 1345334400
472 9 1376006400
472 194 1377302400
472 1127 1414195200
472 1358 1415232000
472 715 1417824000
472 65 1418169600
472 292 1428451200
472 319 1443916800
472 348 1448496000
472 137 1448668800
472 896 1458000000
472 366 1458086400
472 351 1466985600
472 895 1467936000
472 375 1468627200
472 1106 1476489600
472 1163 1477785600
472 1070 1479168000
472 1204 1489881600
472 1036 1492560000
472 1058 1494806400
472 664 1497830400
472 226 1498089600
472 335 1498089600
472 671 1503360000
472 174 1523232000
472 1116 1527120000
472 1404 1534896000
473 137 1446681600
473 140 1446681600
473 148 1458604800
473 255 1468972800
473 974 1473897600
473 974 1473897600
473 243 1485907200
473 664 1497830400
474 987 1404345600
474 1159 1421366400
474 1131 1431043200
474 1135 1469059200
474 1188 1474848000
474 1253 1485820800
474 320 1490832000
474 664 1497830400
474 226 1497830400
474 39 1499040000
474 1293 1519776000
474 1212 1519776000
474 174 1523923200
474 1138 1527465600
475 941 1410134400
475 1134 1445040000
475 1248 1447200000
475 1060 1487030400
475 664 1497830400
475 270 1503792000
476 1034 1486857600
476 90 1492560000
476 91 1492560000
476 664 1497830400
476 311 1498694400
476 1095 1528243200
477 258 1391040000
477 1129 1398816000
477 1443 1401753600
477 1444 1401753600
477 1416 1401753600
477 244 1427673600
477 851 1435017600
477 305 1442966400
477 969 1444694400
477 306 1444953600
477 971 1453161600
477 367 1458000000
477 1101 1472688000
477 1009 1481587200
477 824 1486944000
477 664 1497830400
477 311 1497830400
477 911 1498003200
477 39 1498521600
477 335 1515456000
477 1296 1516924800
477 340 1529884800
477 1260 1534723200
478 897 1431043200
478 1230 1431043200
478 1287 1457049600
478 1445 1458172800
478 1112 1466467200
478 826 1467072000
478 1020 1468022400
478 369 1468454400
478 1446 1477353600
478 341 1482451200
478 664 1497744000
478 226 1497744000
478 39 1497744000
478 270 1503446400
479 1218 1444176000
479 370 1470787200
479 664 1497744000
479 943 1498435200
479 953 1531699200
480 331 1395273600
480 1046 1403568000
480 1358 1415232000
480 1160 1421712000
480 200 1423526400
480 998 1488585600
480 664 1497744000
480 911 1497744000
480 335 1497744000
480 311 1498780800
480 226 1498867200
480 39 1498867200
480 264 1498867200
480 668 1523923200
480 33 1526256000
481 1114 1415404800
481 1201 1415923200
481 336 1416960000
481 965 1430092800
481 299 1445644800
481 67 1446163200
481 140 1446595200
481 1264 1446940800
481 1028 1447891200
481 72 1452297600
481 1447 1454371200
481 1083 1460419200
481 669 1468022400
481 309 1469318400
481 974 1473465600
481 974 1473465600
481 78 1478390400
481 1226 1485302400
481 1139 1485907200
481 303 1493424000
481 299 1494547200
481 664 1497744000
481 39 1499558400
481 335 1499558400
481 1334 1502841600
482 1114 1415577600
482 921 1415577600
482 942 1445904000
482 903 1447200000
482 1207 1448236800
482 367 1458086400
482 78 1477008000
482 90 1491436800
482 91 1491436800
482 311 1497484800
482 664 1497744000
482 911 1499040000
482 1094 1525132800
483 1005 1398816000
483 1348 1401408000
483 948 1422835200
483 284 1423785600
483 261 1444694400
483 824 1446508800
483 1277 1455062400
483 1448 1455580800
483 1449 1455667200
483 1031 1467849600
483 344 1473724800
483 344 1473724800
483 899 1486771200
483 262 1489968000
483 664 1497657600
483 664 1497744000
484 1450 1276214400
484 1450 1276214400
484 925 1369094400
484 564 1426204800
484 73 1448841600
484 664 1497657600
484 911 1498089600
484 1451 1520640000
484 549 1522022400
485 1050 1374105600
485 1085 1392854400
485 981 1432080000
485 1284 1457654400
485 257 1467417600
485 1031 1467417600
485 826 1468800000
485 375 1468886400
485 905 1469836800
485 169 1483833600
485 311 1497312000
485 664 1497657600
485 39 1497657600
486 1050 1371340800
486 349 1400025600
486 353 1400025600
486 1452 1448236800
486 1453 1473033600
486 664 1497657600
486 911 1497657600
486 226 1497657600
486 311 1498003200
486 901 1511136000
486 667 1517443200
487 1265 1378252800
487 1131 1432598400
487 81 1460678400
487 1156 1461283200
487 997 1468886400
487 1008 1481500800
487 998 1489363200
487 1282 1497225600
487 913 1497225600
487 664 1497484800
487 664 1497657600
487 226 1497657600
487 39 1497657600
487 335 1497657600
487 311 1497657600
487 911 1497830400
487 39 1497830400
487 1102 1497830400
488 325 1475107200
488 896 1477440000
488 1246 1488931200
488 1393 1491264000
488 303 1493337600
488 1197 1497398400
488 913 1497398400
488 664 1497657600
488 39 1498003200
488 326 1501632000
488 1115 1512000000
488 1095 1524528000
488 1116 1526083200
489 1043 1400025600
489 21 1403568000
489 74 1407801600
489 75 1407888000
489 919 1409788800
489 1201 1415750400
489 806 1416009600
489 962 1423699200
489 903 1447718400
489 1303 1448409600
489 485 1460505600
489 1112 1466985600
489 1225 1467849600
489 1245 1494460800
489 664 1497657600
489 226 1498176000
489 39 1499472000
489 335 1499990400
489 311 1502064000
489 22 1525564800
490 1251 1392768000
490 988 1396224000
490 1190 1414972800
490 975 1415664000
490 336 1416096000
490 1423 1422835200
490 1303 1448841600
490 1207 1448841600
490 273 1448841600
490 1272 1458691200
490 1083 1460851200
490 1156 1461369600
490 1171 1472860800
490 1079 1482364800
490 1224 1489622400
490 1151 1492128000
490 664 1497657600
490 264 1497657600
490 311 1497830400
490 311 1497916800
490 1071 1501891200
491 17 1329177600
491 765 1338595200
491 194 1379376000
491 1455 1384905600
491 1155 1393545600
491 1271 1393891200
491 1255 1436745600
491 1240 1445731200
491 1264 1446163200
491 1146 1447545600
491 1439 1457308800
491 1454 1459123200
491 265 1459728000
491 1371 1473638400
491 1163 1475798400
491 341 1482278400
491 243 1485648000
491 664 1497571200
491 39 1498003200
491 311 1498521600
491 248 1504137600
491 938 1511136000
491 1330 1523318400
491 22 1524096000
491 249 1525392000
491 1066 1526428800
492 1081 1414713600
492 951 1430092800
492 923 1437177600
492 1170 1452816000
492 1225 1468195200
492 955 1486598400
492 311 1497398400
492 664 1497571200
492 749 1520726400
492 1029 1524009600
492 1097 1524268800
492 22 1524355200
492 551 1524528000
493 1081 1416700800
493 1111 1446076800
493 1173 1450828800
493 769 1451174400
493 944 1460160000
493 485 1460505600
493 1079 1483056000
493 998 1488758400
493 313 1490227200
493 1027 1490918400
493 664 1497571200
493 226 1498003200
493 1071 1502323200
493 251 1502841600
493 1115 1512777600
493 947 1513296000
494 1088 1430870400
494 1218 1443916800
494 824 1487635200
494 664 1497571200
494 335 1499817600
494 311 1499817600
494 311 1500336000
494 1040 1502064000
494 299 1502841600
494 894 1505001600
494 84 1509840000
494 282 1514073600
494 175 1525046400
495 664 1497571200
495 912 1499385600
495 912 1499385600
495 1124 1503878400
495 83 1505347200
495 1115 1515628800
495 1097 1529280000
496 105 1360454400
496 194 1377302400
496 1456 1396396800
496 332 1398124800
496 1458 1403654400
496 1457 1412812800
496 921 1414627200
496 806 1414972800
496 530 1415059200
496 1281 1429228800
496 1121 1433030400
496 1459 1433289600
496 1228 1443225600
496 312 1445212800
496 1199 1458086400
496 366 1458345600
496 1187 1463616000
496 1112 1466553600
496 1087 1466985600
496 368 1468454400
496 905 1469577600
496 1140 1472860800
496 974 1473206400
496 974 1473206400
496 344 1473984000
496 344 1473984000
496 299 1477094400
496 252 1478476800
496 1261 1479254400
496 1250 1483142400
496 619 1485820800
496 311 1497225600
496 664 1497571200
496 226 1497571200
496 39 1498521600
496 39 1498694400
496 39 1499644800
496 1300 1501891200
496 1145 1502064000
496 1256 1508803200
496 1138 1529366400
496 953 1533600000
497 949 1371686400
497 530 1414713600
497 219 1422489600
497 283 1429488000
497 247 1429488000
497 951 1429833600
497 334 1445644800
497 1098 1447286400
497 1187 1463616000
497 1055 1464048000
497 245 1464825600
497 240 1465430400
497 257 1467072000
497 78 1477526400
497 1226 1486425600
497 1229 1490227200
497 1231 1490227200
497 1027 1491436800
497 664 1497484800
497 226 1498089600
497 335 1498089600
497 39 1498262400
497 311 1498608000
497 911 1499126400
498 1265 1375574400
498 194 1377302400
498 1085 1391040000
498 1307 1393200000
498 1155 1393891200
498 24 1425427200
498 24 1425427200
498 79 1439683200
498 1053 1440374400
498 77 1442361600
498 305 1442534400
498 358 1443139200
498 943 1444953600
498 942 1444953600
498 1082 1445040000
498 312 1445731200
498 298 1446249600
498 1134 1446768000
498 317 1446768000
498 1028 1447372800
498 273 1448064000
498 939 1457654400
498 277 1458259200
498 563 1458432000
498 1083 1459641600
498 1014 1460246400
498 1461 1463097600
498 978 1463961600
498 1031 1466812800
498 542 1467244800
498 826 1467331200
498 1047 1467504000
498 270 1468195200
498 270 1468281600
498 307 1468972800
498 368 1469059200
498 375 1469059200
498 905 1470873600
498 1171 1473897600
498 1140 1474156800
498 1162 1475020800
498 1106 1475107200
498 1023 1475280000
498 325 1476230400
498 1038 1477612800
498 1093 1478217600
498 1119 1478822400
498 1169 1478908800
498 916 1480464000
498 1460 1480636800
498 1009 1480723200
498 1008 1480982400
498 1142 1481932800
498 1239 1485475200
498 1426 1487376000
498 71 1488067200
498 998 1488326400
498 1215 1488585600
498 970 1488672000
498 1224 1489190400
498 1425 1489708800
498 1062 1489795200
498 933 1489881600
498 313 1490054400
498 1229 1490313600
498 1231 1490313600
498 1036 1491091200
498 1245 1492732800
498 982 1492819200
498 1063 1492905600
498 983 1493078400
498 303 1493164800
498 1133 1493510400
498 1133 1493510400
498 1285 1494115200
498 1285 1494115200
498 299 1494374400
498 551 1494547200
498 664 1497484800
498 248 1497657600
498 1008 1497830400
498 944 1501027200
498 316 1503792000
498 1063 1508112000
498 1092 1508976000
498 901 1510790400
498 335 1515024000
498 1212 1519171200
498 242 1523059200
498 22 1524700800
498 340 1530316800
498 1404 1531872000
499 512 1445040000
499 1348 1455321600
499 368 1468972800
499 896 1477785600
499 664 1497484800
499 39 1498176000
499 335 1498176000
500 1085 1390262400
500 1086 1390262400
500 1114 1416096000
500 1069 1418947200
500 302 1492819200
500 299 1493942400
500 664 1497484800
500 311 1497657600
500 264 1497657600
500 39 1498176000
500 39 1498435200
500 1333 1501372800
500 1336 1502668800
500 1115 1512432000
500 1057 1512432000
501 1462 1433980800
501 1311 1457568000
501 265 1460160000
501 270 1468022400
501 320 1490313600
501 664 1497398400
501 226 1497916800
502 263 1407974400
502 966 1415318400
502 1266 1433462400
502 365 1459296000
502 998 1492560000
502 664 1497312000
502 668 1523491200
502 1144 1531180800
503 199 1415232000
503 336 1416960000
503 1267 1421280000
503 1241 1439769600
503 527 1443657600
503 295 1444780800
503 1082 1446163200
503 1452 1447977600
503 321 1451174400
503 1284 1457740800
503 914 1457913600
503 1249 1457913600
503 669 1466985600
503 270 1468022400
503 904 1472428800
503 974 1473379200
503 974 1473379200
503 957 1482278400
503 302 1486944000
503 664 1497312000
503 39 1498003200
503 1145 1501200000
503 335 1514851200
503 984 1517529600
503 668 1524009600
504 949 1372032000
504 332 1398038400
504 973 1400544000
504 1438 1418860800
504 402 1440201600
504 334 1444953600
504 1207 1448323200
504 1312 1457654400
504 1149 1458432000
504 957 1483401600
504 1175 1484524800
504 998 1488844800
504 1204 1488844800
504 664 1497312000
504 311 1498521600
504 911 1498867200
504 1336 1502582400
505 981 1430265600
505 1353 1445817600
505 1249 1458259200
505 1225 1467936000
505 1250 1483488000
505 1226 1485475200
505 950 1491091200
505 664 1497312000
505 39 1498176000
505 1293 1519516800
505 1213 1522540800
506 975 1415923200
506 1449 1454976000
506 81 1460332800
506 664 1497225600
506 1333 1501891200
506 1108 1511568000
506 1293 1519776000
506 1338 1523145600
507 256 1390435200
507 275 1396137600
507 199 1414972800
507 1359 1415750400
507 1061 1443312000
507 563 1458432000
507 257 1466985600
507 307 1468886400
507 1163 1476230400
507 619 1485302400
507 788 1486080000
507 86 1488240000
507 1391 1489881600
507 1282 1496880000
507 664 1497225600
507 226 1497744000
507 226 1498262400
507 1257 1503446400
507 1257 1503446400
507 1378 1511049600
507 938 1512345600
507 1194 1523059200
507 1029 1524700800
508 1233 1374883200
508 1051 1403740800
508 1457 1413936000
508 1201 1416700800
508 1180 1446249600
508 825 1446249600
508 1152 1452124800
508 1047 1467331200
508 268 1468454400
508 255 1468540800
508 896 1476921600
508 998 1496880000
508 664 1497225600
508 311 1497225600
508 39 1498435200
508 251 1502668800
508 1197 1503100800
508 1022 1510272000
509 1463 1369958400
509 1396 1373414400
509 929 1415145600
509 929 1415145600
509 247 1430956800
509 824 1447027200
509 932 1452556800
509 7 1455494400
509 148 1458259200
509 1156 1461283200
509 240 1464652800
509 268 1467763200
509 1019 1468886400
509 1221 1470355200
509 1140 1473292800
509 1202 1473897600
509 1188 1473984000
509 1058 1494028800
509 664 1497225600
509 913 1497225600
509 311 1497312000
509 248 1497571200
509 311 1497916800
509 39 1498435200
509 335 1498435200
509 39 1498521600
509 1040 1499040000
509 1115 1512604800
509 1194 1521763200
509 239 1523318400
510 1465 1367020800
510 1464 1451520000
510 1278 1457049600
510 664 1482969600
510 664 1482969600
510 39 1482969600
511 39 1455667200
511 664 1455753600
511 911 1455753600
511 226 1455753600
511 971 1519689600
512 442 1437696000
512 442 1437696000
512 445 1437696000
512 664 1454284800
512 549 1464307200
513 664 1444694400
513 911 1444694400
513 1466 1444694400
513 1466 1444694400
513 189 1444694400
514 664 1442016000
514 589 1442016000
514 589 1442016000
514 226 1448064000
514 1467 1500681600
515 664 1439078400
515 911 1439078400
515 1468 1439078400
515 223 1463875200
515 1380 1499731200
515 1469 1508544000
516 664 1430784000
516 97 1433030400
516 101 1433030400
516 101 1433030400
516 1470 1441411200
517 103 1373587200
517 1472 1402358400
517 930 1418515200
517 939 1418515200
517 664 1418774400
517 1471 1418774400
517 1473 1483315200
517 1474 1483315200
517 575 1483315200
517 1475 1525046400
518 664 1417651200
518 1476 1417651200
518 644 1444608000
518 1477 1444608000
518 644 1444608000
518 1477 1444608000
519 911 1402876800
519 664 1408233600
519 801 1408233600
519 1478 1408233600
519 1478 1408233600
520 664 1348963200
520 180 1416700800
520 180 1416700800
520 180 1419638400
520 180 1419638400
520 106 1420502400
520 39 1464480000
521 1480 1514592000
521 182 1514592000
521 1479 1516838400
521 468 1516838400
521 1481 1516838400
522 536 1241481600
522 247 1429747200
522 1484 1441929600
522 484 1442966400
522 894 1447372800
522 86 1488844800
522 1178 1489017600
522 1483 1489795200
522 243 1490745600
522 1479 1491004800
522 1482 1491004800
522 248 1498867200
522 226 1499040000
522 39 1499040000
522 1331 1502496000
522 1334 1502755200
522 909 1502928000
522 937 1524009600
522 249 1525392000
522 1128 1526169600
522 1270 1526342400
522 33 1526601600
522 1259 1526860800
522 1138 1526947200
523 181 1438819200
523 1479 1489276800
523 178 1489276800
523 537 1489276800
523 539 1489276800
524 1487 1381190400
524 1486 1392854400
524 1485 1396483200
524 1479 1470787200
524 180 1473465600
524 180 1473465600
525 1488 1350604800
525 1488 1350604800
525 566 1505088000
525 1485 1513987200
525 1336 1513987200
526 180 1479081600
526 180 1479081600
526 183 1479081600
526 1489 1493596800
526 1485 1513900800
527 283 1432425600
527 657 1455580800
527 1490 1459468800
527 1491 1471737600
527 1202 1475798400
527 998 1492041600
527 1246 1495756800
527 1242 1496966400
527 1167 1505433600
527 1485 1512432000
527 1108 1514678400
528 1486 1389398400
528 327 1393804800
528 328 1393804800
528 1492 1393977600
528 1494 1398902400
528 327 1400284800
528 328 1400284800
528 1493 1400284800
528 1496 1400284800
528 1498 1400284800
528 1499 1400284800
528 1500 1409875200
528 545 1415232000
528 1497 1415232000
528 1495 1417564800
528 327 1423699200
528 328 1423699200
528 327 1447718400
528 328 1447718400
528 1501 1447718400
528 1463 1465344000
528 1479 1467244800
529 1479 1466208000
529 1502 1466208000
529 1503 1466208000
529 467 1466208000
529 1504 1466208000
529 1505 1466208000
529 1506 1466208000
529 1507 1466208000
530 178 1412812800
530 1508 1412812800
530 1509 1412812800
530 1486 1412812800
530 160 1412812800
530 1158 1412812800
530 1479 1462233600
530 138 1462233600
530 538 1462233600
530 1510 1462233600
530 1511 1462233600
531 1219 1498780800
531 1485 1503446400
531 766 1503446400
531 400 1507680000
531 914 1507680000
531 1512 1512518400
532 964 1456617600
532 1513 1456876800
532 1509 1456876800
532 1514 1456876800
532 536 1459382400
532 1503 1482278400
532 1485 1501977600
533 1516 1357430400
533 1515 1430956800
533 1485 1501718400
533 327 1503532800
533 328 1503532800
533 537 1504656000
533 539 1504656000
534 1485 1451347200
534 1479 1453852800
534 537 1453852800
534 180 1453852800
534 180 1453852800
534 539 1453852800
535 1479 1451433600
535 327 1451433600
535 328 1451433600
535 846 1451433600
535 1517 1467936000
535 1518 1467936000
535 1481 1476316800
536 537 1492992000
536 539 1492992000
536 1485 1493164800
536 1486 1493164800
536 180 1493164800
536 180 1493164800
536 1519 1521590400
537 180 1439424000
537 180 1439424000
537 1520 1439424000
537 538 1439424000
537 1521 1448323200
537 1485 1488499200
538 1485 1488240000
538 301 1488240000
538 1510 1488240000
538 1502 1488240000
538 1506 1488240000
539 1522 1337385600
539 218 1348185600
539 392 1365292800
539 440 1435881600
539 1482 1441411200
539 1523 1463788800
539 1485 1486166400
539 116 1487980800
539 1524 1513987200
540 1482 1379462400
540 1528 1403222400
540 1529 1421366400
540 1526 1427932800
540 459 1429920000
540 1479 1437436800
540 182 1437436800
540 1525 1443225600
540 1483 1443225600
540 1527 1445299200
540 835 1445299200
540 1420 1486598400
541 1485 1415750400
541 1509 1418428800
541 160 1423872000
541 1479 1437004800
541 1486 1437004800
542 1487 1344902400
542 1530 1344902400
542 439 1344902400
542 1479 1436313600
542 1531 1438128000
542 625 1438128000
543 59 1389571200
543 402 1389571200
543 1479 1433289600
543 1479 1433289600
543 178 1433289600
543 541 1433289600
543 1532 1433289600
543 1533 1433289600
543 1534 1433289600
543 1503 1433289600
543 1541 1433289600
543 1544 1433289600
543 536 1444262400
543 1545 1444262400
543 537 1444348800
543 183 1444348800
543 539 1444348800
543 1543 1444348800
543 180 1452297600
543 180 1452297600
543 1538 1452297600
543 391 1452384000
543 1502 1454889600
543 1542 1454889600
543 1536 1456272000
543 1539 1456272000
543 1540 1476835200
543 50 1493424000
543 788 1502150400
543 262 1502150400
543 1535 1502236800
543 1537 1502236800
543 26 1502236800
543 160 1502323200
543 1503 1502323200
544 143 1470614400
544 537 1471046400
544 182 1471046400
544 539 1471046400
544 1483 1471219200
544 1485 1472601600
545 536 1458864000
545 1493 1458864000
545 1485 1472342400
545 1513 1472342400
545 1509 1472342400
546 1479 1425168000
546 1485 1425168000
546 538 1425168000
546 1514 1425168000
546 1546 1426032000
546 183 1429142400
546 1483 1456531200
546 1547 1502496000
547 711 1358899200
547 442 1361577600
547 442 1361577600
547 445 1361577600
547 1479 1417392000
547 52 1417392000
547 1517 1417392000
547 1548 1417651200
547 185 1433721600
548 1552 1456272000
548 1485 1457395200
548 1481 1458691200
548 1551 1467417600
548 1549 1479945600
548 1550 1484697600
549 403 1334966400
549 467 1335225600
549 1479 1359590400
549 1479 1401753600
549 1479 1401753600
550 440 1327363200
550 1479 1342483200
550 1493 1399248000
550 424 1408233600
550 287 1420416000
550 1553 1452643200
550 1554 1535587200
551 537 1443744000
551 1502 1443744000
551 539 1443744000
551 1483 1443744000
551 1495 1443744000
551 1485 1447718400
552 1485 1447286400
552 178 1448323200
552 1556 1469232000
552 1555 1495670400
552 1504 1516924800
553 537 1380844800
553 539 1380844800
553 90 1384128000
553 538 1384128000
553 91 1384128000
553 1486 1385683200
553 1485 1447113600
554 1557 1403913600
554 1558 1403913600
554 427 1426723200
554 1485 1446249600
554 1343 1446249600
554 1481 1446249600
555 474 1411862400
555 182 1411948800
555 1482 1411948800
555 846 1420243200
555 1485 1424044800
555 537 1424044800
555 1502 1424044800
555 539 1424044800
555 1513 1426723200
555 1485 1427673600
555 1509 1427673600
555 1509 1427673600
555 180 1427673600
555 180 1427673600
555 964 1427673600
555 1485 1431043200
555 1483 1451865600
555 788 1531440000
556 442 1424908800
556 442 1424908800
556 445 1424908800
556 1540 1424908800
556 1485 1430956800
556 189 1434585600
556 222 1475452800
556 1559 1493942400
556 1510 1496707200
556 1560 1515024000
557 1485 1423353600
557 1493 1423353600
557 1561 1434758400
557 552 1438128000
557 1562 1458691200
558 1485 1413158400
558 1486 1425081600
558 180 1425081600
558 180 1425081600
558 1563 1425081600
559 1565 1301702400
559 1564 1354752000
559 1564 1354752000
559 1485 1412640000
559 1483 1491091200
559 1375 1503100800
559 964 1522281600
559 1566 1526428800
560 392 1385164800
560 1485 1387843200
560 1567 1432425600
560 1567 1432425600
560 1567 1432425600
561 452 1382140800
561 413 1397606400
561 1568 1406678400
561 1569 1406678400
561 682 1464480000
561 465 1506211200
562 413 1459555200
562 1572 1463788800
562 1571 1464048000
562 1570 1465257600
562 1530 1469750400
563 413 1445299200
563 1362 1445299200
563 1573 1445299200
563 1071 1445299200
563 1574 1445299200
563 1575 1445299200
564 1576 1445558400
564 414 1445558400
564 1577 1445558400
564 1578 1445558400
564 1579 1445558400
564 418 1445558400
564 673 1445558400
564 673 1445558400
564 1530 1445558400
564 791 1445558400
565 1576 1370217600
565 1577 1395964800
565 418 1395964800
565 1530 1395964800
565 1580 1395964800
566 180 1468454400
566 180 1468454400
566 536 1509235200
566 549 1509235200
566 442 1516060800
566 442 1516060800
566 445 1516060800
567 1581 1457136000
567 1582 1519862400
567 413 1519862400
567 1578 1519862400
567 1572 1519862400
567 1583 1519862400
567 1584 1523664000
567 1585 1523664000
568 1521 1485993600
568 536 1506902400
568 180 1507334400
568 180 1507334400
568 282 1524441600
569 1581 1410912000
569 1586 1410912000
569 1587 1410912000
569 1587 1410912000
569 1588 1410912000
569 1590 1410912000
569 600 1462060800
569 1589 1471305600
569 625 1475193600
570 180 1425859200
570 180 1425859200
570 1591 1431820800
570 180 1444262400
570 180 1444262400
570 536 1497830400
571 1592 1424390400
571 1594 1474588800
571 536 1493078400
571 1593 1518393600
571 1583 1518393600
572 1596 1459728000
572 1597 1459728000
572 1595 1461196800
572 536 1466899200
572 1486 1514505600
572 537 1516665600
572 539 1516665600
572 1598 1519084800
572 474 1519084800
572 1599 1519084800
572 1600 1519084800
573 793 1419206400
573 1447 1434585600
573 606 1441411200
573 536 1458950400
573 597 1458950400
573 31 1473379200
574 536 1437004800
574 1502 1437004800
574 1601 1437004800
574 160 1437004800
574 474 1437004800
574 1521 1465257600
574 1602 1465257600
575 536 1416873600
575 1603 1416873600
575 536 1429315200
575 1494 1437091200
575 537 1437091200
575 539 1437091200
575 1604 1437091200
575 1560 1437091200
576 474 1404950400
576 1607 1404950400
576 536 1424390400
576 1605 1492300800
576 1606 1492300800
577 1610 1344643200
577 1610 1344643200
577 1608 1356566400
577 1608 1356566400
577 1609 1362614400
577 1609 1362614400
577 536 1398988800
577 536 1411084800
577 536 1414454400
578 536 1410566400
578 1513 1410566400
578 1611 1410566400
578 760 1410566400
578 474 1410566400
579 1614 1356825600
579 1615 1356825600
579 1612 1382400000
579 1613 1398211200
579 1616 1398211200
579 536 1405209600
579 383 1416096000
579 1482 1430611200
579 30 1438646400
580 536 1404345600
580 180 1435881600
580 180 1435881600
580 467 1522368000
580 1479 1522368000
581 536 1404259200
581 1509 1404259200
581 467 1404259200
581 474 1404259200
581 1482 1404259200
582 536 1393372800
582 1143 1393804800
582 1617 1393804800
582 1143 1393804800
582 1617 1393804800
583 536 1388188800
583 536 1389052800
583 1618 1426032000
583 1037 1426032000
583 1619 1426032000
584 1542 1341100800
584 1622 1341100800
584 536 1351123200
584 1513 1351123200
584 1620 1351123200
584 536 1386547200
584 1612 1386547200
584 1486 1386547200
584 1621 1386547200
584 184 1388966400
584 1620 1389139200
585 1627 1331510400
585 770 1343779200
585 770 1343779200
585 1629 1348099200
585 1628 1348531200
585 419 1348531200
585 1625 1350259200
585 1623 1356739200
585 414 1356739200
585 1624 1356739200
585 1579 1356739200
585 438 1356739200
585 438 1356739200
585 1635 1404086400
585 1626 1405468800
585 1626 1405468800
585 873 1407715200
585 873 1407715200
585 1632 1407715200
585 1639 1407715200
585 1636 1414713600
585 1633 1431302400
585 1631 1455408000
585 1638 1456272000
585 1637 1473379200
585 1630 1474588800
585 1634 1483833600
585 134 1520985600
586 1640 1412812800
586 1128 1412812800
586 1641 1412812800
586 25 1464825600
586 25 1464825600
587 1644 1373500800
587 1643 1431216000
587 1623 1466899200
587 1642 1466899200
587 417 1466899200
587 1627 1466899200
587 1530 1466899200
587 1583 1466899200
587 416 1467504000
587 1584 1467504000
587 1594 1467504000
587 1578 1471996800
588 1623 1444521600
588 414 1472169600
588 493 1472169600
588 1646 1472169600
588 1647 1472169600
588 1645 1474848000
589 1628 1366156800
589 1623 1424131200
589 1642 1424131200
589 1578 1424131200
589 606 1424131200
589 1648 1428278400
589 1530 1441065600
589 1530 1446854400
589 1649 1459209600
589 1071 1473206400
589 1487 1482710400
589 1334 1510704000
590 1487 1397260800
590 1530 1397260800
590 1623 1421625600
590 1530 1421625600
590 162 1445731200
591 1623 1403481600
591 1362 1403481600
591 1579 1403481600
591 673 1403481600
591 673 1403481600
592 1651 1354838400
592 1623 1401753600
592 1642 1401753600
592 418 1401753600
592 1530 1487289600
592 1650 1516752000
593 1623 1398211200
593 1652 1398211200
593 1653 1398211200
593 1578 1398211200
593 418 1398211200
594 1623 1390521600
594 1578 1390521600
594 418 1390521600
594 673 1390521600
594 673 1390521600
594 1628 1390521600
594 1593 1390521600
594 1362 1396396800
594 1654 1396396800
594 1584 1504742400
595 414 1479254400
595 415 1479254400
595 1624 1479254400
595 1656 1479254400
595 575 1479254400
595 1655 1484092800
595 237 1502409600
596 415 1459555200
596 70 1459555200
596 673 1459555200
596 673 1459555200
596 414 1470528000
597 414 1405209600
597 426 1410048000
597 428 1410048000
597 429 1410048000
597 430 1410048000
597 431 1410048000
597 432 1410048000
597 433 1410048000
597 434 1410048000
598 414 1391299200
598 673 1391299200
598 673 1391299200
598 1627 1391299200
598 1580 1391299200
599 1658 1336694400
599 1624 1387324800
599 414 1388707200
599 415 1390262400
599 1577 1404086400
599 1657 1417737600
600 414 1387152000
600 415 1387152000
600 1627 1400630400
600 452 1400630400
600 1577 1408665600
601 414 1384214400
601 417 1384214400
601 1572 1407110400
601 1659 1438473600
601 1628 1476921600
602 1660 1336521600
602 1660 1336521600
602 418 1353974400
602 414 1362614400
602 1593 1408492800
602 1579 1408924800
603 415 1317340800
603 414 1320624000
603 414 1320624000
603 1624 1320624000
603 1579 1320624000
603 438 1320624000
603 438 1320624000
604 1661 1326412800
604 180 1326412800
604 25 1326412800
604 180 1326412800
604 25 1326412800
604 160 1326412800
604 1662 1326412800
605 1661 1432771200
605 180 1432857600
605 180 1432857600
605 1663 1465689600
605 1664 1498780800
605 1540 1499299200
606 1665 1389225600
606 205 1389225600
606 1666 1392336000
606 1667 1392336000
606 652 1393200000
606 157 1394668800
607 1578 1333584000
607 418 1333584000
607 1625 1335830400
607 1579 1342051200
607 1668 1342137600
607 417 1342137600
608 1668 1454025600
608 1582 1454025600
608 1625 1454025600
608 1487 1454025600
608 1578 1454025600
608 1578 1454025600
608 1578 1454025600
608 1669 1454025600
609 1668 1432944000
609 1487 1432944000
609 25 1432944000
609 25 1432944000
609 1670 1432944000
610 1668 1426204800
610 1671 1426204800
610 673 1426204800
610 1671 1426204800
610 673 1426204800
611 1362 1410307200
611 1668 1421798400
611 1487 1421798400
611 673 1425513600
611 673 1425513600
612 1668 1404345600
612 1625 1404345600
612 416 1404345600
612 1573 1404345600
612 673 1404345600
612 673 1404345600
612 1628 1404345600
612 1670 1404345600
612 1572 1404345600
612 1579 1446422400
613 1641 1387152000
613 1668 1402617600
613 1672 1437436800
613 418 1437436800
613 438 1437436800
613 438 1437436800
613 1580 1437436800
613 1669 1437436800
614 1668 1398124800
614 1624 1398124800
614 1578 1398124800
614 438 1398124800
614 438 1398124800
614 1593 1398124800
615 1673 1435795200
615 1674 1438905600
615 1675 1456185600
615 108 1509753600
615 125 1518480000
615 125 1518480000
616 846 1402444800
616 846 1402444800
616 1678 1402444800
616 1673 1416009600
616 1677 1416009600
616 1676 1443484800
616 1680 1443484800
616 1681 1443484800
616 1679 1504224000
617 1673 1408665600
617 1369 1408665600
617 1369 1408665600
617 1682 1413504000
617 1521 1483660800
618 1673 1388016000
618 740 1423440000
618 740 1423440000
618 1683 1446508800
618 692 1475884800
618 1684 1476230400
618 350 1479513600
618 427 1485388800
618 392 1508457600
619 1546 1499126400
619 1486 1499126400
619 472 1499126400
619 474 1499126400
619 185 1499126400
619 1678 1499126400
620 947 1423785600
620 1605 1487635200
620 598 1487635200
620 620 1487635200
620 119 1487635200
620 1179 1487635200
620 1685 1487635200
620 1546 1495065600
620 1520 1495065600
621 1546 1467331200
621 1493 1467331200
621 180 1467331200
621 180 1467331200
621 964 1467331200
621 846 1467331200
622 1522 1332288000
622 1686 1332288000
622 1687 1332288000
622 1686 1332288000
622 1687 1332288000
622 1688 1354147200
623 299 1463097600
623 1689 1463097600
623 420 1463097600
623 1690 1463097600
623 1693 1463097600
623 1694 1463097600
623 1522 1469059200
623 1691 1497571200
623 1692 1512432000
623 398 1519776000
623 398 1519776000
623 148 1535241600
624 1522 1441843200
624 1695 1475971200
624 1695 1475971200
624 1363 1475971200
624 1696 1480291200
624 1697 1480291200
625 236 1430179200
625 1698 1430179200
625 1522 1430352000
625 1522 1430352000
625 704 1430352000
625 559 1430352000
625 1695 1430352000
625 1695 1430352000
625 1695 1430352000
625 1695 1430352000
625 630 1430352000
625 1701 1430524800
625 398 1430524800
625 1701 1430524800
625 398 1430524800
625 1700 1430870400
625 1699 1441756800
626 1522 1412726400
626 1695 1412726400
626 1695 1412726400
626 992 1424563200
626 1702 1466035200
627 1522 1399852800
627 1704 1438732800
627 1705 1438732800
627 1703 1489017600
627 1703 1489017600
628 286 1394755200
628 1522 1398556800
628 1711 1398988800
628 56 1399248000
628 1709 1404604800
628 1709 1404604800
628 1713 1405123200
628 423 1405468800
628 1439 1411171200
628 388 1414540800
628 1706 1432944000
628 1717 1439856000
628 1707 1441324800
628 1715 1442275200
628 1710 1442361600
628 990 1442793600
628 1712 1444176000
628 496 1444694400
628 1706 1448755200
628 1375 1449532800
628 1714 1453420800
628 1718 1454544000
628 388 1459555200
628 1276 1459900800
628 1709 1464480000
628 1709 1464480000
628 675 1474934400
628 838 1478736000
628 1708 1479859200
628 1716 1498262400
629 643 1387670400
629 1719 1390176000
629 1719 1390176000
629 1522 1391040000
629 497 1416355200
629 1720 1478995200
630 1233 1497657600
630 1721 1497657600
630 1722 1497657600
630 1396 1497657600
630 1265 1497657600
631 1720 1487462400
631 61 1493424000
631 1233 1494201600
631 1723 1497312000
631 1155 1499990400
631 618 1529366400
632 1729 1433376000
632 1728 1438300800
632 1725 1449100800
632 1726 1449100800
632 1727 1449100800
632 378 1449100800
632 1730 1449100800
632 1724 1452816000
632 1233 1492819200
633 1732 1342828800
633 1233 1469491200
633 253 1484611200
633 1733 1499990400
633 1731 1513382400
634 1233 1442448000
634 1251 1442448000
634 1734 1442448000
634 1735 1442448000
634 253 1442448000
634 1307 1442448000
634 1736 1461715200
635 1233 1440892800
635 1721 1440892800
635 253 1440892800
635 1085 1440892800
635 1086 1453593600
635 1737 1457568000
636 1740 1354147200
636 1741 1354406400
636 1725 1371168000
636 256 1380153600
636 1739 1387584000
636 1738 1392336000
636 495 1417392000
636 1233 1439856000
636 1743 1502841600
636 1742 1515542400
637 1233 1401235200
637 1235 1428710400
637 1235 1428710400
637 496 1481068800
637 1725 1481068800
637 59 1483660800
638 1233 1386288000
638 1744 1386288000
638 1745 1386288000
638 1746 1386288000
638 1747 1386288000
638 1746 1386288000
638 1747 1386288000
639 1233 1378771200
639 253 1378771200
639 352 1403740800
639 346 1406160000
639 954 1423699200
639 1228 1443052800
639 1434 1443571200
639 1349 1445990400
639 298 1446595200
639 901 1530144000
640 1233 1376524800
640 1294 1390262400
640 1424 1430784000
640 280 1457740800
640 1749 1457740800
640 300 1458432000
640 81 1460419200
640 1418 1472083200
640 1737 1482883200
640 1748 1482883200
640 1305 1517788800
641 1233 1376265600
641 1237 1413849600
641 1750 1422921600
641 278 1430179200
641 1355 1463616000
641 946 1488412800
642 1067 1371686400
642 1233 1375315200
642 1120 1377561600
642 1179 1446163200
642 72 1452038400
642 1284 1458000000
642 257 1467244800
642 171 1490659200
642 1397 1493596800
643 17 1235001600
643 1233 1375142400
643 956 1403740800
643 263 1410134400
643 355 1433030400
644 1067 1374192000
644 949 1374192000
644 1233 1375142400
644 122 1403654400
644 527 1443916800
644 1304 1459900800
645 1233 1374883200
645 1265 1374883200
645 530 1414800000
645 921 1414800000
645 1010 1416268800
645 1159 1421366400
645 361 1437782400
645 1054 1442793600
645 1452 1448323200
645 1376 1448668800
645 257 1466640000
645 542 1467158400
645 532 1467590400
645 1020 1468368000
645 297 1468800000
645 363 1470787200
645 1106 1473638400
645 1107 1484092800
645 1298 1486080000
645 1298 1486080000
645 946 1487721600
645 970 1489449600
645 907 1490832000
645 913 1498608000
645 311 1498694400
645 226 1499299200
645 226 1500076800
645 1145 1501632000
645 749 1503273600
645 1751 1503273600
645 246 1525046400
646 1233 1374710400
646 527 1448323200
646 1391 1490572800
646 1393 1490832000
646 1331 1504483200
646 340 1529280000
647 1233 1373932800
647 253 1373932800
647 1251 1392076800
647 1252 1393286400
647 892 1393286400
647 892 1393286400
647 1271 1393804800
647 1235 1413331200
647 1235 1413331200
647 1237 1416268800
647 244 1430697600
647 1053 1440720000
647 305 1443052800
647 1152 1451865600
647 670 1464220800
647 1310 1468281600
647 1103 1468800000
647 1752 1468972800
647 1023 1473724800
647 1104 1473724800
647 916 1480291200
647 1119 1480377600
647 847 1504310400
648 1406 1314489600
648 1753 1323475200
648 1755 1323475200
648 1233 1373760000
648 1756 1387497600
648 1754 1399161600
648 1051 1400457600
648 1160 1420934400
648 310 1423353600
648 392 1426896000
648 292 1429574400
648 299 1445731200
648 1405 1450569600
648 1437 1474848000
649 1757 1331942400
649 1233 1373241600
649 1010 1415923200
649 314 1439596800
649 226 1497830400
649 39 1498780800
650 1758 1096675200
650 1759 1167350400
650 1759 1167350400
650 1759 1167350400
650 1759 1167350400
651 1744 1494028800
651 1764 1494028800
651 1765 1494028800
651 1760 1509235200
651 1761 1509667200
651 1762 1509667200
651 1741 1515024000
651 1763 1515024000
651 1766 1515024000
652 1768 1450569600
652 276 1457740800
652 1769 1479081600
652 1744 1481328000
652 1767 1481328000
653 1741 1464652800
653 1744 1464739200
653 1759 1465171200
653 1764 1470960000
653 1721 1480982400
653 1252 1483488000
654 949 1372636800
654 63 1400112000
654 1051 1404086400
654 1770 1437782400
654 681 1440547200
654 681 1440547200
654 1388 1446422400
654 388 1451260800
654 148 1458345600
654 1199 1458604800
654 1744 1462752000
654 269 1479168000
654 902 1483833600
654 83 1503187200
654 39 1508198400
654 894 1508198400
654 1115 1513641600
655 1727 1420588800
655 1366 1423440000
655 1235 1423440000
655 1772 1423440000
655 1235 1423440000
655 1772 1423440000
655 1744 1450656000
655 1771 1450656000
655 1771 1450656000
655 253 1460332800
655 1237 1529280000
656 1744 1435104000
656 1773 1435104000
656 636 1435104000
656 1774 1435104000
656 1654 1435104000
656 1236 1435104000
656 1775 1435104000
656 1758 1435104000
657 1744 1416268800
657 1744 1422403200
657 700 1423180800
657 1776 1423612800
657 1741 1442448000
658 1084 1394064000
658 1744 1416528000
658 1778 1416528000
658 1777 1441152000
658 1777 1441152000
659 1744 1410652800
659 1741 1458604800
659 1779 1458604800
659 1768 1458604800
659 1764 1458604800
659 1781 1458604800
659 1782 1458604800
659 1780 1461196800
659 305 1503100800
659 111 1503100800
660 1788 1355097600
660 1789 1357603200
660 1744 1360800000
660 1741 1360800000
660 1783 1366934400
660 1784 1366934400
660 1785 1366934400
660 1787 1376179200
660 424 1379203200
660 1786 1380067200
660 1742 1423353600
661 1786 1327190400
661 256 1327190400
661 1744 1327968000
661 570 1327968000
661 1237 1329091200
661 1790 1334793600
662 1744 1325289600
662 1771 1358380800
662 1771 1358380800
662 1772 1368144000
662 1772 1368144000
662 1737 1368144000
663 1791 1355270400
663 1792 1355270400
663 1791 1355270400
663 1793 1365984000
663 1793 1365984000
663 1794 1401321600
664 1796 1454457600
664 1796 1454457600
664 1138 1457136000
664 611 1462924800
664 1558 1470614400
664 1773 1483747200
664 1795 1485043200
664 636 1485043200
664 1797 1485043200
665 1799 1470268800
665 1801 1470268800
665 1795 1473552000
665 1798 1473552000
665 1800 1473552000
666 1795 1473292800
666 1774 1473292800
666 67 1474761600
666 1802 1490745600
666 1557 1493942400
667 386 1355961600
667 1795 1418515200
667 1801 1418515200
667 1798 1418515200
667 1797 1418515200
668 1800 1447027200
668 1797 1447027200
668 1803 1447027200
668 1804 1447027200
668 1805 1447027200
669 1801 1441584000
669 746 1451779200
669 442 1452038400
669 442 1452038400
669 445 1452038400
670 1811 1394496000
670 1807 1416441600
670 1806 1425254400
670 1773 1474675200
670 636 1474675200
670 1810 1477180800
670 1812 1496275200
670 1809 1498262400
670 1808 1508457600
670 1319 1520899200
670 1813 1520899200
671 1814 1427760000
671 1773 1470960000
671 636 1470960000
671 1774 1470960000
671 1803 1477785600
671 935 1477785600
672 1815 1248652800
672 1817 1248652800
672 1817 1248652800
672 1821 1248652800
672 1819 1334620800
672 1818 1354147200
672 1820 1372032000
672 1773 1388361600
672 1816 1397088000
672 1816 1397088000
672 1111 1446336000
672 991 1473120000
672 991 1473120000
672 1356 1479427200
672 1045 1486339200
672 1109 1490918400
672 983 1493251200
673 1823 1428019200
673 1822 1442361600
673 1808 1488585600
673 1824 1489536000
673 636 1494288000
674 97 1219449600
674 101 1219449600
674 101 1219449600
674 164 1220918400
674 97 1220918400
674 101 1220918400
674 101 1220918400
674 25 1425686400
674 25 1425686400
675 164 1520985600
675 97 1520985600
675 101 1520985600
675 101 1520985600
675 1567 1520985600
676 125 1509235200
676 125 1509235200
676 164 1511827200
676 97 1511827200
676 101 1511827200
676 101 1511827200
677 1825 1422835200
677 164 1511222400
677 97 1512432000
677 101 1512432000
677 101 1512432000
678 164 1508198400
678 97 1508198400
678 101 1508198400
678 101 1508198400
678 549 1508198400
678 1826 1508198400
679 863 1478390400
679 97 1503532800
679 101 1503532800
679 101 1503532800
679 164 1505433600
680 164 1505088000
680 97 1505088000
680 101 1505088000
680 101 1505088000
680 1827 1505088000
680 1567 1505088000
680 1828 1505088000
680 1829 1505088000
681 911 1499990400
681 911 1499990400
681 164 1503446400
681 97 1503446400
681 101 1503446400
681 101 1503446400
682 164 1500336000
682 97 1500336000
682 101 1500336000
682 101 1500336000
682 1567 1500336000
683 1831 1495584000
683 164 1498953600
683 1830 1498953600
683 1830 1498953600
683 1828 1498953600
684 1832 1452729600
684 164 1485993600
684 97 1485993600
684 101 1485993600
684 101 1485993600
685 1155 1471478400
685 164 1476748800
685 97 1476748800
685 101 1476748800
685 101 1476748800
686 164 1469750400
686 1567 1469750400
686 97 1491264000
686 101 1491264000
686 101 1491264000
687 97 1367366400
687 101 1367366400
687 101 1367366400
687 1833 1407456000
687 164 1455235200
688 164 1453161600
688 97 1453161600
688 101 1453161600
688 101 1453161600
688 1834 1453161600
689 164 1447632000
689 97 1447632000
689 101 1447632000
689 101 1447632000
689 1084 1447718400
689 1729 1447718400
690 164 1446336000
690 97 1446336000
690 101 1446336000
690 101 1446336000
690 1829 1446336000
691 1835 1414886400
691 97 1434326400
691 101 1434326400
691 101 1434326400
691 164 1442188800
691 1834 1442188800
692 97 1420934400
692 101 1420934400
692 101 1420934400
692 1829 1420934400
692 164 1434585600
693 164 1433808000
693 97 1433808000
693 101 1433808000
693 101 1433808000
693 1829 1433808000
694 205 1358380800
694 164 1425081600
694 97 1425081600
694 101 1425081600
694 101 1425081600
694 1829 1425081600
694 1836 1425081600
695 164 1424908800
695 97 1424908800
695 101 1424908800
695 101 1424908800
695 97 1426377600
695 101 1426377600
695 101 1426377600
696 164 1423094400
696 97 1423094400
696 101 1423094400
696 101 1423094400
696 1837 1486857600
697 97 1421366400
697 101 1421366400
697 101 1421366400
697 164 1421798400
697 1842 1430697600
697 1841 1431907200
697 1838 1432080000
697 1834 1433980800
697 1659 1447977600
697 1839 1450310400
697 1839 1450310400
697 1840 1485561600
697 327 1491609600
697 328 1491609600
697 178 1508716800
697 90 1508716800
697 91 1508716800
698 440 1420243200
698 164 1420329600
698 97 1420329600
698 101 1420329600
698 101 1420329600
699 1843 1392681600
699 1845 1392681600
699 164 1418342400
699 1844 1418342400
699 97 1438128000
699 101 1438128000
699 101 1438128000
700 164 1417478400
700 1827 1417478400
700 1413 1418169600
700 1846 1418169600
700 757 1428883200
701 164 1415491200
701 97 1415491200
701 101 1415491200
701 101 1415491200
701 549 1471046400
702 97 1338163200
702 101 1338163200
702 101 1338163200
702 331 1397606400
702 164 1409529600
703 164 1404259200
703 164 1407369600
703 97 1415750400
703 101 1415750400
703 101 1415750400
703 1847 1439769600
704 97 1389484800
704 101 1389484800
704 101 1389484800
704 97 1395792000
704 101 1395792000
704 101 1395792000
704 164 1397260800
705 1848 1420502400
705 1586 1420502400
705 1849 1420502400
705 1590 1420502400
705 1587 1420502400
706 1850 1349481600
706 1848 1410220800
706 1851 1410307200
706 1851 1424304000
706 1852 1424304000
706 625 1424304000
706 398 1439424000
706 398 1439424000
706 59 1439424000
706 189 1439424000
706 1853 1439424000
706 184 1441238400
706 575 1443744000
706 467 1445558400
706 31 1445558400
706 1855 1455753600
706 1587 1470355200
706 1720 1483228800
706 1854 1483228800
706 1856 1485302400
706 1852 1486425600
706 627 1487721600
707 1848 1392422400
707 599 1392422400
707 1859 1392422400
707 1860 1392422400
707 1857 1423180800
707 1858 1423180800
708 1848 1338336000
708 205 1437523200
708 90 1437523200
708 1851 1437523200
708 91 1437523200
709 813 1457049600
709 814 1457049600
709 549 1457049600
709 1861 1457049600
709 1862 1457049600
710 813 1452556800
710 1863 1452556800
710 814 1452556800
710 1864 1452556800
710 1865 1452556800
710 1866 1452556800
710 1867 1452556800
711 1871 1420243200
711 1211 1434153600
711 813 1451952000
711 814 1451952000
711 793 1451952000
711 1869 1451952000
711 1870 1451952000
711 1868 1476403200
712 442 1319500800
712 442 1319500800
712 445 1319500800
712 1874 1386547200
712 778 1398384000
712 1875 1410566400
712 996 1410652800
712 1873 1431907200
712 519 1431993600
712 813 1446422400
712 814 1446422400
712 1872 1512259200
712 484 1525305600
713 1876 1463961600
713 1719 1463961600
713 1719 1463961600
713 1877 1463961600
713 1878 1463961600
713 606 1465430400
713 546 1465862400
713 1879 1468540800
713 56 1471392000
713 426 1507593600
713 428 1507593600
713 429 1507593600
713 430 1507593600
713 431 1507593600
713 432 1507593600
713 433 1507593600
713 434 1507593600
714 813 1344297600
714 1880 1344297600
714 814 1344297600
714 516 1344297600
714 1881 1344297600
714 1882 1344297600
715 103 1088467200
715 1883 1317859200
715 233 1318896000
715 813 1327449600
715 814 1327449600
716 1876 1458604800
716 1884 1458604800
716 1885 1458604800
716 1885 1458604800
716 1886 1458604800
716 1211 1458604800
716 1887 1458604800
717 559 1454371200
717 801 1454371200
717 1700 1454371200
717 1888 1454371200
717 991 1454371200
717 1889 1454371200
717 1890 1454371200
717 1891 1454371200
717 591 1454371200
717 1888 1454371200
717 991 1454371200
717 1889 1454371200
717 1890 1454371200
717 1891 1454371200
717 591 1454371200
717 1892 1454371200
717 1893 1454371200
717 1683 1454371200
717 1894 1454371200
717 1895 1454371200
717 1876 1455667200
717 1816 1455667200
717 1816 1455667200
718 692 1368489600
718 1896 1413331200
718 1896 1413331200
718 56 1422489600
718 1876 1452297600
718 225 1452297600
718 1211 1452297600
718 440 1461542400
718 1714 1490659200
718 1897 1497312000
718 125 1500768000
718 125 1500768000
718 876 1504137600
718 128 1514073600
719 327 1375747200
719 328 1375747200
719 1876 1398556800
719 1898 1398556800
719 1899 1398556800
719 1899 1398556800
719 1900 1493683200
720 1876 1394236800
720 1683 1394236800
720 1901 1394236800
720 566 1394236800
720 90 1464825600
720 91 1464825600
720 813 1464825600
720 814 1464825600
721 1903 1384387200
721 1905 1384387200
721 1905 1384387200
721 1876 1385164800
721 989 1385164800
721 1902 1385769600
721 50 1388448000
721 516 1408924800
721 17 1413244800
721 1906 1422489600
721 996 1424995200
721 996 1424995200
721 1904 1426550400
721 1907 1430784000
722 1876 1367452800
722 1910 1423353600
722 1908 1442448000
722 854 1462665600
722 692 1468108800
722 1909 1480377600
722 1909 1480377600
722 467 1480377600
722 680 1491609600
722 427 1502582400
722 44 1502582400
722 1911 1503792000
722 1692 1523836800
722 1912 1530662400
723 447 1173052800
723 1900 1247702400
723 1900 1247788800
723 469 1266537600
723 1913 1292284800
723 1876 1357516800
723 104 1436918400
724 2 1484352000
724 287 1484352000
724 1915 1484352000
724 168 1492300800
724 1914 1497139200
725 965 1388793600
725 696 1483574400
725 1914 1491091200
725 696 1497657600
725 698 1497657600
726 893 1491782400
726 348 1502323200
726 1305 1506124800
726 1924 1506124800
726 1926 1506124800
726 1927 1506124800
726 1928 1506124800
726 1922 1506556800
726 278 1510358400
726 1917 1510358400
726 1921 1510358400
726 170 1510358400
726 1923 1510358400
726 1925 1510358400
726 1916 1517875200
726 1919 1517875200
726 1294 1517875200
726 1920 1517961600
726 1918 1518566400
726 294 1518566400
727 278 1450742400
727 1929 1451865600
727 1929 1451865600
727 228 1451865600
727 278 1451952000
728 908 1392768000
728 339 1392768000
728 339 1392768000
728 1044 1398297600
728 1458 1404345600
728 278 1424217600
728 278 1430697600
728 897 1431561600
728 330 1453075200
728 896 1457740800
728 914 1458086400
728 366 1458950400
728 1156 1461974400
728 1357 1464480000
728 1140 1474588800
728 299 1476921600
728 172 1487462400
728 998 1490572800
728 1077 1493942400
728 1378 1511913600
728 668 1525478400
728 1144 1531612800
728 1048 1531612800
729 75 1405296000
729 921 1415232000
729 278 1430438400
729 1930 1432080000
729 932 1453334400
729 1269 1480896000
729 1250 1483228800
730 198 1420588800
730 278 1430438400
730 940 1430524800
730 1376 1449532800
730 978 1464307200
730 916 1479686400
730 71 1490572800
731 711 1361577600
731 973 1400716800
731 1931 1423267200
731 278 1430352000
731 930 1444953600
731 1052 1458345600
731 368 1469232000
731 1008 1481328000
731 1009 1481328000
731 577 1481328000
731 171 1488672000
731 913 1498262400
731 248 1499040000
731 1145 1501286400
731 1048 1534204800
732 1155 1394323200
732 346 1407283200
732 65 1417737600
732 278 1430352000
732 918 1430352000
732 1183 1466035200
732 935 1466553600
732 351 1466812800
732 895 1467417600
732 1047 1467417600
732 369 1467849600
732 268 1468022400
732 1020 1468195200
732 375 1468972800
732 1093 1489881600
733 372 1398384000
733 1159 1420243200
733 1931 1423094400
733 278 1430265600
733 1136 1445558400
733 958 1449964800
734 1251 1394755200
734 1252 1394755200
734 263 1406332800
734 1247 1415750400
734 278 1430179200
734 951 1431216000
734 1141 1450569600
734 508 1451174400
734 1103 1469664000
734 959 1475798400
734 1024 1488931200
734 1297 1531094400
735 333 1394496000
735 1237 1413504000
735 1153 1415232000
735 1220 1417651200
735 278 1430092800
735 1117 1430265600
735 343 1441843200
735 1273 1442102400
735 285 1448582400
735 1093 1478649600
735 1087 1526515200
736 278 1430092800
736 67 1446336000
736 1087 1464912000
736 1379 1466294400
736 1171 1472860800
736 1110 1473465600
736 1110 1473465600
736 276 1474243200
736 959 1474934400
736 619 1485907200
736 1077 1492646400
737 1932 1376352000
737 333 1390348800
737 908 1391299200
737 258 1391299200
737 988 1396656000
737 530 1415232000
737 1002 1424217600
737 278 1430092800
737 1407 1433462400
737 1222 1436832000
737 1154 1443312000
737 358 1445472000
737 137 1445990400
737 1264 1446854400
737 1199 1458432000
737 563 1459296000
737 1014 1460592000
737 1309 1461196800
737 1355 1463788800
737 257 1466899200
737 1087 1467676800
737 532 1467936000
737 826 1468022400
737 255 1468368000
737 1019 1468886400
737 307 1469059200
737 375 1469059200
737 1039 1473379200
737 1022 1479254400
737 1024 1482019200
737 1122 1482105600
737 322 1484956800
737 1215 1488412800
737 1397 1490227200
737 313 1490400000
737 911 1497398400
737 311 1497657600
737 335 1497830400
737 299 1501200000
737 326 1502150400
737 83 1502582400
737 1256 1508889600
737 1115 1512172800
737 239 1523404800
737 22 1524355200
737 1096 1524355200
737 1090 1524441600
737 1094 1524700800
737 1095 1524873600
737 235 1525651200
738 1086 1392508800
738 278 1430092800
738 959 1475280000
738 1175 1485648000
738 335 1527292800
738 311 1527292800
738 39 1527379200
738 226 1527638400
739 1933 1391040000
739 278 1418256000
739 1934 1418601600
739 1935 1419897600
739 476 1463443200
739 529 1463443200
740 1937 1408838400
740 1938 1411084800
740 1936 1414800000
740 278 1415664000
740 168 1415664000
741 1001 1400371200
741 1880 1417219200
741 44 1417219200
741 1939 1484524800
741 44 1486512000
742 593 1334620800
742 1940 1355184000
742 205 1374710400
742 1941 1374710400
742 1941 1374710400
742 1942 1379116800
743 278 1363737600
743 442 1370563200
743 442 1370563200
743 445 1370563200
743 1372 1376179200
744 697 1415145600
744 1940 1415836800
744 1943 1415836800
744 1944 1415836800
744 1945 1415836800
745 1940 1361577600
745 1947 1361577600
745 1946 1408924800
745 1946 1408924800
745 1948 1428796800
745 1949 1441670400
746 1951 1426377600
746 1569 1427155200
746 1952 1433289600
746 1953 1433289600
746 1954 1433289600
746 1950 1479600000
747 1955 1401235200
747 1956 1401235200
747 1957 1401235200
747 1957 1401235200
747 1958 1401235200
748 1672 1414281600
748 1729 1414281600
748 118 1414281600
748 1959 1414627200
748 1960 1414886400
748 885 1414886400
748 1961 1436659200
749 1964 1451952000
749 1863 1452211200
749 1962 1475366400
749 1963 1475539200
749 730 1485907200
750 52 1441411200
750 225 1448236800
750 44 1448236800
750 1863 1450828800
750 716 1450828800
750 1894 1450828800
750 1965 1450828800
750 1966 1450828800
750 1967 1450828800
751 106 1368576000
751 190 1369699200
751 1959 1375660800
751 1968 1377734400
751 1968 1377734400
751 1969 1385424000
751 686 1413244800
752 652 1390953600
752 1595 1397260800
752 546 1397260800
752 1863 1408924800
752 566 1408924800
752 1970 1412035200
752 157 1418860800
752 1719 1422144000
752 1719 1422144000
753 56 1367452800
753 546 1367452800
753 233 1372291200
753 676 1378339200
753 840 1395446400
753 840 1395446400
753 851 1397433600
753 1863 1405641600
753 1971 1422748800
753 801 1425686400
754 1863 1367971200
754 327 1367971200
754 328 1367971200
754 1972 1367971200
754 1972 1367971200
754 840 1367971200
754 516 1367971200
755 1973 1262908800
755 1863 1296086400
755 24 1359936000
755 24 1359936000
755 1974 1453075200
756 1975 1428969600
756 1976 1428969600
756 908 1429142400
756 1384 1429142400
756 241 1429142400
756 1417 1429142400
756 1977 1429142400
756 1978 1429142400
757 1092 1391212800
757 908 1393977600
757 1089 1398988800
757 352 1400371200
757 1192 1406073600
757 1457 1412812800
757 1081 1416441600
757 291 1431302400
757 201 1434758400
757 1421 1454889600
757 1055 1464307200
757 271 1468108800
758 908 1393459200
758 339 1395273600
758 196 1403654400
758 534 1405382400
758 74 1408060800
758 1267 1422403200
758 1930 1432771200
759 908 1393286400
759 922 1417910400
759 170 1461369600
759 311 1500422400
759 910 1507852800
760 908 1393200000
760 355 1414800000
760 219 1425686400
760 312 1448582400
760 240 1467417600
760 669 1469145600
760 371 1470441600
760 1428 1488931200
760 1242 1489276800
760 824 1495238400
760 1090 1526169600
761 1265 1375056000
761 908 1393113600
761 1302 1415145600
761 1360 1438560000
761 551 1455667200
761 369 1468108800
761 998 1488585600
761 302 1493510400
761 39 1498348800
761 1094 1525392000
762 1979 1210809600
762 908 1392768000
762 258 1392768000
762 63 1400112000
762 196 1402272000
762 967 1426896000
762 1980 1446768000
762 1188 1474243200
762 788 1486425600
762 243 1487030400
762 1253 1490054400
762 1045 1490054400
762 955 1490054400
763 908 1392768000
763 1089 1400025600
763 1981 1404691200
763 1982 1404691200
763 1981 1404691200
763 1982 1404691200
763 715 1419206400
763 551 1453507200
763 266 1459209600
764 908 1392681600
764 526 1396224000
764 526 1396224000
764 988 1398297600
764 1129 1401667200
764 199 1414886400
764 1157 1418342400
764 1160 1420588800
764 940 1430870400
764 219 1437868800
764 220 1437868800
764 304 1445385600
764 358 1445731200
764 1134 1446854400
764 298 1448150400
764 312 1448150400
764 1983 1472860800
764 299 1477353600
764 226 1497916800
764 39 1497916800
764 907 1497916800
764 1191 1497916800
764 311 1498003200
764 1124 1502236800
765 908 1391990400
765 339 1391990400
765 339 1391990400
765 289 1431129600
765 930 1445472000
765 485 1460073600
765 1055 1465257600
765 1062 1494460800
765 1151 1494460800
765 311 1499990400
765 1919 1522800000
766 908 1391990400
766 528 1391990400
766 1085 1391990400
766 1307 1396828800
766 1458 1404259200
766 1153 1416787200
766 65 1418428800
766 897 1430956800
766 1230 1430956800
766 291 1432425600
766 68 1436918400
766 73 1446422400
766 45 1446940800
766 1357 1463011200
766 1049 1465257600
766 1984 1470096000
767 908 1391817600
767 258 1392508800
767 1051 1403049600
767 66 1416268800
767 981 1430179200
767 1168 1432598400
767 1434 1444608000
767 1376 1448755200
767 1684 1454112000
767 1421 1456272000
767 81 1460678400
767 337 1475366400
767 1232 1528675200
767 1048 1529452800
768 908 1391558400
768 1081 1415404800
768 356 1429833600
768 1117 1430092800
768 68 1434585600
768 295 1444780800
768 298 1448323200
769 908 1390953600
769 345 1416441600
769 920 1419033600
769 1985 1419033600
769 922 1419120000
769 1986 1419120000
769 202 1439164800
769 361 1439251200
769 314 1442102400
769 314 1442102400
769 1408 1442534400
769 1054 1443398400
769 308 1443830400
769 1353 1445472000
769 305 1445558400
769 312 1445558400
769 317 1446768000
769 137 1446854400
769 1072 1447113600
769 299 1447286400
769 1141 1448841600
769 285 1448841600
769 939 1455494400
769 1147 1458259200
769 1017 1459814400
769 1156 1462147200
769 245 1465689600
769 934 1465862400
769 1087 1466726400
769 1225 1468022400
769 375 1469232000
769 1221 1470441600
769 1106 1473984000
769 1140 1474329600
769 1162 1475107200
769 1023 1475107200
769 347 1475539200
769 325 1476576000
769 896 1477353600
769 1163 1478304000
769 243 1485648000
769 1167 1498003200
769 226 1498089600
769 335 1498089600
769 226 1498262400
769 1040 1499731200
769 39 1499817600
769 1177 1516406400
769 1293 1519344000
769 1259 1526256000
770 1987 1383350400
770 908 1390867200
770 258 1390867200
770 1044 1398988800
770 962 1423094400
770 1098 1446508800
770 1248 1446508800
770 952 1448236800
770 1105 1468454400
770 276 1473897600
770 979 1479513600
770 899 1485388800
770 907 1491696000
770 39 1498262400
770 1108 1510876800
770 986 1511740800
771 908 1390867200
771 254 1417651200
771 1410 1421798400
771 195 1431043200
771 195 1431043200
771 1441 1433289600
771 1149 1458259200
771 1199 1458345600
771 1357 1460419200
771 1309 1461369600
771 1156 1461369600
771 1055 1464480000
771 1019 1468368000
771 27 1475107200
771 1250 1484697600
771 788 1485216000
771 911 1497916800
771 944 1501200000
771 944 1506988800
771 1256 1508803200
771 1378 1511049600
771 937 1523404800
771 551 1524096000
771 1082 1532736000
772 427 1270857600
772 1989 1341792000
772 908 1390780800
772 1988 1396224000
772 988 1396224000
772 372 1398643200
772 63 1398643200
772 349 1400976000
772 353 1400976000
772 247 1430438400
772 1240 1444953600
772 1028 1447891200
772 1141 1448928000
772 914 1457481600
772 1357 1460073600
772 365 1460332800
772 1309 1461110400
772 935 1465862400
772 934 1466812800
772 826 1467244800
772 895 1467331200
772 371 1469664000
772 363 1469836800
772 370 1470700800
772 276 1474070400
772 1250 1482969600
772 1077 1492300800
772 980 1493769600
772 311 1497484800
772 335 1499299200
772 335 1499558400
772 299 1501286400
772 1145 1501632000
772 1115 1511568000
772 749 1520899200
772 1128 1525219200
772 1270 1525478400
773 908 1390694400
773 1005 1399161600
773 1220 1415318400
773 1438 1418947200
773 260 1447372800
773 1028 1448323200
773 934 1466553600
774 757 1437436800
774 1727 1499385600
774 1990 1499385600
774 378 1499385600
774 1726 1508544000
774 495 1524182400
775 333 1425340800
775 1724 1468022400
775 1790 1468022400
775 1727 1476921600
775 1737 1476921600
775 1992 1476921600
775 1991 1477353600
775 1990 1480204800
775 1274 1480204800
775 1366 1481500800
775 1246 1486684800
775 1993 1496102400
775 104 1501545600
775 495 1513036800
775 206 1513036800
776 1994 1377993600
776 1251 1377993600
776 1726 1377993600
776 329 1377993600
776 1721 1377993600
776 1392 1377993600
776 892 1377993600
776 1392 1377993600
776 892 1377993600
776 1996 1377993600
776 1846 1429747200
776 496 1431907200
776 1252 1431907200
776 378 1431907200
776 1238 1431907200
776 1997 1431907200
776 1998 1431907200
776 348 1433030400
776 495 1506384000
776 1995 1506384000
777 1263 1389571200
777 182 1394236800
777 28 1394755200
777 2040 1397520000
777 2042 1397692800
777 2012 1400025600
777 2039 1400630400
777 467 1400716800
777 2018 1401062400
777 2003 1401321600
777 2010 1401580800
777 1463 1401667200
777 426 1403654400
777 428 1403654400
777 429 1403654400
777 430 1403654400
777 431 1403654400
777 432 1403654400
777 433 1403654400
777 434 1403654400
777 2008 1403740800
777 565 1405209600
777 567 1406160000
777 2017 1406505600
777 2028 1407110400
777 2004 1407628800
777 2004 1407628800
777 2047 1407974400
777 525 1408838400
777 397 1410048000
777 397 1410048000
777 2044 1412640000
777 929 1414713600
777 929 1414713600
777 1932 1415145600
777 2005 1415318400
777 1126 1415750400
777 1126 1415750400
777 236 1416009600
777 92 1422316800
777 551 1422576000
777 327 1423699200
777 328 1423699200
777 1210 1425254400
777 48 1425340800
777 177 1425772800
777 1150 1426982400
777 2045 1427155200
777 1884 1430006400
777 1089 1430006400
777 345 1431216000
777 2000 1433203200
777 2029 1433980800
777 2014 1434844800
777 2007 1434931200
777 2043 1439769600
777 2020 1441065600
777 1707 1441670400
777 2030 1442361600
777 423 1443139200
777 327 1444348800
777 328 1444348800
777 1612 1445040000
777 728 1446249600
777 2033 1448150400
777 2031 1448236800
777 1016 1449360000
777 196 1450137600
777 990 1451692800
777 2046 1451865600
777 2006 1451952000
777 1989 1453161600
777 2011 1453766400
777 223 1456272000
777 2048 1456617600
777 1889 1459296000
777 1889 1459296000
777 2026 1459728000
777 2002 1460332800
777 1370 1460332800
777 327 1460851200
777 328 1460851200
777 2038 1462320000
777 2050 1463529600
777 1051 1463616000
777 1013 1464739200
777 795 1464998400
777 1389 1465084800
777 2016 1465344000
777 535 1465344000
777 2021 1465430400
777 2051 1465603200
777 2024 1465689600
777 2052 1465948800
777 1186 1466035200
777 2034 1467331200
777 2015 1468195200
777 2001 1468972800
777 2037 1470441600
777 2041 1471219200
777 2027 1471305600
777 1367 1471910400
777 2032 1471910400
777 692 1474934400
777 2036 1479168000
777 2019 1479254400
777 1999 1480464000
777 1481 1480896000
777 2009 1482192000
777 2049 1483488000
777 2035 1485561600
777 2023 1487030400
777 2022 1488326400
777 2025 1490918400
777 2013 1497312000
777 747 1497398400
777 1646 1497398400
777 669 1505952000
778 2056 1395705600
778 2059 1409529600
778 1902 1412640000
778 52 1414281600
778 2054 1419638400
778 606 1421798400
778 2060 1432252800
778 384 1433635200
778 2057 1435104000
778 2061 1444348800
778 1471 1450828800
778 1414 1450828800
778 612 1450828800
778 2053 1453939200
778 1561 1453939200
778 2062 1456963200
778 206 1462406400
778 2055 1462406400
778 816 1462406400
778 613 1462406400
778 1999 1462924800
778 2058 1462924800
778 578 1478044800
779 2063 1478044800
779 495 1490572800
779 1790 1490572800
779 1992 1490572800
779 923 1490572800
780 2065 1394928000
780 113 1394928000
780 1835 1407196800
780 2067 1432771200
780 495 1489708800
780 1724 1489708800
780 2064 1489708800
780 2066 1489708800
781 2068 1413936000
781 1528 1468627200
781 496 1472860800
781 497 1472860800
781 2069 1472860800
781 1457 1475712000
781 2071 1483142400
781 495 1489449600
781 1737 1489449600
781 333 1489449600
781 2070 1513468800
782 1672 1307664000
782 855 1355097600
782 2072 1355097600
782 2072 1355097600
782 1999 1399852800
782 2073 1408752000
782 1401 1408752000
783 651 1473811200
783 1387 1473811200
783 495 1483574400
783 1725 1483574400
783 2075 1489968000
783 2074 1525910400
784 1790 1472601600
784 1727 1472601600
784 495 1476748800
784 2076 1491177600
784 1725 1494115200
785 2077 1441411200
785 2080 1441411200
785 645 1445212800
785 495 1472947200
785 1727 1474761600
785 1737 1474761600
785 2078 1479945600
785 2079 1479945600
785 200 1479945600
785 1366 1481068800
786 495 1469318400
786 1790 1469318400
786 1726 1469318400
786 1727 1469318400
786 497 1469318400
787 496 1427760000
787 2063 1427760000
787 2076 1427760000
787 1366 1427760000
787 1737 1427760000
787 2081 1427760000
787 1790 1439596800
787 495 1461542400
787 1724 1461542400
787 2064 1482710400
787 378 1482710400
787 1222 1491609600
788 2082 1448064000
788 495 1455667200
788 497 1456963200
788 2083 1475884800
788 2084 1475884800
789 1235 1420761600
789 1235 1420761600
789 1768 1420761600
789 495 1454976000
789 1173 1470441600
790 1157 1397260800
790 2086 1397260800
790 699 1515196800
790 2085 1515196800
790 442 1519603200
790 442 1519603200
790 445 1519603200
791 1090 1432598400
791 493 1432598400
791 2087 1432598400
791 495 1454112000
791 1725 1454112000
791 573 1454112000
792 1994 1393027200
792 1084 1393027200
792 2088 1393027200
792 1430 1393027200
792 194 1393027200
792 757 1393027200
792 1068 1393027200
792 1252 1393459200
792 329 1393459200
792 1721 1393459200
792 892 1393459200
792 892 1393459200
792 1251 1395014400
792 495 1453593600
792 2076 1454630400
792 2064 1454630400
793 495 1451779200
793 1727 1451779200
793 497 1452816000
793 976 1470268800
793 1725 1470355200
793 378 1470700800
793 2078 1487808000
794 495 1450742400
794 1790 1450742400
794 1727 1450742400
794 1737 1450742400
794 1235 1450742400
794 1772 1450742400
795 495 1450310400
795 1251 1450310400
795 497 1450310400
795 2089 1451520000
795 1413 1451520000
796 802 1456012800
796 578 1456012800
796 2090 1457222400
796 699 1483488000
796 1178 1524614400
797 1007 1407456000
797 66 1415059200
797 1190 1415750400
797 219 1423008000
797 960 1423699200
797 2092 1430524800
797 1222 1436918400
797 1241 1437609600
797 681 1440201600
797 681 1440201600
797 140 1445385600
797 2091 1446336000
797 1188 1446336000
797 495 1447718400
797 1725 1447718400
797 1314 1447718400
797 2093 1448928000
797 2078 1454371200
797 28 1455148800
797 7 1455753600
797 1445 1458432000
797 670 1464307200
797 245 1465257600
797 1202 1473811200
797 1039 1474416000
797 1331 1502236800
797 279 1509494400
797 938 1511136000
797 1378 1511740800
798 2094 1433980800
798 2094 1433980800
798 495 1446940800
798 591 1446940800
798 591 1446940800
798 2079 1446940800
798 2095 1446940800
798 2096 1446940800
799 1122 1482624000
799 699 1482969600
799 243 1488585600
799 2098 1488585600
799 1062 1489881600
799 1229 1491436800
799 1231 1491436800
799 1397 1491868800
799 1425 1492387200
799 2097 1492473600
799 933 1493424000
799 1151 1493596800
799 983 1493596800
799 1215 1495584000
799 1245 1497398400
799 83 1503792000
799 671 1504656000
799 1063 1506988800
799 900 1511481600
799 900 1511481600
799 235 1525737600
799 982 1529452800
800 982 1471996800
800 699 1476835200
800 520 1476835200
800 520 1476835200
800 2099 1511049600
800 86 1528329600
801 495 1439251200
801 1703 1439251200
801 1703 1439251200
801 496 1442793600
801 497 1442793600
801 1722 1445558400
802 711 1357257600
802 495 1439078400
802 1725 1439078400
802 2100 1439078400
802 1157 1439078400
803 801 1423353600
803 189 1423353600
803 699 1425686400
803 20 1425686400
803 1245 1425686400
804 495 1435190400
804 1366 1435276800
804 2064 1435276800
804 497 1435276800
804 1413 1457049600
804 1084 1522540800
805 2102 1344556800
805 1383 1388707200
805 699 1422748800
805 2103 1430438400
805 2101 1435536000
806 2105 1277596800
806 495 1431043200
806 2104 1431043200
806 2078 1446595200
806 2106 1524614400
806 2107 1524614400
807 495 1430265600
807 2063 1430265600
807 2108 1430265600
807 2109 1430265600
807 1366 1430265600
807 2064 1430265600
807 2104 1430265600
807 2110 1430265600
807 2111 1430265600
807 1790 1430352000
807 378 1430352000
807 1092 1457568000
808 495 1427328000
808 1724 1427328000
808 1790 1427328000
808 1725 1427328000
808 1726 1427328000
808 497 1427328000
808 1235 1427328000
808 1235 1427328000
808 976 1427328000
808 1085 1427328000
808 378 1427328000
808 2112 1427328000
809 1740 1370736000
809 1997 1416268800
809 1068 1420416000
809 1235 1424563200
809 1235 1424563200
809 2113 1424563200
809 1772 1424563200
809 495 1424649600
809 2114 1424649600
810 2116 1362614400
810 599 1365897600
810 1784 1370649600
810 2117 1370649600
810 1253 1370649600
810 2115 1371340800
810 495 1421625600
810 2118 1431302400
810 854 1434326400
810 1852 1434326400
810 854 1453507200
810 923 1467417600
810 1783 1485388800
810 2119 1509235200
811 495 1417478400
811 1772 1417478400
811 1772 1417478400
811 1235 1428192000
811 1235 1428192000
812 495 1416960000
812 1772 1416960000
812 1772 1416960000
812 1274 1435017600
812 1992 1447977600
813 495 1415750400
813 2063 1415750400
813 2076 1415750400
813 1725 1415750400
813 1283 1415750400
814 495 1410307200
814 1790 1410307200
814 378 1410307200
814 496 1511913600
814 2078 1511913600
815 1990 1380931200
815 2076 1397260800
815 1737 1404432000
815 495 1409356800
815 2104 1409356800
816 1747 1391990400
816 1747 1391990400
816 2120 1393632000
816 2120 1393632000
816 495 1404777600
816 2121 1422316800
816 497 1436400000
817 495 1403049600
817 1724 1403049600
817 1737 1403049600
817 2122 1403049600
817 35 1403222400
818 495 1399248000
818 1790 1509840000
818 1725 1509840000
818 1737 1509840000
818 2123 1509840000
819 495 1394668800
819 1725 1394668800
819 2124 1394668800
819 1235 1394668800
819 1235 1394668800
819 1737 1394668800
820 495 1386806400
820 1994 1386806400
820 2125 1386806400
820 1790 1386806400
820 2126 1386806400
820 1771 1386806400
820 1772 1386806400
820 1771 1386806400
820 1772 1386806400
820 333 1386806400
820 2127 1386806400
821 495 1379376000
821 1084 1379376000
821 2123 1379376000
821 1430 1379376000
821 497 1401494400
822 495 1369872000
822 1725 1369872000
822 1726 1369872000
822 378 1401926400
822 1737 1411084800
823 2128 1366416000
823 1366 1368316800
823 976 1368403200
823 495 1368748800
823 1725 1369699200
823 2064 1369699200
823 2076 1369872000
823 2109 1369872000
823 256 1374537600
824 495 1367539200
824 2076 1370390400
824 2129 1370390400
824 2131 1376524800
824 2130 1411430400
824 1727 1471305600
824 2063 1471305600
824 2079 1480982400
824 1724 1497225600
825 1366 1339977600
825 495 1361577600
825 1366 1361577600
825 497 1361577600
825 2079 1361577600
825 1084 1388188800
825 1781 1421107200
826 495 1355702400
826 1790 1372896000
826 1725 1372896000
826 1727 1372896000
826 17 1372896000
826 2132 1406505600
827 1884 1454198400
827 56 1454198400
827 546 1454198400
827 44 1454198400
827 1971 1454198400
827 791 1454198400
827 2133 1454198400
827 2134 1454198400
827 2135 1454198400
828 1884 1444780800
828 476 1444780800
828 476 1444780800
828 234 1444780800
828 529 1444780800
828 930 1444780800
828 1868 1507852800
829 2136 1426291200
829 1537 1426291200
829 1305 1426291200
829 824 1426291200
829 824 1426291200
830 2138 1410134400
830 2136 1410912000
830 1352 1421020800
830 1932 1434240000
830 2137 1434326400
831 1608 1348099200
831 1608 1348099200
831 138 1387756800
831 2139 1387756800
831 2136 1390262400
831 2140 1433548800
831 31 1493251200
832 1397 1520640000
832 2141 1520640000
832 2142 1520640000
832 1383 1520726400
832 699 1520726400
832 982 1520726400
832 2143 1520726400
833 1383 1482192000
833 20 1482192000
833 99 1482278400
833 119 1482278400
833 120 1482278400
833 1487 1483833600
833 2144 1485907200
833 701 1485907200
834 42 1416096000
834 42 1416096000
834 2145 1443916800
834 2145 1443916800
834 1383 1480464000
835 1383 1466467200
835 20 1466467200
835 2146 1466467200
835 2147 1466467200
835 2143 1466467200
835 2136 1466467200
836 21 1260316800
836 2148 1260316800
836 398 1357776000
836 398 1357776000
836 1383 1442102400
836 2141 1442102400
836 2149 1478908800
837 1383 1277683200
837 2150 1370822400
837 2151 1370822400
837 2152 1370822400
837 2153 1370822400
838 1719 1426550400
838 1719 1426550400
838 2154 1432080000
838 2155 1433030400
838 582 1465776000
838 731 1531180800
839 1819 1382572800
839 582 1409961600
839 2156 1449532800
839 2158 1476144000
839 2157 1500768000
840 2159 1332806400
840 2160 1351036800
840 2161 1351036800
840 2160 1351036800
840 2161 1351036800
840 2159 1374710400
840 1494 1417219200
840 45 1433376000
841 442 1418083200
841 442 1418083200
841 445 1418083200
841 798 1419120000
841 2 1419120000
842 2162 1405814400
842 798 1416096000
842 2163 1418169600
842 2165 1418169600
842 2164 1431043200
843 1364 1408838400
843 1365 1408838400
843 596 1408838400
843 798 1412812800
843 479 1412812800
844 585 1335139200
844 564 1361232000
844 798 1400284800
844 2166 1400284800
844 615 1401408000
845 798 1357862400
845 311 1438732800
845 2167 1469059200
845 489 1522022400
845 489 1522022400
846 929 1415145600
846 929 1415145600
846 254 1416787200
846 1348 1456272000
846 1599 1479513600
847 818 1269388800
847 2168 1419984000
847 41 1439164800
847 1449 1455062400
847 14 1455235200
847 1348 1456099200
847 19 1457222400
847 943 1499558400
848 949 1370908800
848 526 1395273600
848 526 1395273600
848 806 1415750400
848 290 1430870400
848 1061 1444003200
848 1348 1455840000
848 1178 1488585600
848 1428 1488585600
848 1095 1528329600
849 1044 1400457600
849 530 1415318400
849 293 1433980800
849 681 1440806400
849 681 1440806400
849 987 1445644800
849 1388 1446076800
849 1134 1447977600
849 1348 1455667200
849 1080 1459036800
849 1243 1497398400
849 311 1500422400
849 335 1501718400
849 1145 1510531200
850 534 1402790400
850 1081 1415491200
850 1189 1423353600
850 244 1428019200
850 299 1446854400
850 1136 1446940800
850 321 1451520000
850 1348 1455408000
850 271 1468713600
850 1101 1473292800
850 1003 1482019200
850 1216 1482624000
850 970 1489449600
850 551 1494460800
850 1177 1517616000
850 1212 1519430400
850 1404 1532736000
851 967 1427328000
851 308 1443571200
851 943 1446508800
851 769 1449360000
851 1348 1454803200
851 1112 1466640000
851 370 1469750400
852 2171 1382572800
852 2169 1385337600
852 1586 1404950400
852 2170 1475452800
852 2172 1479427200
853 2175 1391990400
853 1089 1393718400
853 122 1393718400
853 739 1393718400
853 1043 1393718400
853 2177 1393718400
853 2173 1395360000
853 2174 1395360000
853 2176 1403222400
854 8 1311897600
854 395 1317945600
854 2179 1327363200
854 137 1327622400
854 2178 1328918400
854 1682 1414022400
854 2180 1516665600
855 137 1517529600
855 1493 1517529600
855 2014 1517529600
855 602 1517529600
855 2181 1517529600
855 2182 1517529600
856 471 1449619200
856 2184 1479081600
856 511 1496620800
856 137 1498953600
856 2183 1524787200
857 1236 1392681600
857 263 1409443200
857 202 1436832000
857 73 1445212800
857 952 1448236800
857 670 1464220800
857 1047 1470700800
857 1426 1491696000
857 137 1498521600
857 1245 1513123200
858 2187 1409097600
858 2185 1424044800
858 398 1424044800
858 2185 1424044800
858 398 1424044800
858 2186 1424044800
858 1893 1424044800
858 2189 1439424000
858 2188 1465776000
858 2190 1473465600
858 801 1477958400
858 137 1495065600
858 475 1513728000
859 122 1401408000
859 1079 1484179200
859 1037 1484524800
859 137 1492732800
859 1077 1493424000
859 998 1494806400
859 1256 1509580800
859 22 1527292800
859 335 1532563200
859 323 1537056000
860 468 1394496000
860 468 1394496000
860 2191 1394496000
860 467 1485907200
860 1510 1485907200
860 2192 1485907200
860 760 1487289600
860 137 1490832000
860 802 1491868800
861 1085 1389052800
861 2193 1396915200
861 2194 1399680000
861 158 1399852800
861 929 1416614400
861 929 1416614400
861 2200 1420243200
861 2201 1431216000
861 356 1432857600
861 1407 1434585600
861 2197 1436659200
861 1537 1436832000
861 2196 1440720000
861 1228 1443744000
861 1193 1445990400
861 334 1448150400
861 1118 1456876800
861 2199 1467590400
861 1058 1467849600
861 1135 1468713600
861 997 1469577600
861 2195 1475884800
861 2198 1475884800
861 137 1487808000
861 498 1491091200
861 1063 1493078400
861 1229 1493596800
861 1231 1493596800
862 1755 1295136000
862 92 1295568000
862 59 1295568000
862 822 1346371200
862 1050 1371600000
862 196 1402963200
862 350 1402963200
862 351 1466812800
862 902 1483920000
862 137 1486771200
862 1215 1492646400
862 313 1494633600
862 1062 1494633600
862 1397 1494633600
862 1425 1494633600
862 899 1526688000
862 1259 1532131200
862 977 1532995200
863 1299 1477612800
863 1037 1484092800
863 137 1486166400
863 1008 1487289600
863 172 1488412800
863 243 1488585600
863 1079 1490572800
863 1226 1492214400
863 998 1494547200
863 1195 1499558400
863 1425 1501459200
863 983 1501977600
863 982 1510444800
863 1229 1510444800
863 1231 1510444800
863 302 1510444800
863 1245 1518307200
863 1063 1524528000
863 316 1529452800
864 526 1395273600
864 526 1395273600
864 1059 1415836800
864 1069 1418688000
864 951 1429833600
864 1441 1433376000
864 1061 1444867200
864 1074 1448841600
864 995 1449705600
864 1070 1479081600
864 137 1485129600
864 1253 1487289600
864 302 1489104000
864 71 1489968000
864 1178 1490140800
864 551 1496448000
864 911 1499731200
864 39 1499990400
864 335 1500336000
864 1145 1504656000
864 901 1514937600
865 105 1351555200
865 331 1395878400
865 534 1403049600
865 141 1407628800
865 173 1413763200
865 929 1414800000
865 929 1414800000
865 1059 1415664000
865 195 1429920000
865 195 1429920000
865 1172 1431129600
865 1219 1445040000
865 1179 1445990400
865 1111 1446076800
865 1098 1446508800
865 1196 1448064000
865 894 1448496000
865 508 1448755200
865 952 1449792000
865 914 1457827200
865 1033 1459036800
865 1083 1460246400
865 485 1460678400
865 2202 1472601600
865 1409 1472947200
865 299 1477699200
865 1009 1483228800
865 1037 1483401600
865 1216 1484611200
865 137 1484697600
865 1079 1485648000
865 1195 1489536000
865 302 1493251200
865 551 1496534400
865 39 1498521600
865 1331 1502582400
865 909 1502841600
865 1212 1521244800
865 1029 1524873600
865 1330 1525478400
865 1270 1527724800
866 1044 1397865600
866 1118 1416441600
866 681 1440720000
866 681 1440720000
866 334 1445385600
866 45 1445385600
866 1264 1446940800
866 260 1447027200
866 971 1455494400
866 914 1457568000
866 1052 1459900800
866 1014 1461456000
866 297 1467504000
866 369 1468281600
866 1225 1468281600
866 375 1468972800
866 2203 1474934400
866 1208 1476144000
866 299 1479254400
866 551 1479254400
866 270 1479254400
866 137 1484611200
866 1037 1484611200
866 1216 1484611200
866 1226 1485302400
866 1091 1487980800
866 998 1487980800
866 1077 1492646400
866 302 1492646400
866 1428 1492732800
866 1181 1505174400
866 1224 1507852800
866 1256 1526169600
866 1076 1532217600
867 78 1477440000
867 252 1479340800
867 1037 1484179200
867 1216 1484179200
867 137 1484611200
867 1253 1487289600
867 998 1488585600
867 1178 1490832000
867 1229 1492041600
867 1027 1492041600
867 1231 1492041600
867 1077 1495065600
867 302 1495065600
867 1058 1495497600
867 1102 1499472000
867 39 1500076800
867 1300 1501977600
867 326 1501977600
867 299 1504310400
867 671 1507161600
867 1075 1507766400
867 1256 1511740800
867 1186 1514073600
867 84 1514073600
867 1097 1530921600
867 33 1534982400
867 1048 1535673600
868 137 1484265600
868 39 1498176000
868 311 1498176000
868 282 1517443200
868 1138 1525737600
868 1166 1532390400
869 1081 1415318400
869 1438 1419206400
869 357 1420761600
869 967 1427328000
869 1930 1431734400
869 1179 1446595200
869 989 1446768000
869 2204 1446768000
869 2205 1446768000
869 2206 1446768000
869 1141 1448841600
869 769 1449619200
869 2059 1449619200
869 932 1452556800
869 367 1457481600
869 1198 1457740800
869 368 1469750400
869 1221 1470182400
869 1269 1480550400
869 1003 1482278400
869 957 1482796800
869 137 1484179200
869 1216 1484179200
869 1142 1484179200
869 243 1486857600
869 998 1488758400
869 1077 1493251200
869 226 1498262400
869 1333 1523577600
869 311 1533340800
869 953 1533859200
869 1260 1533859200
870 1037 1482278400
870 957 1482969600
870 137 1483747200
870 322 1485302400
870 2207 1486771200
870 313 1489968000
870 749 1504051200
870 1751 1504051200
870 59 1506038400
871 398 1386720000
871 398 1386720000
871 1085 1389312000
871 1043 1399852800
871 973 1400544000
871 74 1403395200
871 1235 1413331200
871 1235 1413331200
871 530 1414886400
871 76 1415836800
871 1069 1418601600
871 930 1445212800
871 1248 1445990400
871 1180 1445990400
871 1376 1448928000
871 330 1452643200
871 1170 1452816000
871 971 1453248000
871 939 1456358400
871 366 1457913600
871 914 1458432000
871 1309 1460419200
871 978 1463616000
871 532 1467763200
871 368 1469145600
871 1225 1469145600
871 297 1469664000
871 974 1472601600
871 974 1472601600
871 344 1472860800
871 344 1472860800
871 991 1472947200
871 1041 1472947200
871 991 1472947200
871 1041 1472947200
871 1110 1473206400
871 1110 1473206400
871 1140 1473465600
871 78 1477440000
871 269 1478736000
871 1009 1481241600
871 137 1483488000
871 1239 1485216000
871 423 1486684800
871 1034 1487030400
871 619 1488585600
871 970 1489017600
871 1151 1491868800
871 1063 1493164800
871 824 1495065600
871 943 1497139200
871 1008 1498694400
871 270 1503619200
871 668 1524614400
871 1166 1532476800
872 137 1475452800
872 232 1475452800
872 2208 1475452800
872 1134 1475452800
872 944 1475452800
873 137 1468454400
873 2212 1476489600
873 2210 1483488000
873 2211 1484006400
873 2209 1491091200
873 2209 1491091200
874 2213 1444608000
874 704 1450483200
874 189 1453852800
874 397 1460937600
874 397 1460937600
874 137 1466208000
875 194 1379980800
875 1085 1391644800
875 1307 1395273600
875 350 1404086400
875 75 1408492800
875 74 1410220800
875 1238 1413590400
875 274 1418601600
875 922 1419984000
875 310 1423267200
875 962 1424131200
875 965 1430179200
875 940 1430870400
875 290 1431043200
875 1360 1436486400
875 1223 1449014400
875 137 1449619200
875 1103 1468368000
875 1162 1477267200
875 338 1480204800
875 1106 1480896000
875 1398 1481328000
875 1253 1488499200
875 619 1489795200
875 84 1511222400
875 239 1524873600
876 74 1409875200
876 75 1409875200
876 1161 1410566400
876 345 1417478400
876 1158 1421107200
876 292 1428624000
876 356 1430352000
876 291 1430697600
876 289 1431129600
876 304 1445385600
876 358 1445644800
876 305 1447113600
876 312 1448064000
876 930 1449273600
876 137 1449532800
876 1264 1449619200
876 1134 1449619200
876 894 1449964800
876 299 1450396800
876 896 1457740800
876 1083 1459814400
876 1187 1463529600
876 1156 1463788800
876 307 1469750400
876 270 1477440000
876 896 1477785600
876 1003 1482796800
876 1175 1484870400
876 1298 1485993600
876 1298 1485993600
876 322 1486771200
876 619 1488153600
876 320 1490140800
876 1391 1490227200
876 90 1492300800
876 1058 1494201600
876 84 1509494400
876 272 1523059200
876 1128 1525478400
876 246 1525737600
876 1315 1526256000
876 1138 1526774400
876 1232 1527379200
876 953 1533686400
877 194 1379030400
877 1271 1394582400
877 1985 1417478400
877 244 1428624000
877 1241 1439424000
877 1268 1439424000
877 1255 1439424000
877 358 1443225600
877 304 1443830400
877 825 1445990400
877 298 1447977600
877 312 1447977600
877 137 1449360000
877 902 1484179200
877 899 1488153600
877 899 1488153600
877 320 1491782400
877 1191 1493164800
877 1245 1495065600
877 1315 1520985600
877 1212 1528243200
877 1144 1529539200
877 668 1530835200
877 937 1530835200
878 75 1408406400
878 1072 1445472000
878 1098 1445990400
878 137 1448323200
878 932 1454803200
878 309 1469491200
878 1221 1470182400
878 1229 1492041600
878 1231 1492041600
878 1215 1492732800
878 320 1494806400
878 1133 1494892800
878 1133 1494892800
878 1071 1504828800
878 753 1507161600
878 239 1525305600
878 1144 1533168000
879 961 1404691200
879 65 1417910400
879 305 1445299200
879 1179 1445385600
879 1240 1445990400
879 137 1447286400
879 81 1461024000
879 1087 1467417600
879 337 1475020800
879 1163 1478563200
879 1064 1479427200
879 1113 1487635200
879 2214 1498694400
879 335 1501718400
879 326 1503100800
880 2217 1337731200
880 2215 1365292800
880 2216 1388016000
880 973 1403568000
880 530 1414972800
880 897 1431993600
880 1230 1431993600
880 137 1447286400
881 75 1408838400
881 74 1409788800
881 1127 1414627200
881 1153 1414886400
881 1053 1442016000
881 347 1442448000
881 930 1445644800
881 137 1446854400
881 1312 1457481600
881 1312 1457481600
881 1304 1459296000
881 337 1477008000
882 921 1414800000
882 931 1425340800
882 195 1430438400
882 195 1430438400
882 304 1444176000
882 261 1444867200
882 824 1445212800
882 512 1445558400
882 137 1446422400
882 1395 1447372800
882 1432 1448236800
882 1376 1451088000
882 14 1456185600
882 1033 1458432000
882 542 1469491200
882 337 1476144000
882 957 1507593600
882 303 1507939200
882 998 1508025600
882 226 1524960000
883 2218 1389571200
883 1089 1400284800
883 534 1403136000
883 1458 1404691200
883 1247 1414713600
883 1054 1443312000
883 943 1445040000
883 1240 1445472000
883 137 1446249600
883 1199 1458345600
883 148 1458604800
883 1135 1466726400
883 826 1467849600
883 905 1469145600
883 269 1478736000
883 998 1489449600
883 299 1501632000
883 1145 1501977600
884 1281 1432252800
884 137 1446249600
884 1284 1459296000
884 1052 1460592000
884 1183 1467504000
884 1022 1479168000
884 342 1526774400
885 1050 1371600000
885 1184 1374105600
885 801 1389744000
885 1190 1414713600
885 355 1415145600
885 292 1428105600
885 1168 1431907200
885 219 1439683200
885 220 1439683200
885 681 1441670400
885 681 1441670400
885 512 1445731200
885 137 1446163200
885 1098 1447372800
885 958 1450828800
885 1170 1454716800
885 1335 1456358400
885 1749 1457740800
885 1147 1458518400
885 245 1464998400
885 255 1468281600
885 344 1473465600
885 344 1473465600
885 1041 1473811200
885 1041 1473811200
885 970 1489104000
885 1077 1493424000
886 966 1415577600
886 254 1416009600
886 1490 1421712000
886 1150 1423785600
886 315 1443312000
886 304 1444694400
886 1180 1444694400
886 334 1445990400
886 137 1446163200
886 298 1446854400
886 312 1447372800
886 14 1455148800
886 1033 1457740800
886 266 1458259200
886 369 1468368000
886 375 1468972800
886 904 1473724800
886 1137 1474502400
886 1009 1481414400
886 1216 1482105600
886 1037 1482364800
886 1079 1482451200
886 1250 1483228800
886 171 1485820800
886 899 1486598400
886 2219 1488672000
886 998 1488931200
886 302 1492905600
886 943 1497312000
886 1245 1497657600
886 1197 1498262400
886 1008 1499558400
886 311 1499731200
886 248 1500681600
886 299 1501372800
886 909 1503446400
886 270 1504310400
886 986 1514073600
886 1330 1524182400
886 551 1525392000
886 1212 1525478400
886 242 1525910400
886 1090 1526688000
887 981 1430784000
887 318 1445385600
887 137 1446163200
887 1395 1447804800
887 1196 1448236800
887 1049 1466035200
887 997 1468713600
887 335 1514592000
887 1330 1530662400
887 1048 1537747200
888 137 1446076800
888 929 1446076800
888 929 1446076800
888 1126 1446076800
888 1463 1461628800
889 1470 1403308800
889 137 1445817600
889 298 1447372800
889 1104 1472688000
889 974 1473465600
889 974 1473465600
889 302 1487462400
889 998 1493942400
889 901 1511481600
890 665 1431907200
890 137 1445731200
890 1223 1449878400
890 985 1503446400
890 242 1525478400
891 361 1440892800
891 1228 1441929600
891 315 1444780800
891 137 1445385600
891 304 1445472000
891 1353 1446163200
891 298 1448409600
891 285 1448841600
891 2221 1448841600
891 1028 1449619200
891 223 1451001600
891 2220 1462233600
891 257 1467244800
891 255 1468368000
891 1001 1472774400
891 1983 1473552000
891 325 1475539200
891 267 1475625600
891 551 1477526400
891 270 1478736000
891 324 1480982400
891 440 1482019200
891 1058 1482796800
891 1003 1483315200
891 1037 1483401600
891 1216 1484265600
891 1175 1484697600
891 322 1485302400
891 1045 1489190400
891 1034 1489190400
891 619 1496188800
891 313 1498348800
891 39 1498867200
891 311 1503014400
892 1429 1423440000
892 202 1436313600
892 1274 1437523200
892 1053 1440720000
892 137 1444867200
892 1219 1444867200
892 512 1444867200
892 1193 1445299200
892 1352 1445299200
892 1072 1445299200
892 1098 1445472000
892 824 1445472000
892 1179 1445472000
892 334 1446163200
892 1111 1446249600
892 1136 1446336000
892 1098 1447545600
892 903 1447891200
892 1314 1448150400
892 508 1448496000
892 769 1449014400
892 551 1452902400
892 1170 1452902400
892 939 1456963200
892 1083 1461024000
892 1135 1466294400
892 1112 1466467200
892 270 1468540800
892 271 1468627200
892 344 1473465600
892 344 1473465600
892 338 1480118400
892 1261 1482537600
892 1037 1482796800
892 1216 1482796800
892 619 1490659200
892 946 1513036800
892 302 1516233600
892 998 1524528000
893 2223 1431129600
893 974 1431129600
893 2223 1431129600
893 974 1431129600
893 1739 1431216000
893 559 1431216000
893 2222 1431216000
893 801 1431216000
893 1478 1431216000
893 398 1431216000
893 1478 1431216000
893 398 1431216000
893 2225 1431216000
893 137 1432080000
893 1362 1432080000
893 141 1432080000
893 2224 1432080000
893 1578 1456012800
893 1719 1456012800
893 1719 1456012800
894 930 1402012800
894 1682 1412380800
894 2226 1413072000
894 2227 1428883200
894 137 1430524800
894 189 1433894400
895 234 1419033600
895 999 1419033600
895 137 1421625600
895 189 1421625600
895 1682 1421625600
896 137 1360972800
896 2228 1360972800
896 409 1360972800
896 1134 1360972800
896 2229 1367280000
896 1060 1425168000
897 137 1331510400
897 1111 1355788800
897 1098 1355788800
897 1369 1381449600
897 1369 1381449600
897 234 1387756800
898 1738 1373500800
898 1759 1373932800
898 2230 1374019200
898 1768 1439078400
898 2231 1524268800
898 1781 1524268800
898 2232 1524268800
898 2233 1524268800
899 1738 1365811200
899 2230 1365811200
899 1771 1421798400
899 1771 1421798400
899 1780 1429833600
899 496 1474416000
900 744 1492992000
900 1646 1492992000
900 2234 1496275200
900 33 1501459200
900 178 1519948800
900 25 1519948800
900 25 1519948800
900 927 1527897600
900 747 1535241600
901 178 1506038400
901 160 1506038400
901 523 1506038400
901 467 1506038400
901 1546 1506038400
902 2145 1501545600
902 2145 1501545600
902 1620 1503619200
902 178 1504656000
902 2235 1522195200
903 2236 1452384000
903 2237 1487980800
903 178 1489276800
903 1620 1489276800
903 1503 1489276800
903 538 1489276800
903 1483 1490140800
903 538 1493251200
903 1555 1493251200
903 606 1497744000
904 1486 1480204800
904 180 1480204800
904 180 1480204800
904 160 1480204800
904 1555 1480204800
904 178 1483660800
905 178 1482451200
905 180 1482451200
905 180 1482451200
905 2238 1482451200
905 1514 1482451200
906 1783 1468540800
906 178 1474675200
906 537 1474675200
906 1785 1474675200
906 538 1474675200
906 539 1474675200
906 2241 1474675200
906 2240 1475020800
906 2239 1475884800
907 2178 1461542400
907 1284 1468713600
907 178 1472256000
907 180 1472256000
907 180 1472256000
907 1678 1472256000
908 178 1468800000
908 180 1468800000
908 180 1468800000
908 1411 1479168000
908 812 1479168000
908 2013 1479168000
909 1362 1419984000
909 2242 1419984000
909 2243 1419984000
909 178 1468540800
909 474 1468540800
909 1482 1468540800
910 178 1467849600
910 2 1467849600
910 489 1467849600
910 489 1467849600
910 2245 1467849600
910 2244 1495411200
911 178 1463788800
911 1622 1463788800
911 537 1465862400
911 180 1465862400
911 180 1465862400
911 539 1465862400
911 1502 1474156800
911 2247 1503792000
911 2248 1503792000
911 2246 1505347200
912 17 1393200000
912 1614 1412208000
912 1508 1413590400
912 178 1462406400
912 2249 1462406400
912 1482 1465516800
913 1625 1455580800
913 1642 1455580800
913 1487 1455580800
913 178 1460246400
913 1509 1460246400
914 178 1452643200
914 2250 1457049600
914 2251 1460937600
914 2253 1460937600
914 2254 1460937600
914 2252 1501027200
915 1621 1421625600
915 178 1441497600
915 180 1441497600
915 180 1441497600
915 1796 1451779200
915 1796 1451779200
915 1483 1451779200
916 535 1409702400
916 703 1431993600
916 178 1439683200
916 777 1439683200
916 1819 1439683200
916 538 1439683200
916 1517 1439683200
916 967 1439683200
916 1511 1439683200
916 2255 1451952000
917 2256 1326153600
917 1482 1388620800
917 1482 1402531200
917 1324 1408060800
917 711 1408060800
917 161 1419206400
917 1520 1433376000
917 178 1438905600
917 346 1438905600
917 2257 1480723200
918 291 1430784000
918 178 1436745600
918 182 1438128000
918 273 1448236800
918 1141 1449446400
918 538 1465257600
918 1047 1467590400
918 268 1468108800
918 997 1468800000
918 322 1485129600
918 172 1485475200
918 1298 1486080000
918 1298 1486080000
918 1113 1487203200
918 248 1497916800
918 753 1502409600
918 35 1504742400
918 964 1506384000
918 2258 1511136000
919 180 1384646400
919 1617 1384646400
919 180 1384646400
919 1617 1384646400
919 625 1423872000
919 2260 1423872000
919 178 1426809600
919 625 1426809600
919 2259 1477785600
920 97 1411689600
920 101 1411689600
920 101 1411689600
920 2261 1415923200
920 537 1416700800
920 476 1416700800
920 476 1416700800
920 539 1416700800
920 178 1419379200
920 476 1419379200
920 476 1419379200
920 1678 1423440000
920 606 1426032000
921 178 1418947200
921 1618 1433376000
921 2262 1433376000
921 1503 1433376000
921 474 1433376000
921 2263 1516838400
922 178 1417564800
922 1513 1417564800
922 537 1417564800
922 537 1417564800
922 539 1417564800
922 539 1417564800
923 180 1412812800
923 180 1412812800
923 178 1415404800
923 1502 1415404800
923 474 1415404800
923 180 1423958400
923 180 1423958400
924 180 1374364800
924 180 1374364800
924 178 1408579200
924 476 1408579200
924 529 1408579200
925 1662 1381449600
925 178 1402531200
925 1493 1402531200
925 143 1402531200
925 538 1402531200
926 178 1392076800
926 1493 1446681600
926 467 1446681600
926 484 1484092800
926 1483 1484092800
926 2264 1492300800
927 178 1373932800
927 180 1373932800
927 180 1373932800
927 1620 1373932800
927 90 1418515200
927 538 1418515200
927 91 1418515200
927 2265 1418515200
928 178 1364428800
928 1662 1391385600
928 11 1463616000
928 12 1463616000
928 1098 1475539200
928 94 1475539200
929 2266 1370390400
929 25 1432512000
929 25 1432512000
929 1493 1458432000
929 1128 1471910400
929 1796 1474675200
929 1796 1474675200
930 2266 1408320000
930 1838 1408320000
930 749 1408320000
930 2267 1408320000
930 409 1410912000
930 1037 1410912000
930 2268 1410912000
930 2213 1410912000
931 2266 1404777600
931 1476 1404777600
931 226 1404777600
931 141 1456099200
931 1991 1456099200
932 877 1390867200
932 2266 1402272000
932 2269 1410048000
932 175 1418515200
932 1873 1465084800
932 1204 1516147200
932 1195 1516147200
933 1645 1359331200
933 1676 1361318400
933 8 1388016000
933 2266 1396051200
933 2270 1397520000
933 1482 1433548800
933 162 1438300800
933 2271 1508284800
934 1369 1388534400
934 1369 1388534400
934 2266 1394841600
934 2268 1394841600
934 511 1394841600
935 2266 1374710400
935 1838 1374710400
935 1515 1375228800
935 519 1404345600
935 327 1415232000
935 328 1415232000
935 1363 1417478400
935 2272 1433808000
935 2018 1433808000
935 2273 1487203200
936 2275 1356652800
936 2274 1396569600
936 2278 1396569600
936 2274 1432771200
936 717 1432771200
936 2276 1432771200
936 2277 1432771200
937 714 1487376000
937 2290 1487376000
937 1361 1487462400
937 2279 1489017600
937 2283 1489017600
937 2285 1489017600
937 2280 1490140800
937 2281 1490140800
937 2288 1490140800
937 2282 1490745600
937 2287 1490745600
937 2289 1491350400
937 2284 1498348800
937 2286 1498348800
938 1577 1469232000
938 1624 1469232000
938 1013 1469232000
938 714 1476057600
938 384 1476057600
938 1483 1484611200
939 2291 1440460800
939 2292 1462147200
939 714 1468540800
939 183 1468540800
939 442 1485302400
939 442 1485302400
939 445 1485302400
939 437 1525132800
940 442 1448236800
940 442 1448236800
940 445 1448236800
940 714 1459555200
940 217 1486684800
940 218 1486684800
941 2294 1442534400
941 2293 1445817600
941 714 1456704000
941 1675 1456704000
941 2295 1485907200
941 2296 1507075200
942 714 1456272000
942 392 1474588800
942 1915 1474588800
942 492 1493769600
942 492 1493769600
943 1819 1394841600
943 606 1406678400
943 2209 1408752000
943 2209 1408752000
943 999 1415318400
943 714 1453420800
943 1332 1455667200
944 1810 1378857600
944 2297 1396051200
944 444 1396051200
944 714 1445817600
944 443 1445817600
944 1963 1445817600
945 714 1437782400
945 2298 1437782400
945 2299 1437782400
945 1913 1500422400
945 618 1500422400
945 619 1500422400
946 2300 1404259200
946 2300 1404259200
946 1911 1404259200
946 1911 1404259200
946 714 1431907200
946 768 1483142400
946 2075 1489104000
947 99 1207699200
947 2301 1318204800
947 714 1410652800
947 2302 1441497600
947 162 1478563200
947 2303 1518566400
948 714 1397260800
948 2304 1399334400
948 346 1400889600
948 2307 1416787200
948 2306 1431043200
948 791 1431043200
948 2305 1437350400
948 518 1481500800
948 352 1514851200
949 714 1379635200
949 1043 1400716800
949 352 1400716800
949 196 1402012800
949 1051 1403568000
949 1190 1415059200
949 1069 1419552000
949 198 1420761600
949 45 1445472000
949 903 1446681600
949 1376 1448841600
949 1207 1450051200
949 7 1455494400
949 1309 1460073600
949 978 1465430400
949 1135 1467072000
949 255 1468800000
949 1019 1469404800
949 1221 1470700800
949 959 1475020800
949 78 1478649600
949 311 1527033600
949 1195 1527033600
949 1087 1528416000
949 1029 1528675200
949 782 1528675200
949 1096 1528675200
949 342 1528675200
949 1097 1528675200
950 714 1199664000
950 188 1303084800
950 1396 1379980800
950 1184 1379980800
950 2308 1379980800
950 2308 1379980800
950 526 1397692800
950 526 1397692800
951 2309 1354060800
951 1525 1354060800
951 2068 1354060800
951 2310 1354060800
951 2311 1354060800
951 2312 1354060800
951 674 1354060800
951 2313 1354060800
951 2314 1354060800
951 2312 1354060800
951 674 1354060800
951 2313 1354060800
951 2314 1354060800
952 2315 1422144000
952 2315 1422144000
952 2316 1422144000
952 200 1422144000
952 2317 1422144000
952 385 1427068800
952 2318 1485907200
953 385 1411776000
953 1413 1411776000
953 2319 1446249600
953 2113 1511654400
953 1379 1516924800
954 279 1265155200
954 2320 1350518400
954 2322 1351036800
954 385 1357084800
954 1919 1421884800
954 2325 1421884800
954 2110 1421971200
954 2326 1422921600
954 2323 1428624000
954 2324 1446422400
954 2327 1446508800
954 2321 1457481600
954 1748 1457913600
955 237 1374192000
955 2328 1422662400
955 1548 1457740800
955 1065 1457740800
955 1548 1459555200
955 1364 1502150400
955 1365 1502150400
956 169 1415404800
956 2329 1485561600
956 1037 1487203200
956 232 1487462400
956 1364 1488240000
956 1365 1488240000
956 1597 1512604800
957 1904 1392681600
957 1913 1392681600
957 1364 1460160000
957 1365 1460160000
957 1364 1485648000
957 1365 1485648000
957 2330 1487980800
957 2330 1487980800
957 845 1487980800
957 324 1487980800
957 2331 1490832000
957 523 1500595200
957 1091 1504483200
957 2209 1509580800
957 2209 1509580800
957 234 1509580800
957 1483 1509580800
958 1363 1359936000
958 2333 1360195200
958 2332 1360368000
958 1364 1482883200
958 1365 1482883200
959 1364 1473379200
959 1365 1473379200
959 1533 1473379200
959 1174 1473379200
959 1364 1481932800
959 1365 1481932800
959 2334 1481932800
959 7 1481932800
960 94 1438387200
960 1364 1480896000
960 1365 1480896000
960 498 1502928000
960 926 1519862400
961 1364 1477785600
961 1364 1477785600
961 1364 1477785600
961 1365 1477785600
961 1365 1477785600
961 1365 1477785600
962 1364 1454889600
962 1365 1454889600
962 1364 1476230400
962 1365 1476230400
962 559 1476230400
963 1364 1421452800
963 1365 1421452800
963 2335 1421452800
963 1364 1471737600
963 1365 1471737600
964 749 1400630400
964 741 1400630400
964 741 1400630400
964 1364 1470268800
964 1365 1470268800
965 1364 1442966400
965 1365 1442966400
965 1364 1462320000
965 1365 1462320000
965 2336 1473724800
966 129 1394496000
966 1079 1394496000
966 129 1420761600
966 1364 1459468800
966 1365 1459468800
967 1364 1453161600
967 1365 1453161600
967 1364 1458345600
967 1365 1458345600
967 484 1471392000
967 2337 1502755200
968 1364 1457568000
968 1364 1457568000
968 1365 1457568000
968 1365 1457568000
968 1065 1457568000
969 2338 1408924800
969 2338 1408924800
969 1364 1456272000
969 1365 1456272000
969 1219 1488499200
970 2339 1398211200
970 2340 1398211200
970 1364 1439510400
970 1365 1439510400
970 1128 1445126400
970 1474 1445212800
970 1364 1455840000
970 1365 1455840000
970 2339 1455840000
970 326 1534809600
971 1184 1381968000
971 2308 1381968000
971 2308 1381968000
971 1364 1416528000
971 1365 1416528000
971 2334 1445990400
971 497 1446336000
971 1364 1454457600
971 1365 1454457600
971 2341 1467504000
971 2343 1506297600
971 2342 1526515200
972 1411 1290729600
972 570 1391385600
972 350 1428710400
972 1364 1453161600
972 1365 1453161600
972 2344 1496102400
973 1537 1405123200
973 999 1411430400
973 1618 1433376000
973 1364 1450310400
973 1365 1450310400
974 1672 1387929600
974 2352 1387929600
974 2347 1390089600
974 2347 1390089600
974 2351 1390089600
974 2345 1394841600
974 258 1402963200
974 1867 1402963200
974 1128 1414281600
974 1672 1427932800
974 2346 1431734400
974 1364 1445990400
974 1365 1445990400
974 2196 1445990400
974 1819 1456272000
974 2282 1458691200
974 2348 1470009600
974 2353 1470009600
974 2350 1475884800
974 613 1481760000
974 613 1482364800
974 1808 1482364800
974 975 1483228800
974 2349 1504656000
975 1364 1442361600
975 1365 1442361600
975 1653 1442361600
975 1617 1465689600
975 1617 1465689600
975 575 1465689600
976 1364 1434067200
976 1364 1434067200
976 1364 1434067200
976 1365 1434067200
976 1365 1434067200
976 1365 1434067200
977 2354 1426982400
977 2355 1426982400
977 2355 1426982400
977 2356 1426982400
977 2357 1426982400
977 1364 1431820800
977 1365 1431820800
978 1364 1427241600
978 1365 1427241600
978 2358 1427241600
978 259 1427241600
978 2359 1427241600
979 1364 1425600000
979 1365 1425600000
979 1065 1425600000
979 59 1425600000
979 65 1425600000
980 1364 1420416000
980 1365 1420416000
980 2360 1420416000
980 2361 1472256000
980 2362 1472256000
981 1657 1356307200
981 1364 1418688000
981 1365 1418688000
981 1364 1419552000
981 1365 1419552000
982 1364 1417737600
982 1365 1417737600
982 2363 1471392000
982 512 1471392000
982 2364 1471392000
982 2365 1471392000
982 942 1520035200
982 825 1522281600
982 270 1524009600
982 1243 1524009600
983 1364 1401321600
983 1365 1401321600
983 1364 1412726400
983 1365 1412726400
983 1657 1429833600
984 765 1338854400
984 1364 1388707200
984 1365 1388707200
984 1364 1411603200
984 1365 1411603200
985 2367 1320364800
985 1797 1376784000
985 2366 1389139200
985 789 1404691200
985 1364 1408924800
985 1365 1408924800
985 2368 1412985600
986 1364 1381968000
986 1365 1381968000
986 442 1400630400
986 442 1400630400
986 445 1400630400
987 1631 1361577600
987 8 1361923200
987 1631 1372723200
987 1364 1381881600
987 1365 1381881600
987 2275 1393027200
987 1689 1405900800
988 1364 1381536000
988 1365 1381536000
988 237 1381536000
988 1657 1381536000
988 2369 1381536000
989 1364 1369440000
989 1365 1369440000
989 778 1378771200
989 768 1378771200
989 1689 1403049600
989 420 1403049600
990 426 1381104000
990 428 1381104000
990 429 1381104000
990 430 1381104000
990 431 1381104000
990 432 1381104000
990 433 1381104000
990 434 1381104000
990 1089 1447632000
991 1089 1403049600
991 1043 1403049600
991 254 1418083200
991 219 1428019200
991 1104 1505088000
992 1184 1374969600
992 1089 1403049600
992 63 1403049600
992 349 1403049600
992 332 1403049600
992 353 1403049600
992 929 1415232000
992 929 1415232000
992 1220 1415232000
992 1059 1415664000
992 65 1417910400
992 356 1432512000
992 1407 1434067200
992 219 1439769600
992 220 1439769600
992 170 1457568000
992 895 1469232000
992 2202 1473552000
992 1107 1485129600
993 2370 1322006400
993 1265 1376265600
993 1043 1400544000
993 1089 1402272000
993 349 1404604800
993 353 1404604800
993 1358 1415491200
993 1359 1416960000
993 1267 1422316800
993 1937 1423526400
993 1393 1492819200
993 943 1499040000
993 1550 1530057600
993 1224 1531353600
994 329 1391990400
994 1089 1400976000
994 1161 1408492800
994 1352 1445385600
994 1074 1450828800
994 170 1457654400
994 1426 1489881600
994 667 1519776000
995 2372 1261180800
995 258 1391644800
995 329 1393200000
995 1092 1395273600
995 1089 1400457600
995 122 1400457600
995 332 1400457600
995 2371 1402185600
995 388 1402185600
995 1415 1402185600
995 350 1403136000
995 1051 1403568000
995 728 1403827200
995 987 1403827200
995 1046 1403913600
995 1353 1404691200
995 534 1404950400
995 225 1413331200
995 1235 1414108800
995 1235 1414108800
995 197 1421971200
995 193 1423612800
995 284 1425168000
995 967 1428278400
995 1078 1454284800
995 904 1472256000
995 896 1477872000
995 1356 1478476800
995 1215 1488412800
995 172 1490227200
995 71 1496793600
995 957 1498348800
995 2373 1500076800
995 911 1520985600
996 333 1395273600
996 258 1395273600
996 1307 1397606400
996 1089 1400112000
996 332 1403136000
996 1129 1403136000
996 1051 1404691200
996 915 1411516800
996 203 1415750400
996 345 1418688000
996 198 1421107200
996 1410 1421107200
996 281 1430265600
996 1168 1431388800
996 68 1434672000
997 194 1379808000
997 329 1390867200
997 1089 1399593600
997 1127 1414540800
997 1220 1415491200
997 254 1416355200
997 1069 1419897600
998 256 1391731200
998 1089 1399075200
998 1247 1415923200
998 1041 1473120000
998 1041 1473120000
999 1089 1398816000
999 69 1444780800
999 261 1445644800
999 1055 1463529600
999 670 1464739200
999 1047 1467676800
999 307 1468886400
999 974 1473206400
999 974 1473206400
999 262 1489622400
999 320 1489708800
999 1191 1491177600
999 311 1497052800
999 1331 1501804800
999 316 1502496000
999 1213 1522022400
1000 63 1398124800
1000 332 1398124800
1000 1089 1398643200
1000 825 1444780800
1000 299 1445644800
1000 903 1447027200
1000 551 1453248000
1000 300 1458000000
1000 1014 1461456000
1000 255 1467936000
1000 991 1473638400
1000 991 1473638400
1000 959 1475280000
1000 953 1531440000
1001 1089 1398297600
1001 987 1405209600
1001 1153 1415145600
1001 1423 1423440000
1001 1937 1423958400
1001 2328 1430352000
1001 1925 1446508800
1001 285 1449100800
1001 1448 1455148800
1001 542 1467072000
1001 1202 1473811200
1001 551 1477094400
1001 270 1477353600
1001 1163 1478131200
1001 1298 1486598400
1001 1298 1486598400
1001 824 1486857600
1001 946 1486857600
1001 39 1498262400
1002 1089 1398211200
1002 332 1398211200
1002 254 1416355200
1002 1159 1421366400
1002 290 1430697600
1002 1121 1433894400
1002 681 1440547200
1002 681 1440547200
1002 77 1443657600
1002 1258 1445385600
1002 1314 1447286400
1002 1055 1464652800
1002 297 1468195200
1002 1019 1468800000
1003 517 1300492800
1003 518 1300492800
1003 792 1393027200
1003 792 1393027200
1003 793 1465171200
1004 517 1427068800
1004 517 1467849600
1004 1783 1495411200
1004 405 1495411200
1004 2374 1495411200
1004 2375 1495411200
1005 2376 1394236800
1005 2377 1432252800
1005 2378 1434153600
1005 692 1451347200
1005 517 1451952000
1005 518 1451952000
1006 331 1396137600
1006 929 1414886400
1006 929 1414886400
1006 357 1422748800
1006 193 1423785600
1006 2328 1431216000
1006 1266 1433376000
1006 1263 1441324800
1006 1106 1473897600
1006 911 1520640000
1007 376 1316131200
1007 199 1414800000
1007 975 1415577600
1007 219 1424822400
1007 897 1430784000
1007 2379 1442707200
1007 1551 1444608000
1007 338 1478131200
1007 287 1479945600
1007 1175 1486425600
1007 311 1499040000
1007 911 1516320000
1007 2380 1529366400
1007 1840 1529366400
1007 2381 1529366400
1008 352 1401580800
1008 355 1415836800
1008 1010 1415923200
1008 345 1418601600
1008 358 1445904000
1008 260 1446336000
1008 308 1446422400
1008 312 1447804800
1008 1248 1449964800
1008 894 1450137600
1008 265 1460246400
1008 944 1460332800
1008 1047 1468022400
1008 669 1470182400
1008 1041 1473984000
1008 1041 1473984000
1008 974 1474243200
1008 1022 1480204800
1008 226 1499990400
1008 911 1515024000
1008 1330 1525651200
1009 1295 1429747200
1009 1349 1445299200
1009 85 1448323200
1009 1461 1464220800
1009 1261 1487635200
1009 1178 1490313600
1009 911 1514505600
1009 272 1524268800
1009 1048 1533945600
1010 77 1442448000
1010 1111 1447113600
1010 1173 1449014400
1010 243 1485561600
1010 1246 1489449600
1010 1058 1493942400
1010 824 1496620800
1010 1108 1512777600
1010 911 1514505600
1011 1081 1415318400
1011 1059 1415750400
1011 45 1446076800
1011 226 1499212800
1011 39 1499212800
1011 911 1513987200
1012 65 1417996800
1012 357 1421539200
1012 1159 1422748800
1012 512 1445299200
1012 321 1451606400
1012 271 1468540800
1012 1224 1492732800
1012 1102 1499644800
1012 911 1513987200
1013 348 1447977600
1013 1437 1472256000
1013 1060 1485907200
1013 998 1489795200
1013 226 1498089600
1013 311 1498089600
1013 335 1498435200
1013 39 1499126400
1013 911 1512000000
1013 1296 1515801600
1013 667 1517270400
1013 1048 1531353600
1013 953 1531353600
1014 173 1416096000
1014 330 1456358400
1014 148 1459036800
1014 276 1473897600
1014 902 1485216000
1014 39 1502323200
1014 911 1511654400
1015 528 1393286400
1015 77 1443484800
1015 367 1457913600
1015 351 1466812800
1015 895 1467936000
1015 344 1473465600
1015 344 1473465600
1015 1299 1475884800
1015 269 1478044800
1015 226 1498003200
1015 311 1498435200
1015 39 1499040000
1015 911 1511222400
1015 175 1522195200
1015 1260 1532390400
1016 1067 1374278400
1016 1007 1407974400
1016 1267 1421107200
1016 201 1434844800
1016 330 1453766400
1016 1149 1458172800
1016 1309 1459382400
1016 1304 1460332800
1016 1041 1472688000
1016 1041 1472688000
1016 78 1476921600
1016 1079 1483056000
1016 998 1493942400
1016 302 1496793600
1016 1058 1496793600
1016 311 1499126400
1016 911 1504483200
1016 1315 1514592000
1016 668 1528761600
1017 902 1484352000
1017 955 1488672000
1017 1425 1491782400
1017 243 1492214400
1017 1243 1495670400
1017 911 1504310400
1017 1145 1511308800
1017 282 1523577600
1017 1048 1534809600
1018 976 1392336000
1018 1044 1399766400
1018 1247 1415404800
1018 1024 1482451200
1018 957 1482451200
1018 313 1491350400
1018 311 1502236800
1018 911 1502755200
1018 668 1525737600
1019 512 1445731200
1019 769 1449878400
1019 1017 1458777600
1019 81 1460764800
1019 1225 1467676800
1019 255 1468454400
1019 270 1468454400
1019 271 1468800000
1019 270 1469145600
1019 911 1502323200
1019 1313 1515456000
1019 984 1519516800
1019 1029 1527379200
1019 1096 1530921600
1019 937 1532390400
1020 976 1391212800
1020 1263 1440633600
1020 1427 1456012800
1020 1355 1464393600
1020 1049 1465776000
1020 1039 1474502400
1020 302 1493510400
1020 911 1502150400
1020 335 1502150400
1021 988 1397433600
1021 1081 1416268800
1021 965 1430438400
1021 358 1444694400
1021 312 1445731200
1021 1395 1448582400
1021 1112 1466121600
1021 542 1468540800
1021 368 1469664000
1021 824 1486771200
1021 998 1488758400
1021 39 1500163200
1021 911 1502064000
1021 894 1505174400
1021 1212 1524355200
1021 953 1534377600
1022 665 1430092800
1022 1020 1471219200
1022 1246 1490400000
1022 911 1500940800
1022 39 1500940800
1022 83 1505088000
1022 894 1505865600
1023 219 1440892800
1023 219 1440892800
1023 220 1440892800
1023 220 1440892800
1023 240 1468368000
1023 226 1481414400
1023 1167 1498608000
1023 911 1500595200
1023 335 1514851200
1023 668 1525737600
1023 749 1525737600
1023 937 1529971200
1024 196 1403395200
1024 1046 1406505600
1024 1117 1430265600
1024 298 1448409600
1024 998 1493942400
1024 299 1497571200
1024 911 1500508800
1025 1441 1454630400
1025 56 1455840000
1025 1012 1473638400
1025 341 1483660800
1025 1242 1489017600
1025 998 1489017600
1025 327 1495929600
1025 328 1495929600
1025 911 1500336000
1025 311 1500336000
1025 2183 1500940800
1025 1116 1531958400
1026 1050 1370476800
1026 1433 1415923200
1026 957 1483488000
1026 335 1499817600
1026 1181 1499817600
1026 911 1500163200
1026 985 1505001600
1026 782 1526169600
1027 2382 1323216000
1027 801 1384905600
1027 346 1406592000
1027 1059 1417132800
1027 1205 1419552000
1027 1407 1433980800
1027 943 1445299200
1027 911 1499817600
1027 83 1503446400
1027 1124 1503446400
1027 1232 1528156800
1028 333 1393804800
1028 339 1394150400
1028 1129 1401148800
1028 332 1401580800
1028 122 1401667200
1028 1433 1417737600
1028 69 1445558400
1028 943 1445990400
1028 1240 1446681600
1028 903 1447632000
1028 1376 1450224000
1028 939 1456358400
1028 1080 1458000000
1028 563 1459123200
1028 255 1468454400
1028 368 1468627200
1028 169 1482796800
1028 1178 1488585600
1028 998 1494547200
1028 1167 1497744000
1028 911 1499731200
1028 1334 1501804800
1028 668 1528156800
1028 953 1535328000
1029 1085 1389139200
1029 526 1394409600
1029 526 1394409600
1029 332 1398211200
1029 1114 1414800000
1029 1193 1445385600
1029 1028 1447977600
1029 268 1467504000
1029 1020 1469404800
1029 996 1474070400
1029 1106 1474243200
1029 1060 1486425600
1029 911 1499385600
1029 1315 1512432000
1030 1085 1392854400
1030 317 1444953600
1030 311 1497657600
1030 335 1497830400
1030 311 1498953600
1030 911 1499385600
1030 39 1500422400
1030 1181 1501200000
1030 1057 1519344000
1030 1066 1526083200
1031 2383 1410307200
1031 283 1429747200
1031 1121 1433289600
1031 77 1442275200
1031 229 1445644800
1031 1146 1446768000
1031 72 1451865600
1031 1078 1453680000
1031 1461 1463702400
1031 1047 1466985600
1031 270 1467849600
1031 268 1468454400
1031 255 1468627200
1031 309 1469145600
1031 370 1470182400
1031 1041 1473379200
1031 1041 1473379200
1031 347 1475625600
1031 269 1479081600
1031 1113 1485820800
1031 917 1486425600
1031 970 1489190400
1031 1151 1493078400
1031 911 1499385600
1031 985 1502928000
1031 84 1509148800
1031 1143 1523491200
1031 782 1524441600
1032 1160 1420588800
1032 1125 1423094400
1032 193 1423612800
1032 1228 1442448000
1032 825 1445644800
1032 1080 1457481600
1032 1014 1461715200
1032 1003 1481846400
1032 911 1499212800
1032 39 1499817600
1032 984 1518220800
1032 668 1523318400
1032 1143 1523836800
1033 1153 1414800000
1033 2328 1430438400
1033 1154 1442534400
1033 1335 1455235200
1033 939 1456704000
1033 1309 1460937600
1033 320 1491609600
1033 1077 1493942400
1033 1285 1493942400
1033 1285 1493942400
1033 911 1499212800
1033 226 1499212800
1033 39 1499212800
1033 335 1499212800
1033 667 1522368000
1033 984 1529452800
1034 45 1445904000
1034 260 1446163200
1034 508 1448582400
1034 1141 1449100800
1034 498 1449705600
1034 1209 1452297600
1034 1070 1479340800
1034 1022 1479340800
1034 1216 1482105600
1034 243 1485129600
1034 1060 1485648000
1034 1226 1485820800
1034 1246 1488153600
1034 243 1488240000
1034 998 1488326400
1034 1151 1492387200
1034 302 1492646400
1034 980 1492992000
1034 1245 1493510400
1034 226 1497916800
1034 311 1497916800
1034 911 1499126400
1034 749 1502582400
1034 945 1502582400
1034 1378 1511308800
1034 1182 1523404800
1034 668 1523923200
1034 1029 1524528000
1034 22 1524700800
1035 263 1406332800
1035 317 1445040000
1035 334 1445212800
1035 1111 1446076800
1035 1173 1449532800
1035 321 1451520000
1035 1149 1457654400
1035 914 1458518400
1035 1199 1458691200
1035 944 1460505600
1035 1156 1461456000
1035 935 1466467200
1035 255 1468886400
1035 1019 1469232000
1035 991 1473033600
1035 974 1473033600
1035 991 1473033600
1035 974 1473033600
1035 1041 1473724800
1035 1041 1473724800
1035 1162 1474070400
1035 325 1475539200
1035 1003 1481846400
1035 1250 1484524800
1035 311 1497830400
1035 39 1498608000
1035 911 1498780800
1035 944 1501718400
1035 1063 1507852800
1035 900 1511827200
1035 900 1511827200
1036 899 1485216000
1036 911 1498694400
1036 311 1498694400
1036 672 1502323200
1036 251 1502323200
1036 1144 1530057600
1037 896 1477267200
1037 269 1478044800
1037 1298 1486080000
1037 1298 1486080000
1037 824 1486598400
1037 1034 1487289600
1037 1204 1488412800
1037 299 1493942400
1037 1282 1497312000
1037 1167 1498003200
1037 311 1498003200
1037 911 1498521600
1037 1008 1498867200
1037 248 1505260800
1037 1330 1525132800
1038 348 1389052800
1038 1046 1406505600
1038 1353 1406505600
1038 961 1406505600
1038 918 1430870400
1038 2328 1432425600
1038 260 1447372800
1038 1452 1449273600
1038 1335 1455840000
1038 896 1460332800
1038 1454 1460332800
1038 1139 1486339200
1038 71 1489017600
1038 911 1498262400
1039 1001 1472601600
1039 1188 1473638400
1039 1022 1478995200
1039 1107 1484611200
1039 1034 1487030400
1039 1215 1488240000
1039 1178 1488326400
1039 619 1488758400
1039 1036 1490832000
1039 1229 1491177600
1039 1231 1491177600
1039 299 1494374400
1039 1008 1497830400
1039 911 1498176000
1039 39 1498262400
1039 335 1498262400
1039 1331 1501718400
1039 894 1505001600
1039 1108 1511136000
1039 1095 1525219200
1039 1315 1526169600
1039 1048 1531526400
1039 953 1534032000
1040 526 1394064000
1040 526 1394064000
1040 349 1401753600
1040 353 1401753600
1040 290 1431129600
1040 1172 1431475200
1040 1121 1433203200
1040 1136 1446076800
1040 140 1446681600
1040 1173 1449360000
1040 958 1449360000
1040 321 1451174400
1040 365 1459036800
1040 78 1478044800
1040 1079 1482710400
1040 1109 1486166400
1040 911 1498089600
1040 316 1503360000
1040 947 1512950400
1041 775 1473465600
1041 1139 1485475200
1041 911 1498003200
1041 311 1498003200
1041 226 1498608000
1041 39 1498608000
1041 39 1499731200
1041 947 1512691200
1041 1404 1532822400
1041 1076 1533081600
1042 681 1441843200
1042 681 1441843200
1042 344 1473638400
1042 344 1473638400
1042 911 1497830400
1042 39 1497830400
1042 1167 1500249600
1043 332 1399766400
1043 1358 1415145600
1043 197 1421539200
1043 68 1434067200
1043 202 1435622400
1043 305 1443484800
1043 942 1445904000
1043 273 1448323200
1043 532 1467849600
1043 1225 1468540800
1043 577 1480982400
1043 911 1497571200
1043 1334 1501545600
1043 1333 1502496000
1043 963 1515974400
1044 2291 1376956800
1044 2384 1376956800
1044 2385 1376956800
1044 2386 1376956800
1044 911 1469577600
1045 2387 1437436800
1045 112 1437436800
1045 2388 1437436800
1045 2389 1437436800
1045 2390 1437436800
1045 911 1439251200
1046 2392 1336003200
1046 639 1390435200
1046 442 1390435200
1046 442 1390435200
1046 445 1390435200
1046 2391 1401494400
1046 911 1427760000
1047 1577 1407974400
1047 1593 1407974400
1047 911 1425859200
1047 226 1425859200
1047 1670 1425859200
1048 1691 1391990400
1048 2393 1392076800
1048 2396 1398297600
1048 2398 1398297600
1048 2395 1398729600
1048 911 1413158400
1048 2397 1427328000
1048 2394 1431475200
1048 842 1431475200
1049 911 1405296000
1049 546 1405296000
1049 445 1405296000
1049 2360 1421971200
1049 1874 1421971200
1049 2399 1421971200
1050 2199 1368748800
1050 372 1382313600
1050 2401 1386460800
1050 911 1393977600
1050 2402 1393977600
1050 605 1398124800
1050 606 1398124800
1050 2404 1398124800
1050 1499 1398297600
1050 973 1414540800
1050 352 1414540800
1050 2405 1414540800
1050 2400 1453766400
1050 2403 1464220800
1051 436 1409097600
1051 392 1409097600
1051 2406 1439337600
1051 2406 1439337600
1051 2407 1441152000
1052 442 1465171200
1052 442 1465171200
1052 445 1465171200
1052 2408 1504310400
1052 2409 1504310400
1053 2408 1430006400
1053 489 1430006400
1053 489 1430006400
1053 1913 1430006400
1053 2410 1430006400
1054 2408 1423785600
1054 442 1423785600
1054 442 1423785600
1054 2410 1423785600
1054 445 1423785600
1054 2411 1424736000
1055 2408 1418428800
1055 2410 1418428800
1055 442 1491004800
1055 442 1491004800
1055 445 1491004800
1056 686 1298592000
1056 2414 1479168000
1056 2413 1486684800
1056 2412 1503964800
1056 1795 1506211200
1056 1774 1507680000
1057 1774 1464912000
1057 2239 1493683200
1057 2240 1493683200
1057 2415 1493683200
1057 2415 1493683200
1058 546 1350518400
1058 1774 1369267200
1058 1808 1369267200
1058 1042 1394409600
1058 122 1400371200
1058 2416 1405641600
1058 173 1413331200
1058 296 1414972800
1058 233 1421020800
1058 1381 1436745600
1058 2417 1436918400
1058 1380 1437004800
1058 1098 1447977600
1058 1303 1453766400
1058 1008 1481673600
1058 248 1498089600
1058 311 1498608000
1059 1247 1424736000
1059 442 1428883200
1059 442 1428883200
1059 445 1428883200
1059 1114 1430352000
1059 1185 1430352000
1059 1799 1444953600
1060 1363 1353974400
1060 1799 1360454400
1060 1011 1450396800
1060 2418 1496793600
1060 2236 1496793600
1061 559 1391299200
1061 999 1402099200
1061 1889 1404864000
1061 1889 1404864000
1061 1892 1406937600
1061 801 1411862400
1061 1703 1411862400
1061 1703 1411862400
1061 2419 1413936000
1061 1577 1418601600
1061 1624 1418601600
1061 415 1465603200
1061 914 1473984000
1062 1660 1425081600
1062 1660 1425081600
1062 415 1455840000
1062 440 1455840000
1062 234 1455840000
1062 45 1455840000
1063 1627 1371772800
1063 1577 1404259200
1063 419 1404259200
1063 452 1404259200
1063 415 1431907200
1063 417 1431907200
1064 1582 1375833600
1064 415 1430784000
1064 1362 1430784000
1064 520 1430784000
1064 520 1430784000
1064 392 1430784000
1064 2420 1459641600
1065 415 1425340800
1065 1624 1425340800
1065 416 1425340800
1065 1578 1425340800
1065 417 1425340800
1065 418 1425340800
1065 1627 1425340800
1065 1628 1425340800
1065 419 1425340800
1065 1580 1425340800
1066 1324 1327708800
1066 2421 1392508800
1066 2421 1392508800
1066 138 1395014400
1066 234 1395014400
1066 415 1396137600
1066 1037 1396137600
1066 92 1522800000
1066 1051 1522800000
1066 1540 1522800000
1067 438 1365552000
1067 438 1365552000
1067 415 1385510400
1067 1578 1385510400
1067 438 1404691200
1067 438 1404691200
1068 415 1363737600
1068 1362 1363737600
1068 2422 1363737600
1068 1578 1363737600
1068 418 1363737600
1068 1578 1375056000
1069 415 1313884800
1069 1624 1340582400
1069 438 1351468800
1069 438 1351468800
1069 673 1379289600
1069 673 1379289600
1069 1593 1379289600
1070 2424 1267833600
1070 415 1275264000
1070 1624 1275264000
1070 2422 1275264000
1070 925 1280275200
1070 418 1383609600
1070 2426 1399507200
1070 2423 1414195200
1070 2425 1491782400
1071 1577 1474588800
1071 417 1474588800
1071 1530 1474588800
1071 1579 1475193600
1071 2427 1475193600
1072 1593 1377820800
1072 438 1389052800
1072 438 1389052800
1072 438 1402617600
1072 438 1402617600
1072 1577 1455753600
1072 1642 1472688000
1073 1577 1417305600
1073 673 1420588800
1073 673 1420588800
1073 1579 1428796800
1073 1578 1478217600
1073 2428 1483920000
1074 2406 1484611200
1074 2406 1484611200
1074 254 1484611200
1074 1624 1484697600
1074 94 1492560000
1074 2429 1492560000
1075 1572 1472947200
1075 418 1472947200
1075 1362 1495238400
1075 2430 1495238400
1075 1487 1495238400
1075 131 1495238400
1075 1331 1529798400
1076 2431 1455753600
1076 2431 1455753600
1076 1624 1480636800
1076 1684 1480636800
1076 2432 1480636800
1077 1624 1476144000
1077 1579 1476144000
1077 1593 1487980800
1077 438 1491004800
1077 1578 1492560000
1078 1305 1435449600
1078 2433 1439856000
1078 1362 1470614400
1078 1529 1473984000
1078 724 1508198400
1079 1624 1366934400
1079 1582 1366934400
1079 1625 1366934400
1079 1579 1366934400
1079 1593 1366934400
1079 417 1438214400
1080 1362 1464048000
1080 452 1464048000
1080 1670 1464048000
1080 1583 1464048000
1080 1594 1464048000
1081 504 1453420800
1081 398 1456531200
1081 398 1456531200
1081 1362 1456876800
1081 2434 1466208000
1081 1628 1467158400
1082 1362 1428710400
1082 1578 1428710400
1082 8 1428710400
1082 1580 1428710400
1082 1583 1428710400
1083 478 1421625600
1083 478 1421625600
1083 1531 1421625600
1083 1362 1428624000
1083 623 1428624000
1083 2435 1435449600
1084 1362 1422230400
1084 1362 1422230400
1084 2436 1422230400
1084 2437 1422230400
1084 2437 1422230400
1084 2438 1422230400
1084 724 1537401600
1085 1580 1367280000
1085 1362 1420761600
1085 1625 1420761600
1085 1487 1420761600
1085 417 1420761600
1085 1669 1420761600
1085 493 1420761600
1085 1641 1420761600
1086 1362 1388880000
1086 673 1388880000
1086 673 1388880000
1086 1579 1389657600
1086 1670 1412294400
1086 1582 1463097600
1087 1537 1344038400
1087 1362 1368144000
1087 133 1420934400
1087 493 1425686400
1087 97 1475884800
1087 101 1475884800
1087 101 1475884800
1088 2440 1431993600
1088 2440 1431993600
1088 1703 1436140800
1088 1703 1436140800
1088 2441 1451865600
1088 2442 1451865600
1088 2439 1476144000
1089 2443 1384992000
1089 2445 1498003200
1089 2345 1498089600
1089 2446 1504569600
1089 2444 1505174400
1090 163 1404518400
1090 2448 1407715200
1090 2179 1423008000
1090 1071 1423180800
1090 2179 1441929600
1090 2447 1509840000
1091 2449 1440979200
1091 97 1444262400
1091 101 1444262400
1091 101 1444262400
1091 2450 1444262400
1091 606 1446163200
1091 2447 1453161600
1091 2183 1500076800
1092 2447 1445644800
1092 97 1517184000
1092 101 1517184000
1092 101 1517184000
1092 2451 1517184000
1093 2447 1358899200
1093 2453 1376092800
1093 2452 1384819200
1093 210 1469750400
1093 2167 1471651200
1094 2166 1461196800
1094 2163 1461196800
1094 2164 1461196800
1094 2454 1461283200
1094 877 1465257600
1094 2455 1473552000
1094 299 1489968000
1094 1757 1521763200
1094 2456 1530576000
1095 26 1300838400
1095 2457 1303776000
1095 1952 1373241600
1095 1953 1373241600
1095 1219 1445212800
1095 1757 1501459200
1096 711 1360195200
1096 2458 1459382400
1096 2458 1459382400
1096 2459 1459900800
1096 1757 1465603200
1096 440 1514332800
1096 925 1520985600
1097 1757 1447804800
1097 792 1448323200
1097 792 1448323200
1097 682 1449014400
1097 392 1451088000
1097 649 1452297600
1097 649 1452297600
1097 2460 1452297600
1098 2481 1402531200
1098 692 1404432000
1098 2463 1404864000
1098 2465 1404864000
1098 2469 1404864000
1098 2453 1408060800
1098 2473 1410825600
1098 584 1420329600
1098 676 1421452800
1098 2461 1421625600
1098 2484 1430265600
1098 1562 1430784000
1098 689 1430956800
1098 327 1431734400
1098 328 1431734400
1098 479 1433462400
1098 2474 1433721600
1098 397 1434499200
1098 397 1434499200
1098 2307 1435104000
1098 2259 1436054400
1098 2478 1436054400
1098 785 1436486400
1098 2466 1436572800
1098 1814 1436832000
1098 2487 1436832000
1098 98 1437264000
1098 1400 1438041600
1098 616 1438905600
1098 1904 1439337600
1098 1412 1439337600
1098 17 1439856000
1098 2483 1440806400
1098 685 1440892800
1098 1315 1440892800
1098 2204 1440892800
1098 2475 1440892800
1098 2301 1440892800
1098 2486 1440892800
1098 2472 1440979200
1098 2482 1442275200
1098 2470 1445558400
1098 792 1446681600
1098 792 1446681600
1098 1757 1447372800
1098 2462 1448496000
1098 682 1449014400
1098 2460 1449792000
1098 649 1449964800
1098 649 1449964800
1098 146 1450051200
1098 2467 1451088000
1098 392 1451174400
1098 1414 1451347200
1098 2203 1451347200
1098 2464 1452038400
1098 1197 1452297600
1098 2468 1453248000
1098 2471 1453420800
1098 2476 1456617600
1098 558 1456617600
1098 2458 1459296000
1098 2458 1459296000
1098 2477 1459555200
1098 1279 1459555200
1098 479 1462838400
1098 1098 1464652800
1098 2479 1468540800
1098 1858 1468713600
1098 37 1473292800
1098 37 1473292800
1098 2485 1474329600
1098 395 1475107200
1098 2199 1484265600
1098 2480 1485907200
1099 2490 1420588800
1099 2492 1420588800
1099 2488 1422144000
1099 2489 1425513600
1099 2491 1425513600
1100 1722 1180051200
1100 2494 1180396800
1100 2495 1187136000
1100 2493 1191283200
1100 1739 1197849600
1100 1068 1208995200
1100 2128 1209340800
1101 2496 1147046400
1101 2498 1147046400
1101 2505 1147046400
1101 2500 1147132800
1101 2501 1147132800
1101 2493 1148601600
1101 2497 1148601600
1101 2499 1148601600
1101 2502 1148601600
1101 2503 1148601600
1101 2504 1148601600
1101 2506 1148601600
1101 2506 1148601600
1101 2507 1148601600
1101 2508 1148601600
1101 2509 1187827200
1101 2510 1187913600
1102 1783 1200700800
1102 2504 1203724800
1102 2496 1204329600
1102 2493 1204329600
1102 2500 1204329600
1102 2501 1204329600
1103 2496 1147046400
1103 2498 1147046400
1103 2499 1147046400
1103 2500 1147046400
1103 2501 1147046400
1103 2502 1147046400
1104 2493 1449100800
1104 1771 1449100800
1104 1771 1449100800
1104 1768 1449100800
1104 1743 1449100800
1104 2501 1449100800
1105 2123 1388534400
1105 2109 1388534400
1105 2493 1421971200
1105 2500 1421971200
1105 2498 1421971200
1106 2511 1406592000
1106 2493 1409961600
1106 2509 1409961600
1106 2498 1456704000
1106 2510 1461369600
1106 2500 1505952000
1107 1084 1291766400
1107 2496 1385510400
1107 2496 1387497600
1107 70 1388361600
1107 2512 1388361600
1107 2497 1390953600
1107 2500 1390953600
1107 1307 1394064000
1107 59 1423353600
1107 967 1428105600
1107 1077 1493683200
1107 1087 1508976000
1107 1256 1508976000
1107 1144 1531699200
1108 1455 1384992000
1108 2493 1395532800
1108 2500 1395532800
1108 2514 1395532800
1108 2383 1410048000
1108 2513 1490400000
1108 943 1498003200
1108 753 1503446400
1109 2497 1272844800
1109 1235 1343001600
1109 1772 1343001600
1109 1235 1343001600
1109 1772 1343001600
1110 2516 1420243200
1110 2515 1420329600
1110 2503 1420934400
1110 59 1430438400
1110 2497 1441238400
1111 965 1362614400
1111 965 1362614400
1111 2497 1415145600
1111 2500 1415145600
1111 2502 1415145600
1111 70 1415145600
1112 2497 1379203200
1112 2500 1379203200
1112 2517 1379203200
1112 1771 1379203200
1112 1771 1379203200
1112 1271 1445385600
1113 2504 1420848000
1113 2508 1420848000
1113 2498 1421280000
1113 2502 1421539200
1113 2500 1422748800
1114 70 1349308800
1114 2498 1362787200
1114 2518 1362787200
1114 2501 1374883200
1114 497 1387497600
1114 1760 1494806400
1115 1294 1416528000
1115 2325 1423872000
1115 2089 1466553600
1115 97 1525651200
1115 101 1525651200
1115 101 1525651200
1116 51 1412812800
1116 2519 1416787200
1116 97 1524441600
1116 101 1524441600
1116 101 1524441600
1117 97 1523059200
1117 101 1523059200
1117 101 1523059200
1117 2261 1523059200
1117 2520 1523059200
1118 97 1521331200
1118 101 1521331200
1118 101 1521331200
1118 1827 1521331200
1118 1567 1521331200
1119 2521 1378166400
1119 2313 1379721600
1119 2313 1379721600
1119 1420 1402358400
1119 2438 1404691200
1119 461 1415145600
1120 2521 1372982400
1120 2522 1372982400
1120 1065 1380153600
1120 2523 1381276800
1120 1657 1385856000
1121 165 1450483200
1121 398 1452038400
1121 398 1452038400
1121 1360 1497225600
1121 97 1515801600
1121 101 1515801600
1121 101 1515801600
1122 1253 1393286400
1122 1823 1411430400
1122 2525 1411430400
1122 2524 1411776000
1122 1631 1411776000
1122 11 1412553600
1122 97 1510185600
1122 101 1510185600
1122 101 1510185600
1122 2526 1510185600
1123 239 1387152000
1123 1439 1419120000
1123 97 1509235200
1123 101 1509235200
1123 101 1509235200
1124 97 1507939200
1124 101 1507939200
1124 101 1507939200
1124 2527 1507939200
1124 2528 1507939200
1124 2529 1513555200
1125 97 1504483200
1125 101 1504483200
1125 101 1504483200
1125 97 1505952000
1125 101 1505952000
1125 101 1505952000
1126 2016 1405814400
1126 665 1415145600
1126 97 1502064000
1126 101 1502064000
1126 101 1502064000
1126 97 1505433600
1126 101 1505433600
1126 101 1505433600
1127 125 1496188800
1127 125 1496188800
1127 97 1505347200
1127 101 1505347200
1127 101 1505347200
1128 2530 1486080000
1128 474 1486080000
1128 1482 1486080000
1128 97 1504915200
1128 101 1504915200
1128 101 1504915200
1129 2531 1482969600
1129 97 1504569600
1129 101 1504569600
1129 101 1504569600
1129 2532 1507248000
1130 97 1503964800
1130 101 1503964800
1130 101 1503964800
1130 2533 1503964800
1130 2534 1503964800
1131 2535 1274745600
1131 226 1367107200
1131 97 1503187200
1131 101 1503187200
1131 101 1503187200
1132 2537 1176854400
1132 2538 1363564800
1132 2536 1373155200
1132 97 1501891200
1132 101 1501891200
1132 101 1501891200
1133 858 1433721600
1133 97 1498176000
1133 101 1498176000
1133 101 1498176000
1133 2539 1526342400
1134 2541 1463788800
1134 2092 1464652800
1134 97 1496188800
1134 101 1496188800
1134 101 1496188800
1134 2540 1503446400
1135 851 1394323200
1135 2542 1472515200
1135 97 1495152000
1135 101 1495152000
1135 101 1495152000
1136 97 1494892800
1136 101 1494892800
1136 101 1494892800
1136 21 1506384000
1136 819 1512172800
1137 97 1494720000
1137 101 1494720000
1137 101 1494720000
1137 1435 1494720000
1137 1567 1494720000
1137 2543 1494720000
1138 97 1493769600
1138 101 1493769600
1138 101 1493769600
1138 1567 1493769600
1138 2544 1493769600
1138 2545 1493769600
1139 97 1466035200
1139 101 1466035200
1139 101 1466035200
1139 97 1489017600
1139 101 1489017600
1139 101 1489017600
1140 2546 1484438400
1140 2546 1484438400
1140 97 1487635200
1140 101 1487635200
1140 101 1487635200
1141 97 1486339200
1141 101 1486339200
1141 101 1486339200
1141 2547 1486339200
1141 2544 1486339200
1142 97 1459123200
1142 101 1459123200
1142 101 1459123200
1142 97 1485734400
1142 101 1485734400
1142 101 1485734400
1143 97 1462233600
1143 101 1462233600
1143 101 1462233600
1143 97 1484784000
1143 101 1484784000
1143 101 1484784000
1144 499 1445817600
1144 97 1484092800
1144 101 1484092800
1144 101 1484092800
1144 397 1509408000
1144 397 1509408000
1144 92 1511136000
1144 59 1511136000
1144 1051 1511136000
1144 196 1511136000
1144 357 1526601600
1144 2548 1528675200
1145 97 1483574400
1145 101 1483574400
1145 101 1483574400
1145 1709 1506124800
1145 1709 1506124800
1146 489 1454630400
1146 489 1454630400
1146 97 1482969600
1146 101 1482969600
1146 101 1482969600
1146 1567 1482969600
1146 2549 1491264000
1147 53 1432684800
1147 97 1432771200
1147 101 1432771200
1147 101 1432771200
1147 97 1480377600
1147 101 1480377600
1147 101 1480377600
1147 92 1480377600
1147 2550 1480377600
1147 2551 1487289600
1148 97 1480377600
1148 101 1480377600
1148 101 1480377600
1148 1567 1517443200
1148 2520 1518566400
1149 97 1478908800
1149 101 1478908800
1149 101 1478908800
1149 2552 1492473600
1149 1138 1492646400
1150 1236 1477699200
1150 1711 1477699200
1150 1782 1477785600
1150 97 1478563200
1150 101 1478563200
1150 101 1478563200
1151 2554 1466553600
1151 2555 1466553600
1151 2556 1466553600
1151 2553 1477699200
1151 97 1478563200
1151 101 1478563200
1151 101 1478563200
1152 97 1478476800
1152 101 1478476800
1152 101 1478476800
1152 1992 1497916800
1152 1274 1497916800
1152 1237 1497916800
1152 1128 1515283200
1153 2557 1364860800
1153 219 1417910400
1153 219 1459555200
1153 220 1459555200
1153 97 1478131200
1153 101 1478131200
1153 101 1478131200
1154 2533 1477094400
1154 97 1478131200
1154 101 1478131200
1154 101 1478131200
1154 440 1483228800
1155 23 1365811200
1155 97 1477440000
1155 101 1477440000
1155 101 1477440000
1155 2558 1519948800
1156 97 1446595200
1156 101 1446595200
1156 101 1446595200
1156 97 1477353600
1156 101 1477353600
1156 101 1477353600
1157 97 1466899200
1157 101 1466899200
1157 101 1466899200
1157 97 1476403200
1157 101 1476403200
1157 101 1476403200
1158 2560 1353888000
1158 97 1377734400
1158 101 1377734400
1158 101 1377734400
1158 1851 1411430400
1158 1829 1425168000
1158 2559 1470614400
1158 97 1476316800
1158 101 1476316800
1158 101 1476316800
1158 572 1490832000
1158 241 1525219200
1158 245 1525305600
1159 1128 1465776000
1159 33 1465776000
1159 97 1475625600
1159 101 1475625600
1159 101 1475625600
1160 97 1471392000
1160 101 1471392000
1160 101 1471392000
1160 97 1474416000
1160 101 1474416000
1160 101 1474416000
1161 97 1389052800
1161 101 1389052800
1161 101 1389052800
1161 1470 1393545600
1161 97 1471824000
1161 101 1471824000
1161 101 1471824000
1162 1652 1353024000
1162 226 1353024000
1162 97 1471564800
1162 101 1471564800
1162 101 1471564800
1162 861 1525392000
1163 1490 1252195200
1163 867 1465344000
1163 97 1471305600
1163 101 1471305600
1163 101 1471305600
1164 2490 1464998400
1164 2492 1464998400
1164 97 1469232000
1164 101 1469232000
1164 101 1469232000
1165 97 1468627200
1165 101 1468627200
1165 101 1468627200
1165 187 1489104000
1165 2198 1489104000
1165 2561 1489104000
1165 2562 1516060800
1166 97 1450224000
1166 101 1450224000
1166 101 1450224000
1166 97 1468454400
1166 101 1468454400
1166 101 1468454400
1167 489 1404864000
1167 489 1404864000
1167 97 1466640000
1167 101 1466640000
1167 101 1466640000
1168 2558 1438300800
1168 97 1463961600
1168 101 1463961600
1168 101 1463961600
1168 2533 1521676800
1169 97 1463529600
1169 101 1463529600
1169 101 1463529600
1169 1567 1463529600
1169 1669 1475798400
1170 1843 1395014400
1170 2130 1395014400
1170 2563 1447372800
1170 649 1447372800
1170 2563 1447372800
1170 649 1447372800
1170 97 1463356800
1170 101 1463356800
1170 101 1463356800
1171 97 1459814400
1171 101 1459814400
1171 101 1459814400
1171 1672 1476057600
1171 445 1527120000
1171 442 1527120000
1172 2565 1375574400
1172 104 1388448000
1172 2568 1393804800
1172 472 1407196800
1172 2564 1411948800
1172 2566 1415404800
1172 728 1417910400
1172 191 1417910400
1172 1548 1434067200
1172 97 1459555200
1172 101 1459555200
1172 101 1459555200
1172 1447 1494374400
1172 2567 1497225600
1173 25 1402272000
1173 25 1402272000
1173 97 1454889600
1173 101 1454889600
1173 101 1454889600
1173 1999 1522108800
1174 97 1453161600
1174 101 1453161600
1174 101 1453161600
1174 2569 1453161600
1174 549 1475366400
1175 2571 1434326400
1175 97 1450137600
1175 101 1450137600
1175 101 1450137600
1175 2570 1492992000
1176 97 1444953600
1176 101 1444953600
1176 101 1444953600
1176 2572 1444953600
1176 2573 1444953600
1177 692 1400025600
1177 2574 1421280000
1177 1814 1421280000
1177 97 1444867200
1177 101 1444867200
1177 101 1444867200
1178 103 1373587200
1178 104 1373587200
1178 154 1373587200
1178 2575 1393372800
1178 2576 1406851200
1178 1547 1406851200
1178 97 1444435200
1178 101 1444435200
1178 101 1444435200
1178 484 1444435200
1179 97 1444262400
1179 101 1444262400
1179 101 1444262400
1179 2577 1444262400
1179 1834 1444262400
1180 97 1442361600
1180 101 1442361600
1180 101 1442361600
1180 1682 1442361600
1180 606 1442361600
1180 1664 1442361600
1181 1529 1362614400
1181 2578 1362614400
1181 97 1442102400
1181 25 1442102400
1181 101 1442102400
1181 25 1442102400
1181 101 1442102400
1182 97 1441152000
1182 1676 1441152000
1182 25 1441152000
1182 101 1441152000
1182 25 1441152000
1182 101 1441152000
1183 427 1407801600
1183 523 1410393600
1183 97 1436832000
1183 101 1436832000
1183 101 1436832000
1184 97 1436486400
1184 101 1436486400
1184 101 1436486400
1184 840 1436486400
1184 56 1436486400
1185 1037 1376092800
1185 97 1435104000
1185 101 1435104000
1185 101 1435104000
1185 1219 1476489600
1185 2579 1476489600
1186 97 1432512000
1186 97 1432512000
1186 101 1432512000
1186 101 1432512000
1186 101 1432512000
1186 101 1432512000
1187 97 1431993600
1187 101 1431993600
1187 101 1431993600
1187 487 1456444800
1187 487 1464307200
1188 97 1404777600
1188 101 1404777600
1188 101 1404777600
1188 97 1431302400
1188 101 1431302400
1188 101 1431302400
1189 97 1428883200
1189 101 1428883200
1189 101 1428883200
1189 676 1438041600
1189 56 1438041600
1189 1004 1438128000
1189 520 1438387200
1189 520 1438387200
1189 2580 1438560000
1190 606 1412985600
1190 1963 1412985600
1190 836 1418428800
1190 97 1428364800
1190 101 1428364800
1190 101 1428364800
1190 1636 1469664000
1191 1829 1401148800
1191 97 1427414400
1191 97 1427414400
1191 97 1427414400
1191 101 1427414400
1191 101 1427414400
1191 101 1427414400
1191 101 1427414400
1191 101 1427414400
1191 101 1427414400
1192 97 1397001600
1192 101 1397001600
1192 101 1397001600
1192 97 1424908800
1192 101 1424908800
1192 101 1424908800
1193 97 1424649600
1193 101 1424649600
1193 101 1424649600
1193 2581 1427587200
1193 226 1525737600
1193 2582 1525737600
1193 1102 1525737600
1194 97 1372118400
1194 101 1372118400
1194 101 1372118400
1194 97 1424563200
1194 101 1424563200
1194 101 1424563200
1194 2583 1483056000
1195 97 1391040000
1195 101 1391040000
1195 101 1391040000
1195 97 1424476800
1195 101 1424476800
1195 101 1424476800
1196 97 1424217600
1196 97 1424217600
1196 101 1424217600
1196 101 1424217600
1196 101 1424217600
1196 101 1424217600
1197 97 1379894400
1197 101 1379894400
1197 101 1379894400
1197 97 1423094400
1197 101 1423094400
1197 101 1423094400
1198 462 1360713600
1198 655 1360713600
1198 2584 1360713600
1198 157 1360713600
1198 97 1422230400
1198 101 1422230400
1198 101 1422230400
1199 97 1421280000
1199 101 1421280000
1199 101 1421280000
1199 2586 1421280000
1199 2585 1486252800
1200 97 1407110400
1200 101 1407110400
1200 101 1407110400
1200 97 1419897600
1200 101 1419897600
1200 101 1419897600
1201 97 1411776000
1201 101 1411776000
1201 101 1411776000
1201 97 1417910400
1201 101 1417910400
1201 101 1417910400
1202 1065 1398038400
1202 97 1417478400
1202 101 1417478400
1202 101 1417478400
1202 791 1417478400
1202 2587 1417564800
1202 383 1417737600
1202 106 1418860800
1203 97 1389312000
1203 101 1389312000
1203 101 1389312000
1203 97 1417392000
1203 101 1417392000
1203 101 1417392000
1204 97 1385424000
1204 101 1385424000
1204 101 1385424000
1204 97 1416700800
1204 101 1416700800
1204 101 1416700800
1204 1567 1483228800
1205 97 1407715200
1205 101 1407715200
1205 101 1407715200
1205 97 1415491200
1205 101 1415491200
1205 101 1415491200
1206 97 1378944000
1206 101 1378944000
1206 101 1378944000
1206 97 1415232000
1206 101 1415232000
1206 101 1415232000
1207 97 1407542400
1207 101 1407542400
1207 101 1407542400
1207 97 1414886400
1207 101 1414886400
1207 101 1414886400
1208 97 1412985600
1208 101 1412985600
1208 520 1412985600
1208 101 1412985600
1208 520 1412985600
1209 97 1412208000
1209 101 1412208000
1209 101 1412208000
1209 2588 1412208000
1209 2589 1412208000
1210 97 1382313600
1210 101 1382313600
1210 101 1382313600
1210 97 1411084800
1210 101 1411084800
1210 101 1411084800
1211 97 1352678400
1211 101 1352678400
1211 101 1352678400
1211 97 1410134400
1211 101 1410134400
1211 101 1410134400
1212 97 1409961600
1212 101 1409961600
1212 101 1409961600
1212 2591 1456099200
1212 2590 1490313600
1213 97 1409875200
1213 97 1409875200
1213 101 1409875200
1213 101 1409875200
1213 101 1409875200
1213 101 1409875200
1214 696 1384905600
1214 2592 1384905600
1214 97 1409788800
1214 101 1409788800
1214 101 1409788800
1215 97 1409529600
1215 101 1409529600
1215 101 1409529600
1215 577 1484784000
1215 2007 1487894400
1215 288 1505260800
1215 2593 1507334400
1216 70 1370736000
1216 97 1409270400
1216 2594 1409270400
1216 101 1409270400
1216 101 1409270400
1216 2595 1410998400
1217 97 1392422400
1217 101 1392422400
1217 101 1392422400
1217 97 1406851200
1217 101 1406851200
1217 101 1406851200
1218 97 1405728000
1218 101 1405728000
1218 101 1405728000
1218 643 1457481600
1218 2596 1457481600
1218 2597 1457481600
1218 484 1473724800
1218 2598 1509580800
1219 97 1404950400
1219 97 1404950400
1219 101 1404950400
1219 101 1404950400
1219 101 1404950400
1219 101 1404950400
1219 2544 1404950400
1220 497 1388793600
1220 97 1404000000
1220 101 1404000000
1220 101 1404000000
1220 378 1405900800
1220 1234 1408838400
1220 1235 1408838400
1220 1772 1408838400
1220 1235 1408838400
1220 1772 1408838400
1220 1727 1413590400
1220 1366 1423353600
1221 1488 1399939200
1221 1488 1399939200
1221 97 1402876800
1221 101 1402876800
1221 101 1402876800
1221 226 1455494400
1222 97 1401235200
1222 97 1401235200
1222 101 1401235200
1222 101 1401235200
1222 101 1401235200
1222 101 1401235200
1223 97 1399507200
1223 2595 1399507200
1223 101 1399507200
1223 101 1399507200
1223 97 1399680000
1223 101 1399680000
1223 101 1399680000
1223 2599 1399680000
1224 97 1338422400
1224 101 1338422400
1224 101 1338422400
1224 97 1399593600
1224 101 1399593600
1224 101 1399593600
1225 97 1398729600
1225 97 1398729600
1225 101 1398729600
1225 101 1398729600
1225 101 1398729600
1225 101 1398729600
1226 2600 1375660800
1226 97 1398124800
1226 101 1398124800
1226 101 1398124800
1226 1470 1414281600
1227 97 1397520000
1227 101 1397520000
1227 101 1397520000
1227 2544 1397520000
1227 1275 1472083200
1228 97 1382832000
1228 101 1382832000
1228 101 1382832000
1228 97 1395446400
1228 101 1395446400
1228 101 1395446400
1229 97 1371254400
1229 206 1371254400
1229 101 1371254400
1229 101 1371254400
1229 97 1389571200
1229 101 1389571200
1229 101 1389571200
1230 97 1353024000
1230 101 1353024000
1230 101 1353024000
1230 97 1388448000
1230 101 1388448000
1230 101 1388448000
1230 440 1391299200
1231 97 1386892800
1231 101 1386892800
1231 101 1386892800
1231 1567 1464480000
1231 1834 1464480000
1231 1842 1464480000
1232 97 1373241600
1232 101 1373241600
1232 101 1373241600
1232 97 1385337600
1232 101 1385337600
1232 101 1385337600
1233 97 1379980800
1233 101 1379980800
1233 101 1379980800
1233 256 1379980800
1233 97 1383004800
1233 101 1383004800
1233 101 1383004800
1234 97 1382918400
1234 101 1382918400
1234 101 1382918400
1234 553 1382918400
1234 1814 1382918400
1235 97 1381968000
1235 101 1381968000
1235 101 1381968000
1235 728 1381968000
1235 2450 1424736000
1236 97 1378339200
1236 2 1378339200
1236 101 1378339200
1236 101 1378339200
1236 376 1378339200
1237 97 1372982400
1237 101 1372982400
1237 101 1372982400
1237 97 1377734400
1237 101 1377734400
1237 101 1377734400
1238 97 1376697600
1238 101 1376697600
1238 101 1376697600
1238 25 1428537600
1238 25 1428537600
1239 97 1375228800
1239 97 1375228800
1239 101 1375228800
1239 101 1375228800
1239 101 1375228800
1239 101 1375228800
1240 97 1375056000
1240 101 1375056000
1240 101 1375056000
1240 1315 1442188800
1240 2601 1442188800
1240 559 1462492800
1240 2602 1479254400
1240 440 1480377600
1241 97 1371340800
1241 101 1371340800
1241 101 1371340800
1241 2603 1396569600
1241 2604 1396569600
1242 97 1344729600
1242 101 1344729600
1242 101 1344729600
1242 97 1369008000
1242 101 1369008000
1242 101 1369008000
1243 97 1367020800
1243 101 1367020800
1243 101 1367020800
1243 596 1384387200
1243 605 1384387200
1243 440 1384387200
1243 606 1451347200
1243 2605 1471996800
1244 97 1366329600
1244 101 1366329600
1244 101 1366329600
1244 327 1498435200
1244 328 1498435200
1245 97 1365206400
1245 101 1365206400
1245 101 1365206400
1245 485 1470182400
1245 2266 1493337600
1246 2606 1276992000
1246 2606 1276992000
1246 97 1364688000
1246 101 1364688000
1246 101 1364688000
1246 789 1442880000
1246 445 1452729600
1246 1453 1472428800
1246 1009 1483574400
1246 1008 1499731200
1246 489 1518307200
1246 489 1518307200
1246 2170 1529452800
1246 1166 1532563200
1247 97 1348444800
1247 101 1348444800
1247 101 1348444800
1247 97 1364083200
1247 101 1364083200
1247 101 1364083200
1248 97 1362787200
1248 2606 1362787200
1248 101 1362787200
1248 2606 1362787200
1248 101 1362787200
1248 2551 1484697600
1249 97 1359331200
1249 101 1359331200
1249 101 1359331200
1249 2366 1402358400
1249 50 1402358400
1249 2259 1451001600
1249 2607 1479254400
1250 97 1282089600
1250 101 1282089600
1250 101 1282089600
1250 97 1357084800
1250 101 1357084800
1250 101 1357084800
1251 97 1356220800
1251 97 1356220800
1251 101 1356220800
1251 101 1356220800
1251 101 1356220800
1251 101 1356220800
1252 97 1355097600
1252 180 1355097600
1252 101 1355097600
1252 180 1355097600
1252 101 1355097600
1252 472 1355097600
1253 97 1343260800
1253 101 1343260800
1253 101 1343260800
1253 996 1388966400
1253 440 1405814400
1254 97 1325980800
1254 101 1325980800
1254 101 1325980800
1254 97 1341014400
1254 101 1341014400
1254 101 1341014400
1255 97 1339286400
1255 97 1339286400
1255 97 1339286400
1255 97 1339286400
1255 97 1339286400
1255 101 1339286400
1255 101 1339286400
1255 101 1339286400
1255 101 1339286400
1255 101 1339286400
1255 101 1339286400
1255 101 1339286400
1255 101 1339286400
1255 101 1339286400
1255 101 1339286400
1256 97 1310342400
1256 101 1310342400
1256 101 1310342400
1256 97 1318723200
1256 101 1318723200
1256 101 1318723200
1256 97 1336176000
1256 101 1336176000
1256 101 1336176000
1257 97 1312243200
1257 101 1312243200
1257 101 1312243200
1257 97 1335657600
1257 101 1335657600
1257 101 1335657600
1258 2100 1309996800
1258 97 1326412800
1258 101 1326412800
1258 101 1326412800
1258 2608 1341014400
1258 2608 1341014400
1258 1548 1352764800
1258 2609 1352764800
1258 2610 1366848000
1258 1444 1378252800
1259 97 1246492800
1259 101 1246492800
1259 101 1246492800
1259 97 1264809600
1259 101 1264809600
1259 101 1264809600
1259 97 1300838400
1259 101 1300838400
1259 101 1300838400
1260 97 1273536000
1260 101 1273536000
1260 101 1273536000
1260 97 1279152000
1260 101 1279152000
1260 101 1279152000
1261 97 1233878400
1261 101 1233878400
1261 101 1233878400
1261 97 1275782400
1261 97 1275782400
1261 101 1275782400
1261 101 1275782400
1261 101 1275782400
1261 101 1275782400
1262 97 1252972800
1262 101 1252972800
1262 101 1252972800
1262 97 1259020800
1262 101 1259020800
1262 101 1259020800
1263 1253 1411862400
1263 2611 1414022400
1263 1666 1414022400
1263 2612 1414022400
1263 2613 1414022400
1263 2617 1414022400
1263 1060 1417824000
1263 1685 1446076800
1263 2305 1452038400
1263 1394 1452038400
1263 2618 1452038400
1263 2616 1465344000
1263 552 1465948800
1263 2614 1472601600
1263 2615 1504396800
1263 2619 1524960000
1264 395 1288569600
1264 258 1393372800
1264 942 1446681600
1264 485 1460073600
1264 1357 1460937600
1264 1156 1463443200
1264 1047 1467158400
1264 363 1470960000
1265 1900 1257811200
1265 704 1258502400
1265 395 1262736000
1265 1619 1267056000
1265 252 1307923200
1265 785 1327968000
1265 2621 1351382400
1265 2620 1352937600
1265 2622 1391558400
1265 2176 1396915200
1266 324 1488153600
1266 2623 1517616000
1266 44 1520035200
1266 395 1520121600
1266 2624 1520294400
1267 1806 1480204800
1267 2625 1480204800
1267 224 1482105600
1267 395 1519257600
1267 72 1523491200
1268 141 1477958400
1268 704 1477958400
1268 2430 1479254400
1268 189 1493683200
1268 2626 1496534400
1268 2627 1496534400
1268 398 1503705600
1268 398 1503705600
1268 395 1507075200
1268 217 1507075200
1268 218 1507075200
1269 395 1498348800
1269 35 1498348800
1269 36 1498348800
1269 792 1498348800
1269 792 1498348800
1269 480 1498348800
1270 1423 1422835200
1270 1930 1431129600
1270 1274 1437264000
1270 1132 1465862400
1270 1039 1473984000
1270 1162 1474502400
1270 1106 1474588800
1270 2628 1493164800
1270 395 1496361600
1270 912 1498435200
1270 912 1498435200
1270 1124 1502755200
1270 1066 1526428800
1271 440 1433462400
1271 1185 1456704000
1271 1463 1456704000
1271 395 1495929600
1271 724 1502668800
1272 666 1408060800
1272 666 1408060800
1272 1371 1415404800
1272 2629 1431216000
1272 395 1484265600
1273 395 1484092800
1273 1784 1484092800
1273 1737 1484092800
1273 1727 1484265600
1273 599 1528416000
1274 2623 1469232000
1274 1085 1469232000
1274 1085 1469232000
1274 395 1484006400
1274 2630 1484006400
1275 2631 1418342400
1275 2631 1418342400
1275 2638 1422316800
1275 395 1427068800
1275 2635 1427068800
1275 2014 1428537600
1275 129 1435795200
1275 129 1447459200
1275 2023 1452384000
1275 2637 1452384000
1275 2632 1459814400
1275 2634 1470355200
1275 1083 1481068800
1275 615 1483747200
1275 2636 1484179200
1275 2633 1497312000
1275 1179 1533081600
1276 395 1411862400
1276 21 1411862400
1276 2639 1411862400
1276 818 1411862400
1276 2640 1411862400
1277 2108 1394150400
1277 2641 1409270400
1277 2644 1409270400
1277 395 1410220800
1277 1457 1413244800
1277 2643 1425427200
1277 1268 1437696000
1277 2642 1439337600
1277 85 1448928000
1277 1099 1458345600
1277 1424 1458345600
1277 1106 1473206400
1277 1215 1488412800
1277 279 1509408000
1278 2064 1360713600
1278 1735 1372032000
1278 2645 1386374400
1278 395 1387584000
1278 379 1387584000
1279 395 1297814400
1279 395 1297814400
1279 954 1423180800
1279 948 1424044800
1279 2169 1433635200
1279 939 1457049600
1279 893 1460073600
1279 1269 1486252800
1279 1315 1526515200
1279 1128 1526688000
1279 1138 1526688000
1279 226 1526774400
1279 335 1526774400
1279 311 1526774400
1279 39 1526774400
1279 264 1526774400
1279 913 1526774400
1279 1071 1526860800
1279 83 1526860800
1279 326 1526860800
1280 2649 1262044800
1280 2646 1287705600
1280 395 1293321600
1280 2297 1329091200
1280 1737 1351123200
1280 493 1394323200
1280 2647 1419811200
1280 2650 1419811200
1280 686 1456099200
1280 2648 1456099200
1281 2222 1477526400
1281 1893 1477526400
1281 989 1479945600
1281 122 1479945600
1281 815 1482796800
1282 2652 1433462400
1282 2651 1433980800
1282 1735 1433980800
1282 2239 1460246400
1282 2240 1460246400
1283 2653 1404777600
1283 564 1421625600
1283 2654 1423180800
1283 2654 1423180800
1283 2651 1428278400
1284 378 1382140800
1284 2651 1389312000
1284 1725 1394236800
1284 2546 1394236800
1284 2546 1394236800
1285 2651 1357171200
1285 497 1357171200
1285 1737 1357171200
1285 1725 1439596800
1285 1238 1439683200
1285 267 1507852800
1286 2651 1355011200
1286 2319 1366675200
1286 1084 1367280000
1286 2076 1372636800
1286 1990 1372636800
1287 2651 1350345600
1287 2656 1350345600
1287 2656 1350345600
1287 2657 1350345600
1287 2655 1360108800
1288 1994 1446940800
1288 1790 1446940800
1288 329 1446940800
1288 1085 1446940800
1288 2658 1446940800
1288 378 1446940800
1288 2659 1446940800
1288 2660 1446940800
1288 1760 1446940800
1288 2661 1446940800
1289 2064 1366934400
1289 757 1396569600
1289 1994 1429315200
1289 1948 1429315200
1289 35 1450656000
1289 2623 1450656000
1289 2076 1469232000
1290 2664 1407110400
1290 1994 1409184000
1290 1307 1411171200
1290 2113 1422403200
1290 1084 1423872000
1290 2660 1469664000
1290 2662 1473292800
1290 2663 1473292800
1290 1155 1528416000
1290 1085 1528588800
1291 440 1390003200
1291 497 1395187200
1291 1994 1400803200
1291 2298 1400803200
1291 286 1400803200
1291 1430 1424044800
1291 44 1425600000
1291 1971 1426464000
1291 2665 1428451200
1291 2666 1501027200
1292 2667 1293494400
1292 2319 1356912000
1292 2114 1382140800
1292 1994 1396051200
1292 2546 1397174400
1292 2546 1397174400
1292 2668 1491436800
1293 757 1366329600
1293 1413 1366329600
1293 1994 1385251200
1293 2088 1385251200
1293 1366 1385251200
1293 2064 1385251200
1293 2669 1385251200
1293 2670 1385251200
1293 333 1385251200
1294 1413 1363392000
1294 1994 1374537600
1294 1203 1432857600
1294 1289 1445558400
1294 1379 1464739200
1294 1752 1468454400
1294 1426 1486684800
1294 1285 1493424000
1294 1285 1493424000
1294 824 1495065600
1295 1994 1346284800
1295 2319 1379462400
1295 2671 1421193600
1295 2114 1463788800
1295 1093 1529625600
1296 1994 1320451200
1296 1366 1320451200
1296 1771 1320451200
1296 1771 1320451200
1296 256 1320883200
1297 757 1316995200
1297 1994 1320019200
1297 2079 1322524800
1297 2105 1354060800
1297 2114 1356652800
1297 1787 1386201600
1298 133 1466726400
1298 2673 1485043200
1298 704 1485993600
1298 2222 1490832000
1298 2672 1500163200
1298 206 1502236800
1298 2674 1527465600
1298 2675 1530662400
1299 2677 1474243200
1299 411 1487030400
1299 2676 1487030400
1299 2678 1493596800
1299 2672 1496620800
1300 25 1383264000
1300 25 1383264000
1300 26 1383264000
1300 146 1383264000
1300 8 1383264000
1300 2672 1491091200
1301 2679 1400630400
1301 618 1400630400
1301 2672 1478736000
1301 777 1486080000
1301 2457 1488585600
1301 420 1489449600
1301 282 1516838400
1301 219 1528934400
1301 220 1528934400
1302 2680 1489449600
1302 1582 1492819200
1302 1578 1492819200
1302 1009 1492819200
1302 2681 1520726400
1303 438 1384819200
1303 438 1384819200
1303 1582 1414108800
1303 1642 1414108800
1303 1578 1417737600
1304 2682 1377820800
1304 1530 1377820800
1304 1579 1437523200
1304 635 1437523200
1304 1572 1484092800
1305 568 1470960000
1305 2683 1470960000
1305 1719 1470960000
1305 1719 1470960000
1305 467 1470960000
1306 568 1437523200
1306 209 1448064000
1306 209 1448064000
1306 2684 1484524800
1306 2685 1484524800
1307 568 1357084800
1307 2095 1357084800
1307 2688 1401840000
1307 2686 1423094400
1307 493 1430956800
1307 2687 1453075200
1307 1483 1462147200
1307 367 1472601600
1308 2691 1258416000
1308 2690 1281398400
1308 2691 1281398400
1308 2690 1281398400
1308 2690 1281398400
1308 2691 1281398400
1308 2691 1281398400
1308 2178 1281484800
1308 400 1281484800
1308 2692 1281484800
1308 2178 1281744000
1308 2689 1281744000
1308 2691 1281744000
1308 2691 1281744000
1308 566 1386720000
1308 360 1443398400
1309 2473 1373587200
1309 2693 1409961600
1309 2178 1411257600
1309 1138 1411257600
1309 594 1414540800
1309 2693 1414540800
1310 2178 1324080000
1310 2095 1395705600
1310 789 1396828800
1310 613 1396828800
1310 1814 1396828800
1311 496 1517702400
1311 1092 1517702400
1311 2695 1517702400
1311 2694 1519430400
1311 497 1525651200
1311 1761 1534377600
1312 2076 1417996800
1312 1785 1417996800
1312 496 1484006400
1312 1366 1484006400
1312 1783 1519344000
1313 1601 1439251200
1313 496 1464307200
1313 1726 1464307200
1313 2546 1464307200
1313 2546 1464307200
1314 333 1392249600
1314 2697 1406937600
1314 1748 1416614400
1314 1724 1450483200
1314 496 1458000000
1314 2696 1463184000
1314 2698 1501977600
1314 665 1507334400
1315 496 1447632000
1315 605 1447632000
1315 606 1447632000
1315 863 1447632000
1315 2699 1447632000
1316 496 1442188800
1316 792 1442188800
1316 792 1442188800
1316 706 1442188800
1316 2700 1448409600
1316 1907 1448409600
1317 496 1420156800
1317 1724 1420156800
1317 2546 1420156800
1317 2546 1420156800
1317 1237 1420156800
1317 2701 1420156800
1318 2702 1404259200
1318 2702 1404259200
1318 2104 1404259200
1318 1990 1408924800
1318 2315 1409097600
1318 2315 1409097600
1318 2703 1409184000
1318 2704 1409184000
1318 1727 1411344000
1318 378 1411344000
1318 496 1412121600
1318 497 1412121600
1318 1724 1415577600
1318 1725 1416787200
1318 1235 1416787200
1318 1235 1416787200
1318 1772 1417132800
1318 1772 1417132800
1318 1234 1417737600
1318 1366 1418256000
1318 2079 1420502400
1318 2706 1427414400
1318 2707 1430092800
1318 2110 1432080000
1318 1748 1433808000
1318 2076 1436140800
1318 1255 1441843200
1318 2078 1442793600
1318 2705 1443744000
1319 496 1407456000
1319 1251 1407456000
1319 103 1407456000
1319 2653 1407456000
1319 2108 1407456000
1319 104 1407456000
1319 2658 1410652800
1319 1252 1430179200
1319 1184 1430179200
1319 2708 1512432000
1319 2709 1515283200
1319 497 1516492800
1319 2563 1516492800
1319 2710 1516492800
1320 496 1404950400
1320 787 1404950400
1320 497 1404950400
1320 1896 1404950400
1320 1896 1404950400
1320 2711 1404950400
1320 44 1404950400
1321 496 1391817600
1321 384 1461196800
1321 2712 1494028800
1321 2712 1494028800
1321 737 1494028800
1321 738 1494028800
1322 70 1306800000
1322 2713 1306800000
1322 496 1391385600
1322 1739 1391385600
1322 2495 1391385600
1323 1407 1157587200
1323 496 1169337600
1323 59 1211673600
1323 496 1212105600
1323 496 1230249600
1323 253 1374192000
1323 976 1391731200
1323 2714 1412812800
1323 2455 1437696000
1323 2716 1439856000
1323 398 1446681600
1323 398 1446681600
1323 2715 1451865600
1323 392 1498780800
1324 1524 1438128000
1324 943 1438128000
1324 1121 1449532800
1324 2719 1458432000
1324 2717 1467590400
1324 2718 1507075200
1325 327 1309737600
1325 328 1309737600
1325 465 1312329600
1325 792 1344556800
1325 792 1344556800
1326 1820 1494374400
1326 1645 1494460800
1326 845 1496880000
1326 2720 1505952000
1326 2721 1505952000
1326 2722 1519948800
1326 327 1522627200
1326 328 1522627200
1327 1794 1428019200
1327 2723 1431820800
1327 327 1519862400
1327 328 1519862400
1327 709 1522540800
1328 76 1423180800
1328 2186 1491091200
1328 327 1519171200
1328 328 1519171200
1328 175 1519171200
1328 967 1521590400
1329 2724 1486080000
1329 327 1515888000
1329 328 1515888000
1329 2725 1518566400
1329 2726 1525910400
1330 723 1505952000
1330 327 1513468800
1330 328 1513468800
1330 2284 1518134400
1330 817 1519084800
1330 660 1519344000
1331 327 1511136000
1331 328 1511136000
1331 709 1511136000
1331 2727 1511136000
1331 2728 1511136000
1332 689 1494806400
1332 327 1506470400
1332 328 1506470400
1332 660 1506470400
1332 2729 1506470400
1333 1709 1503619200
1333 1709 1503619200
1333 2305 1503619200
1333 2730 1503619200
1333 2731 1503619200
1333 1191 1503619200
1333 327 1504137600
1333 328 1504137600
1333 722 1504137600
1333 722 1504137600
1334 1709 1386806400
1334 1709 1386806400
1334 90 1447459200
1334 91 1447459200
1334 327 1501804800
1334 328 1501804800
1334 689 1505174400
1335 2606 1454889600
1335 2606 1454889600
1335 2732 1458000000
1335 1375 1458000000
1335 327 1499558400
1335 328 1499558400
1336 2733 1390176000
1336 1911 1390867200
1336 327 1499385600
1336 328 1499385600
1336 2144 1533340800
1337 2726 1496880000
1337 327 1498003200
1337 328 1498003200
1337 2734 1498003200
1337 2728 1498003200
1338 492 1483488000
1338 492 1483488000
1338 327 1496361600
1338 328 1496361600
1338 465 1496361600
1338 2735 1496361600
1339 476 1400198400
1339 529 1417651200
1339 529 1417651200
1339 2736 1425600000
1339 476 1444608000
1339 327 1495584000
1339 328 1495584000
1340 476 1473552000
1340 1637 1482624000
1340 549 1490486400
1340 327 1493164800
1340 328 1493164800
1340 2737 1493164800
1341 598 1443744000
1341 620 1443744000
1341 2738 1443744000
1341 327 1493164800
1341 328 1493164800
1341 1409 1507334400
1342 2739 1427241600
1342 25 1469318400
1342 25 1469318400
1342 2740 1473120000
1342 327 1491523200
1342 328 1491523200
1342 1655 1525564800
1342 2741 1536278400
1343 327 1487721600
1343 328 1487721600
1343 2744 1489708800
1343 2742 1489795200
1343 2745 1490400000
1343 2743 1524009600
1344 1981 1420675200
1344 1981 1420675200
1344 143 1441756800
1344 2746 1471651200
1344 327 1485388800
1344 328 1485388800
1345 426 1395705600
1345 428 1395705600
1345 429 1395705600
1345 430 1395705600
1345 431 1395705600
1345 432 1395705600
1345 433 1395705600
1345 434 1395705600
1345 327 1484784000
1345 328 1484784000
1346 2747 1409702400
1346 2748 1431302400
1346 327 1482451200
1346 328 1482451200
1346 2749 1482451200
1347 619 1440115200
1347 955 1440115200
1347 1590 1440115200
1347 1581 1481068800
1347 327 1481932800
1347 328 1481932800
1348 327 1480896000
1348 328 1480896000
1348 755 1482883200
1348 696 1482883200
1348 767 1482883200
1348 709 1483401600
1349 327 1477008000
1349 328 1477008000
1349 397 1477008000
1349 397 1477008000
1349 793 1477008000
1350 2750 1433548800
1350 56 1433548800
1350 1971 1433548800
1350 327 1476489600
1350 328 1476489600
1350 135 1476489600
1351 397 1438646400
1351 397 1438646400
1351 642 1453334400
1351 327 1471910400
1351 327 1471910400
1351 328 1471910400
1351 328 1471910400
1352 426 1465776000
1352 428 1465776000
1352 429 1465776000
1352 430 1465776000
1352 431 1465776000
1352 432 1465776000
1352 433 1465776000
1352 434 1465776000
1352 327 1471132800
1352 328 1471132800
1353 327 1471132800
1353 328 1471132800
1353 1502 1471132800
1353 1991 1528329600
1353 307 1528329600
1354 397 1408147200
1354 397 1408147200
1354 56 1408147200
1354 421 1408147200
1354 680 1410739200
1354 2461 1410739200
1354 1971 1410739200
1354 689 1431129600
1354 689 1432857600
1354 210 1437350400
1354 2196 1437350400
1354 689 1437350400
1354 327 1470268800
1354 328 1470268800
1355 2752 1406592000
1355 2751 1408147200
1355 618 1438905600
1355 2420 1439164800
1355 327 1469145600
1355 328 1469145600
1356 327 1467417600
1356 328 1467417600
1356 56 1467417600
1356 364 1467417600
1356 2753 1467417600
1357 327 1465516800
1357 327 1465516800
1357 328 1465516800
1357 328 1465516800
1357 926 1488758400
1358 1701 1413590400
1358 1701 1413590400
1358 2755 1415923200
1358 801 1416700800
1358 398 1416700800
1358 398 1416700800
1358 2754 1417305600
1358 718 1429315200
1358 327 1465516800
1358 328 1465516800
1359 1492 1495238400
1359 817 1495238400
1359 397 1495238400
1359 397 1495238400
1359 421 1495238400
1360 554 1445644800
1360 1492 1466985600
1360 217 1467676800
1360 218 1467676800
1360 817 1469750400
1361 397 1402876800
1361 397 1402876800
1361 397 1402876800
1361 397 1402876800
1361 421 1402876800
1361 1492 1465084800
1362 2756 1387497600
1362 803 1442275200
1362 327 1442880000
1362 328 1442880000
1362 1492 1461715200
1362 2489 1477612800
1363 817 1449014400
1363 2757 1449014400
1363 465 1450051200
1363 327 1463529600
1363 328 1463529600
1364 851 1460764800
1364 504 1460764800
1364 56 1460764800
1364 364 1460764800
1364 327 1463097600
1364 327 1463097600
1364 328 1463097600
1364 328 1463097600
1364 1502 1463097600
1364 794 1463097600
1364 795 1463097600
1364 676 1463616000
1365 2163 1396656000
1365 327 1462492800
1365 327 1462492800
1365 328 1462492800
1365 328 1462492800
1366 1492 1412553600
1366 327 1412553600
1366 328 1412553600
1366 634 1412553600
1366 545 1412553600
1366 327 1422662400
1366 327 1422662400
1366 328 1422662400
1366 328 1422662400
1366 2558 1422662400
1366 567 1426377600
1367 2758 1339286400
1367 639 1417305600
1367 878 1439942400
1367 825 1440806400
1367 2761 1441152000
1367 2759 1446336000
1367 327 1459468800
1367 328 1459468800
1367 2760 1497398400
1367 217 1511222400
1367 218 1511222400
1368 1492 1355616000
1368 817 1355616000
1368 327 1355616000
1368 328 1355616000
1368 397 1356998400
1368 397 1356998400
1368 397 1356998400
1368 397 1356998400
1368 2762 1361404800
1368 2762 1361404800
1368 2763 1361404800
1368 2764 1484784000
1369 1492 1354924800
1369 2765 1354924800
1369 2765 1354924800
1369 2766 1354924800
1369 1913 1477353600
1370 327 1458000000
1370 328 1458000000
1370 426 1475971200
1370 428 1475971200
1370 429 1475971200
1370 430 1475971200
1370 431 1475971200
1370 432 1475971200
1370 433 1475971200
1370 434 1475971200
1371 327 1457222400
1371 327 1457222400
1371 327 1457222400
1371 328 1457222400
1371 328 1457222400
1371 328 1457222400
1372 2767 1451347200
1372 327 1453939200
1372 328 1453939200
1372 327 1454889600
1372 328 1454889600
1373 327 1454198400
1373 327 1454198400
1373 328 1454198400
1373 328 1454198400
1373 2768 1454198400
1374 1861 1445385600
1374 1450 1445385600
1374 2769 1445385600
1374 327 1454112000
1374 328 1454112000
1375 327 1453334400
1375 327 1453334400
1375 328 1453334400
1375 328 1453334400
1375 465 1456099200
1376 835 1433635200
1376 1850 1437436800
1376 2169 1437436800
1376 327 1450742400
1376 328 1450742400
1377 2770 1433376000
1377 392 1446249600
1377 327 1450569600
1377 328 1450569600
1377 803 1450569600
1377 2771 1491264000
1378 327 1449705600
1378 327 1449705600
1378 328 1449705600
1378 328 1449705600
1378 2772 1491177600
1379 327 1448841600
1379 328 1448841600
1379 803 1448841600
1379 1819 1473897600
1379 397 1506470400
1379 397 1506470400
1379 421 1506470400
1380 327 1448668800
1380 327 1448668800
1380 327 1448668800
1380 328 1448668800
1380 328 1448668800
1380 328 1448668800
1380 2773 1448668800
1380 2774 1448668800
1381 327 1418083200
1381 327 1418083200
1381 328 1418083200
1381 328 1418083200
1381 327 1419292800
1381 328 1419292800
1381 801 1420848000
1381 2775 1436659200
1381 2465 1445644800
1381 327 1447891200
1381 328 1447891200
1381 2776 1513728000
1382 206 1353456000
1382 652 1376524800
1382 1932 1391644800
1382 643 1391731200
1382 2777 1426118400
1382 327 1447200000
1382 328 1447200000
1382 653 1457049600
1382 426 1485820800
1382 428 1485820800
1382 1037 1485820800
1382 429 1485820800
1382 430 1485820800
1382 431 1485820800
1382 432 1485820800
1382 433 1485820800
1382 434 1485820800
1382 46 1498608000
1383 327 1373846400
1383 328 1373846400
1383 6 1376352000
1383 1911 1401235200
1383 658 1406678400
1383 484 1428364800
1383 327 1446595200
1383 328 1446595200
1383 1911 1446595200
1384 1128 1360454400
1384 1472 1380672000
1384 1128 1380672000
1384 1128 1391644800
1384 2778 1391644800
1384 1471 1394323200
1384 26 1404259200
1384 2779 1429056000
1384 327 1446422400
1384 328 1446422400
1384 1331 1484092800
1385 327 1403222400
1385 328 1403222400
1385 1919 1445040000
1385 327 1446336000
1385 328 1446336000
1386 327 1444003200
1386 328 1444003200
1386 327 1445558400
1386 327 1445558400
1386 328 1445558400
1386 328 1445558400
1387 327 1444348800
1387 327 1444348800
1387 328 1444348800
1387 328 1444348800
1387 803 1444348800
1388 2780 1388880000
1388 459 1424736000
1388 327 1444003200
1388 328 1444003200
1388 2781 1444003200
1389 327 1443484800
1389 328 1443484800
1389 2782 1444867200
1389 2784 1455753600
1389 2785 1458172800
1389 2783 1458777600
1389 869 1476403200
1390 476 1442016000
1390 327 1443052800
1390 328 1443052800
1390 2787 1445558400
1390 2786 1445817600
1391 2788 1438041600
1391 173 1438128000
1391 327 1442620800
1391 328 1442620800
1391 135 1451347200
1392 327 1439337600
1392 328 1439337600
1392 327 1440979200
1392 327 1440979200
1392 328 1440979200
1392 328 1440979200
1392 1498 1440979200
1392 1501 1440979200
1393 327 1439251200
1393 327 1439251200
1393 328 1439251200
1393 328 1439251200
1393 1501 1439251200
1394 728 1398124800
1394 2790 1398124800
1394 2789 1431388800
1394 327 1438041600
1394 328 1438041600
1394 210 1453852800
1395 397 1431043200
1395 397 1431043200
1395 421 1431043200
1395 327 1436745600
1395 328 1436745600
1395 2792 1472083200
1395 2793 1475971200
1395 180 1482364800
1395 180 1482364800
1395 2791 1515196800
1396 327 1433721600
1396 327 1433721600
1396 328 1433721600
1396 328 1433721600
1396 327 1434240000
1396 327 1434240000
1396 328 1434240000
1396 328 1434240000
1396 132 1434240000
1397 327 1429142400
1397 327 1429142400
1397 328 1429142400
1397 328 1429142400
1397 2794 1430956800
1397 2484 1436745600
1398 459 1427932800
1398 2796 1427932800
1398 327 1428969600
1398 327 1428969600
1398 328 1428969600
1398 328 1428969600
1398 459 1428969600
1398 2795 1465171200
1398 2797 1465171200
1399 233 1390867200
1399 2798 1399248000
1399 327 1428796800
1399 328 1428796800
1399 2050 1503100800
1400 327 1423872000
1400 328 1423872000
1400 1024 1441756800
1400 565 1459123200
1400 223 1461888000
1401 2714 1381104000
1401 327 1412121600
1401 328 1412121600
1401 327 1422403200
1401 328 1422403200
1401 2799 1422403200
1401 327 1422748800
1401 328 1422748800
1401 803 1447372800
1401 440 1486080000
1401 707 1531267200
1402 717 1404172800
1402 2800 1421712000
1402 2801 1421712000
1402 327 1422662400
1402 328 1422662400
1403 2762 1404604800
1403 397 1404604800
1403 2762 1404604800
1403 397 1404604800
1403 327 1413072000
1403 328 1413072000
1403 2802 1413072000
1403 2196 1413072000
1404 2804 1380672000
1404 569 1395360000
1404 327 1407715200
1404 328 1407715200
1404 2803 1440028800
1404 512 1440028800
1404 538 1461628800
1405 327 1404950400
1405 328 1404950400
1405 860 1474070400
1405 2805 1474070400
1405 2806 1474070400
1405 521 1484179200
1405 2807 1520467200
1406 327 1391731200
1406 328 1391731200
1406 327 1404950400
1406 817 1404950400
1406 328 1404950400
1407 327 1374883200
1407 328 1374883200
1407 17 1375488000
1407 2808 1375488000
1407 2809 1375488000
1407 327 1395360000
1407 328 1395360000
1408 2811 1382832000
1408 2810 1383523200
1408 327 1394236800
1408 328 1394236800
1408 459 1425859200
1409 327 1391040000
1409 426 1391040000
1409 328 1391040000
1409 428 1391040000
1409 429 1391040000
1409 430 1391040000
1409 431 1391040000
1409 432 1391040000
1409 433 1391040000
1409 434 1391040000
1410 327 1362355200
1410 328 1362355200
1410 2812 1369612800
1410 1499 1369612800
1410 327 1390867200
1410 328 1390867200
1411 2813 1362700800
1411 2814 1362700800
1411 327 1386720000
1411 328 1386720000
1411 2813 1421712000
1411 2814 1421712000
1412 327 1374883200
1412 327 1374883200
1412 328 1374883200
1412 328 1374883200
1412 327 1383523200
1412 328 1383523200
1413 327 1359676800
1413 328 1359676800
1413 2815 1359676800
1413 89 1388966400
1413 1911 1408752000
1413 476 1448755200
1413 476 1448755200
1413 427 1511827200
1414 327 1354406400
1414 328 1354406400
1414 465 1354406400
1414 2816 1354406400
1414 733 1361232000
1414 427 1362960000
1415 722 1172361600
1415 722 1172361600
1415 2683 1205107200
1415 2817 1205971200
1415 2010 1258675200
1415 778 1260921600
1415 2819 1280966400
1415 397 1326240000
1415 397 1326240000
1415 655 1326412800
1415 327 1326585600
1415 328 1326585600
1415 2818 1331337600
1415 2823 1358553600
1415 2825 1367971200
1415 1608 1375401600
1415 1610 1375401600
1415 1608 1375401600
1415 1610 1375401600
1415 2140 1375401600
1415 2822 1375401600
1415 2059 1403827200
1415 325 1475971200
1415 1299 1476403200
1415 2821 1477612800
1415 2820 1480377600
1415 2827 1480896000
1415 169 1482969600
1415 1142 1483488000
1415 2464 1485907200
1415 1817 1486080000
1415 2824 1490400000
1415 250 1492473600
1415 2826 1493164800
1415 2690 1506988800
1415 2242 1516060800
1416 426 1369353600
1416 428 1369353600
1416 429 1369353600
1416 430 1369353600
1416 431 1369353600
1416 432 1369353600
1416 433 1369353600
1416 434 1369353600
1417 426 1369094400
1417 428 1369094400
1417 429 1369094400
1417 430 1369094400
1417 431 1369094400
1417 432 1369094400
1417 433 1369094400
1417 434 1369094400
1418 426 1369008000
1418 428 1369008000
1418 429 1369008000
1418 430 1369008000
1418 431 1369008000
1418 432 1369008000
1418 433 1369008000
1418 434 1369008000
1419 426 1368662400
1419 428 1368662400
1419 429 1368662400
1419 430 1368662400
1419 431 1368662400
1419 432 1368662400
1419 434 1368662400
1420 426 1368576000
1420 428 1368576000
1420 429 1368576000
1420 430 1368576000
1420 431 1368576000
1420 432 1368576000
1421 426 1367798400
1421 428 1367798400
1421 429 1367798400
1421 430 1367798400
1421 431 1367798400
1421 432 1367798400
1422 426 1367712000
1422 428 1367712000
1422 429 1367712000
1422 431 1367712000
1422 432 1367712000
1422 545 1409875200
1423 426 1504915200
1423 428 1504915200
1423 429 1504915200
1423 430 1504915200
1423 431 1504915200
1423 432 1504915200
1424 426 1502668800
1424 428 1502668800
1424 429 1502668800
1424 430 1502668800
1424 431 1502668800
1424 432 1502668800
1424 433 1502668800
1424 434 1502668800
1425 426 1501459200
1425 428 1501459200
1425 429 1501459200
1425 430 1501459200
1425 431 1501459200
1425 432 1501459200
1425 433 1501459200
1425 434 1501459200
1426 426 1498262400
1426 428 1498262400
1426 429 1498262400
1426 430 1498262400
1426 431 1498262400
1426 432 1498262400
1426 433 1498262400
1427 426 1498089600
1427 428 1498089600
1427 429 1498089600
1427 430 1498089600
1427 431 1498089600
1427 432 1498089600
1427 433 1498089600
1427 434 1498089600
1428 426 1497916800
1428 428 1497916800
1428 429 1497916800
1428 430 1497916800
1428 431 1497916800
1428 432 1497916800
1429 426 1497744000
1429 428 1497744000
1429 429 1497744000
1429 430 1497744000
1429 431 1497744000
1429 432 1497744000
1429 433 1497744000
1429 434 1497744000
1430 426 1493596800
1430 428 1493596800
1430 429 1493596800
1430 430 1493596800
1430 431 1493596800
1430 432 1493596800
1430 433 1493596800
1430 434 1493596800
1431 384 1475020800
1431 426 1493510400
1431 428 1493510400
1431 429 1493510400
1431 430 1493510400
1431 431 1493510400
1431 432 1493510400
1431 433 1493510400
1431 434 1493510400
1432 1385 1327881600
1432 426 1493424000
1432 428 1493424000
1432 429 1493424000
1432 430 1493424000
1432 431 1493424000
1432 432 1493424000
1432 433 1493424000
1432 434 1493424000
1433 426 1492473600
1433 428 1492473600
1433 429 1492473600
1433 430 1492473600
1433 431 1492473600
1433 432 1492473600
1433 433 1492473600
1433 434 1492473600
1434 426 1489795200
1434 428 1489795200
1434 429 1489795200
1434 430 1489795200
1434 431 1489795200
1434 432 1489795200
1434 433 1489795200
1434 434 1489795200
1435 426 1489536000
1435 428 1489536000
1435 429 1489536000
1435 430 1489536000
1435 431 1489536000
1435 432 1489536000
1435 433 1489536000
1435 434 1489536000
1436 426 1487721600
1436 428 1487721600
1436 429 1487721600
1436 430 1487721600
1436 431 1487721600
1436 432 1487721600
1436 433 1487721600
1436 434 1487721600
1437 426 1484265600
1437 428 1484265600
1437 429 1484265600
1437 430 1484265600
1437 431 1484265600
1437 432 1484265600
1437 433 1484265600
1437 434 1484265600
1438 426 1482883200
1438 428 1482883200
1438 429 1482883200
1438 430 1482883200
1438 431 1482883200
1438 432 1482883200
1438 433 1482883200
1438 434 1482883200
1439 426 1482710400
1439 428 1482710400
1439 429 1482710400
1439 430 1482710400
1439 431 1482710400
1439 432 1482710400
1439 433 1482710400
1439 434 1482710400
1439 2828 1487289600
1440 426 1482019200
1440 428 1482019200
1440 429 1482019200
1440 430 1482019200
1440 431 1482019200
1440 432 1482019200
1440 433 1482019200
1440 434 1482019200
1441 426 1481328000
1441 428 1481328000
1441 429 1481328000
1441 430 1481328000
1441 431 1481328000
1441 432 1481328000
1442 426 1481155200
1442 428 1481155200
1442 429 1481155200
1442 430 1481155200
1442 431 1481155200
1442 432 1481155200
1443 459 1462320000
1443 426 1481068800
1443 428 1481068800
1443 429 1481068800
1443 430 1481068800
1443 431 1481068800
1443 432 1481068800
1443 433 1481068800
1443 434 1481068800
1444 426 1479772800
1444 428 1479772800
1444 429 1479772800
1444 430 1479772800
1444 431 1479772800
1444 432 1479772800
1445 426 1479772800
1445 428 1479772800
1445 429 1479772800
1445 430 1479772800
1445 431 1479772800
1445 432 1479772800
1445 433 1479772800
1445 434 1479772800
1446 426 1478822400
1446 428 1478822400
1446 429 1478822400
1446 430 1478822400
1446 431 1478822400
1446 432 1478822400
1447 426 1476748800
1447 428 1476748800
1447 429 1476748800
1447 430 1476748800
1447 431 1476748800
1447 432 1476748800
1447 433 1476748800
1447 434 1476748800
1448 426 1476662400
1448 428 1476662400
1448 429 1476662400
1448 430 1476662400
1448 431 1476662400
1448 432 1476662400
1448 433 1476662400
1448 434 1476662400
1448 2829 1476748800
1449 426 1476144000
1449 428 1476144000
1449 429 1476144000
1449 430 1476144000
1449 431 1476144000
1449 432 1476144000
1449 433 1476144000
1449 434 1476144000
1450 426 1475884800
1450 428 1475884800
1450 429 1475884800
1450 430 1475884800
1450 431 1475884800
1450 432 1475884800
1451 426 1474761600
1451 428 1474761600
1451 429 1474761600
1451 430 1474761600
1451 431 1474761600
1451 432 1474761600
1451 433 1474761600
1451 434 1474761600
1452 426 1474329600
1452 428 1474329600
1452 429 1474329600
1452 430 1474329600
1452 431 1474329600
1452 432 1474329600
1453 426 1473811200
1453 428 1473811200
1453 429 1473811200
1453 430 1473811200
1453 431 1473811200
1453 432 1473811200
1453 433 1473811200
1453 434 1473811200
1454 426 1473033600
1454 428 1473033600
1454 429 1473033600
1454 430 1473033600
1454 431 1473033600
1454 432 1473033600
1454 433 1473033600
1454 434 1473033600
1455 426 1471305600
1455 428 1471305600
1455 429 1471305600
1455 430 1471305600
1455 431 1471305600
1455 432 1471305600
1455 433 1471305600
1455 434 1471305600
1456 426 1471046400
1456 428 1471046400
1456 429 1471046400
1456 430 1471046400
1456 431 1471046400
1456 432 1471046400
1456 433 1471046400
1456 434 1471046400
1457 426 1470873600
1457 428 1470873600
1457 429 1470873600
1457 430 1470873600
1457 431 1470873600
1457 432 1470873600
1457 433 1470873600
1457 434 1470873600
1457 36 1493164800
1458 426 1470614400
1458 428 1470614400
1458 429 1470614400
1458 430 1470614400
1458 431 1470614400
1458 432 1470614400
1458 433 1470614400
1458 434 1470614400
1459 426 1470182400
1459 428 1470182400
1459 429 1470182400
1459 430 1470182400
1459 431 1470182400
1459 432 1470182400
1459 433 1470182400
1459 434 1470182400
1460 426 1470009600
1460 428 1470009600
1460 429 1470009600
1460 430 1470009600
1460 431 1470009600
1460 432 1470009600
1460 433 1470009600
1460 434 1470009600
1461 426 1469923200
1461 428 1469923200
1461 429 1469923200
1461 430 1469923200
1461 431 1469923200
1461 432 1469923200
1461 433 1469923200
1461 434 1469923200
1462 426 1469923200
1462 428 1469923200
1462 429 1469923200
1462 430 1469923200
1462 431 1469923200
1462 432 1469923200
1462 433 1469923200
1462 434 1469923200
1463 426 1469577600
1463 428 1469577600
1463 429 1469577600
1463 430 1469577600
1463 431 1469577600
1463 432 1469577600
1463 433 1469577600
1463 434 1469577600
1464 426 1469491200
1464 428 1469491200
1464 429 1469491200
1464 430 1469491200
1464 431 1469491200
1464 432 1469491200
1464 433 1469491200
1464 434 1469491200
1465 426 1469404800
1465 428 1469404800
1465 429 1469404800
1465 430 1469404800
1465 431 1469404800
1465 432 1469404800
1465 433 1469404800
1465 434 1469404800
1466 426 1468886400
1466 428 1468886400
1466 429 1468886400
1466 430 1468886400
1466 431 1468886400
1466 432 1468886400
1466 433 1468886400
1466 434 1468886400
1467 426 1468800000
1467 428 1468800000
1467 429 1468800000
1467 430 1468800000
1467 431 1468800000
1467 432 1468800000
1467 433 1468800000
1467 434 1468800000
1468 426 1468713600
1468 428 1468713600
1468 429 1468713600
1468 430 1468713600
1468 431 1468713600
1468 432 1468713600
1468 433 1468713600
1468 434 1468713600
1469 426 1468540800
1469 428 1468540800
1469 429 1468540800
1469 430 1468540800
1469 431 1468540800
1469 432 1468540800
1469 433 1468540800
1469 434 1468540800
1470 426 1467763200
1470 428 1467763200
1470 429 1467763200
1470 430 1467763200
1470 431 1467763200
1470 432 1467763200
1470 433 1467763200
1470 434 1467763200
1471 426 1467331200
1471 428 1467331200
1471 429 1467331200
1471 430 1467331200
1471 431 1467331200
1471 432 1467331200
1471 433 1467331200
1471 434 1467331200
1472 426 1466985600
1472 428 1466985600
1472 429 1466985600
1472 430 1466985600
1472 431 1466985600
1472 432 1466985600
1472 433 1466985600
1472 434 1466985600
1473 426 1466640000
1473 428 1466640000
1473 429 1466640000
1473 430 1466640000
1473 431 1466640000
1473 432 1466640000
1473 433 1466640000
1473 434 1466640000
1474 426 1466553600
1474 428 1466553600
1474 816 1466553600
1474 429 1466553600
1474 430 1466553600
1474 431 1466553600
1474 432 1466553600
1474 433 1466553600
1474 434 1466553600
1475 426 1466553600
1475 428 1466553600
1475 429 1466553600
1475 430 1466553600
1475 431 1466553600
1475 432 1466553600
1475 433 1466553600
1475 434 1466553600
1476 426 1466121600
1476 428 1466121600
1476 429 1466121600
1476 430 1466121600
1476 431 1466121600
1476 432 1466121600
1476 433 1466121600
1476 434 1466121600
1476 744 1502236800
1476 1646 1504483200
1477 426 1465862400
1477 428 1465862400
1477 429 1465862400
1477 430 1465862400
1477 431 1465862400
1477 432 1465862400
1477 433 1465862400
1477 434 1465862400
1478 426 1465603200
1478 428 1465603200
1478 429 1465603200
1478 430 1465603200
1478 431 1465603200
1478 432 1465603200
1478 433 1465603200
1478 434 1465603200
1479 426 1465344000
1479 428 1465344000
1479 429 1465344000
1479 430 1465344000
1479 431 1465344000
1479 432 1465344000
1479 433 1465344000
1479 434 1465344000
1480 426 1464998400
1480 428 1464998400
1480 429 1464998400
1480 430 1464998400
1480 431 1464998400
1480 432 1464998400
1480 433 1464998400
1480 434 1464998400
1481 426 1464825600
1481 428 1464825600
1481 429 1464825600
1481 430 1464825600
1481 431 1464825600
1481 432 1464825600
1481 433 1464825600
1481 434 1464825600
1482 426 1464739200
1482 428 1464739200
1482 429 1464739200
1482 430 1464739200
1482 431 1464739200
1482 432 1464739200
1482 433 1464739200
1482 434 1464739200
1483 426 1464652800
1483 428 1464652800
1483 429 1464652800
1483 430 1464652800
1483 431 1464652800
1483 432 1464652800
1483 433 1464652800
1483 434 1464652800
1484 1820 1396224000
1484 427 1407542400
1484 2830 1407542400
1484 777 1407801600
1484 1911 1433980800
1484 2536 1433980800
1484 115 1460764800
1484 426 1464048000
1484 59 1464048000
1484 428 1464048000
1484 429 1464048000
1484 430 1464048000
1484 431 1464048000
1484 432 1464048000
1484 433 1464048000
1484 434 1464048000
1484 2831 1525046400
1485 2832 1225756800
1485 426 1463356800
1485 428 1463356800
1485 429 1463356800
1485 430 1463356800
1485 431 1463356800
1485 432 1463356800
1485 433 1463356800
1485 434 1463356800
1486 426 1463270400
1486 428 1463270400
1486 429 1463270400
1486 430 1463270400
1486 431 1463270400
1486 432 1463270400
1486 433 1463270400
1486 434 1463270400
1487 426 1462579200
1487 428 1462579200
1487 429 1462579200
1487 430 1462579200
1487 431 1462579200
1487 432 1462579200
1487 433 1462579200
1487 434 1462579200
1488 426 1462320000
1488 428 1462320000
1488 429 1462320000
1488 430 1462320000
1488 431 1462320000
1488 432 1462320000
1488 433 1462320000
1488 434 1462320000
1489 426 1461974400
1489 428 1461974400
1489 429 1461974400
1489 430 1461974400
1489 431 1461974400
1489 432 1461974400
1489 433 1461974400
1489 434 1461974400
1490 426 1461974400
1490 428 1461974400
1490 429 1461974400
1490 430 1461974400
1490 431 1461974400
1490 432 1461974400
1490 433 1461974400
1490 434 1461974400
1491 426 1461801600
1491 428 1461801600
1491 429 1461801600
1491 430 1461801600
1491 431 1461801600
1491 432 1461801600
1491 433 1461801600
1491 434 1461801600
1492 426 1461715200
1492 428 1461715200
1492 429 1461715200
1492 430 1461715200
1492 431 1461715200
1492 432 1461715200
1492 433 1461715200
1492 434 1461715200
1493 426 1461542400
1493 428 1461542400
1493 429 1461542400
1493 430 1461542400
1493 431 1461542400
1493 432 1461542400
1493 433 1461542400
1493 434 1461542400
1494 426 1461542400
1494 428 1461542400
1494 429 1461542400
1494 430 1461542400
1494 431 1461542400
1494 432 1461542400
1494 433 1461542400
1494 434 1461542400
1495 426 1461369600
1495 428 1461369600
1495 429 1461369600
1495 430 1461369600
1495 431 1461369600
1495 432 1461369600
1495 433 1461369600
1495 434 1461369600
1496 426 1461196800
1496 428 1461196800
1496 429 1461196800
1496 430 1461196800
1496 431 1461196800
1496 432 1461196800
1496 433 1461196800
1496 434 1461196800
1497 426 1461024000
1497 428 1461024000
1497 429 1461024000
1497 430 1461024000
1497 431 1461024000
1497 432 1461024000
1497 433 1461024000
1497 434 1461024000
1498 426 1460592000
1498 428 1460592000
1498 429 1460592000
1498 430 1460592000
1498 431 1460592000
1498 432 1460592000
1498 433 1460592000
1498 434 1460592000
1499 426 1459987200
1499 428 1459987200
1499 1441 1459987200
1499 429 1459987200
1499 430 1459987200
1499 431 1459987200
1499 432 1459987200
1499 433 1459987200
1499 434 1459987200
1500 426 1459123200
1500 428 1459123200
1500 429 1459123200
1500 430 1459123200
1500 431 1459123200
1500 432 1459123200
1500 433 1459123200
1500 434 1459123200
1501 426 1458864000
1501 428 1458864000
1501 429 1458864000
1501 430 1458864000
1501 431 1458864000
1501 432 1458864000
1501 433 1458864000
1501 434 1458864000
1502 426 1458777600
1502 428 1458777600
1502 429 1458777600
1502 430 1458777600
1502 431 1458777600
1502 432 1458777600
1502 433 1458777600
1502 434 1458777600
1503 230 1433808000
1503 426 1458691200
1503 428 1458691200
1503 429 1458691200
1503 430 1458691200
1503 431 1458691200
1503 432 1458691200
1503 433 1458691200
1503 434 1458691200
1504 426 1458604800
1504 428 1458604800
1504 429 1458604800
1504 430 1458604800
1504 431 1458604800
1504 432 1458604800
1504 433 1458604800
1504 434 1458604800
1505 426 1458259200
1505 428 1458259200
1505 429 1458259200
1505 430 1458259200
1505 431 1458259200
1505 432 1458259200
1505 433 1458259200
1505 434 1458259200
1506 2833 1356998400
1506 426 1457740800
1506 428 1457740800
1506 429 1457740800
1506 430 1457740800
1506 431 1457740800
1506 432 1457740800
1506 433 1457740800
1506 434 1457740800
1507 426 1456876800
1507 428 1456876800
1507 429 1456876800
1507 430 1456876800
1507 431 1456876800
1507 432 1456876800
1507 433 1456876800
1507 434 1456876800
1508 426 1456358400
1508 428 1456358400
1508 429 1456358400
1508 430 1456358400
1508 431 1456358400
1508 432 1456358400
1508 433 1456358400
1508 434 1456358400
1509 426 1456099200
1509 428 1456099200
1509 429 1456099200
1509 430 1456099200
1509 431 1456099200
1509 432 1456099200
1509 433 1456099200
1509 434 1456099200
1510 426 1455408000
1510 428 1455408000
1510 429 1455408000
1510 430 1455408000
1510 431 1455408000
1510 432 1455408000
1510 433 1455408000
1510 434 1455408000
1511 426 1455321600
1511 428 1455321600
1511 429 1455321600
1511 430 1455321600
1511 431 1455321600
1511 432 1455321600
1511 433 1455321600
1511 434 1455321600
1512 426 1455321600
1512 428 1455321600
1512 429 1455321600
1512 430 1455321600
1512 431 1455321600
1512 432 1455321600
1512 433 1455321600
1512 434 1455321600
1513 426 1455235200
1513 428 1455235200
1513 429 1455235200
1513 430 1455235200
1513 431 1455235200
1513 432 1455235200
1513 433 1455235200
1513 434 1455235200
1513 2834 1465084800
1513 2834 1465084800
1514 426 1453680000
1514 428 1453680000
1514 429 1453680000
1514 430 1453680000
1514 431 1453680000
1514 432 1453680000
1514 433 1453680000
1514 434 1453680000
1515 426 1453334400
1515 428 1453334400
1515 429 1453334400
1515 430 1453334400
1515 431 1453334400
1515 432 1453334400
1515 433 1453334400
1515 434 1453334400
1516 426 1449446400
1516 428 1449446400
1516 429 1449446400
1516 430 1449446400
1516 431 1449446400
1516 432 1449446400
1516 433 1449446400
1516 434 1449446400
1517 426 1447200000
1517 428 1447200000
1517 429 1447200000
1517 430 1447200000
1517 431 1447200000
1517 432 1447200000
1517 433 1447200000
1517 434 1447200000
1518 426 1445126400
1518 428 1445126400
1518 429 1445126400
1518 430 1445126400
1518 431 1445126400
1518 432 1445126400
1518 433 1445126400
1518 434 1445126400
1519 426 1442620800
1519 428 1442620800
1519 429 1442620800
1519 430 1442620800
1519 431 1442620800
1519 432 1442620800
1519 433 1442620800
1519 434 1442620800
1520 426 1441929600
1520 428 1441929600
1520 429 1441929600
1520 430 1441929600
1520 431 1441929600
1520 432 1441929600
1520 433 1441929600
1520 434 1441929600
1521 426 1435968000
1521 428 1435968000
1521 429 1435968000
1521 430 1435968000
1521 431 1435968000
1521 432 1435968000
1521 433 1435968000
1521 434 1435968000
1522 426 1431561600
1522 428 1431561600
1522 429 1431561600
1522 430 1431561600
1522 431 1431561600
1522 432 1431561600
1522 433 1431561600
1522 434 1431561600
1523 426 1430870400
1523 428 1430870400
1523 429 1430870400
1523 430 1430870400
1523 431 1430870400
1523 432 1430870400
1523 433 1430870400
1523 434 1430870400
1524 426 1429142400
1524 428 1429142400
1524 429 1429142400
1524 430 1429142400
1524 431 1429142400
1524 432 1429142400
1524 433 1429142400
1524 434 1429142400
1525 426 1429056000
1525 428 1429056000
1525 429 1429056000
1525 430 1429056000
1525 431 1429056000
1525 432 1429056000
1525 433 1429056000
1525 434 1429056000
1526 426 1428796800
1526 428 1428796800
1526 429 1428796800
1526 430 1428796800
1526 431 1428796800
1526 432 1428796800
1526 433 1428796800
1526 434 1428796800
1527 426 1427241600
1527 428 1427241600
1527 429 1427241600
1527 430 1427241600
1527 431 1427241600
1527 432 1427241600
1527 433 1427241600
1527 434 1427241600
1528 426 1426896000
1528 2 1426896000
1528 428 1426896000
1528 429 1426896000
1528 430 1426896000
1528 431 1426896000
1528 432 1426896000
1528 433 1426896000
1528 434 1426896000
1529 426 1424908800
1529 428 1424908800
1529 429 1424908800
1529 430 1424908800
1529 431 1424908800
1529 432 1424908800
1529 433 1424908800
1529 434 1424908800
1530 497 1411344000
1530 44 1411344000
1530 1887 1411344000
1530 426 1424822400
1530 428 1424822400
1530 429 1424822400
1530 430 1424822400
1530 431 1424822400
1530 432 1424822400
1530 433 1424822400
1530 434 1424822400
1531 426 1423180800
1531 428 1423180800
1531 429 1423180800
1531 430 1423180800
1531 431 1423180800
1531 432 1423180800
1531 433 1423180800
1531 434 1423180800
1532 426 1422316800
1532 428 1422316800
1532 429 1422316800
1532 430 1422316800
1532 431 1422316800
1532 432 1422316800
1532 433 1422316800
1532 434 1422316800
1533 426 1421193600
1533 428 1421193600
1533 429 1421193600
1533 430 1421193600
1533 431 1421193600
1533 432 1421193600
1533 433 1421193600
1533 434 1421193600
1533 549 1452816000
1534 426 1420934400
1534 428 1420934400
1534 429 1420934400
1534 430 1420934400
1534 431 1420934400
1534 432 1420934400
1534 433 1420934400
1534 434 1420934400
1535 426 1420761600
1535 428 1420761600
1535 429 1420761600
1535 430 1420761600
1535 431 1420761600
1535 432 1420761600
1535 433 1420761600
1535 434 1420761600
1536 426 1420588800
1536 428 1420588800
1536 429 1420588800
1536 430 1420588800
1536 431 1420588800
1536 432 1420588800
1536 433 1420588800
1536 434 1420588800
1537 426 1420416000
1537 428 1420416000
1537 429 1420416000
1537 430 1420416000
1537 431 1420416000
1537 432 1420416000
1537 433 1420416000
1537 434 1420416000
1538 426 1420243200
1538 428 1420243200
1538 793 1420243200
1538 429 1420243200
1538 430 1420243200
1538 431 1420243200
1538 432 1420243200
1538 433 1420243200
1538 434 1420243200
1538 802 1424304000
1538 802 1435276800
1538 23 1437004800
1538 706 1442534400
1538 427 1462579200
1538 397 1462579200
1538 397 1462579200
1538 689 1462579200
1538 421 1462579200
1539 426 1420156800
1539 428 1420156800
1539 429 1420156800
1539 430 1420156800
1539 431 1420156800
1539 432 1420156800
1539 433 1420156800
1539 434 1420156800
1539 1658 1420675200
1540 426 1419379200
1540 428 1419379200
1540 429 1419379200
1540 430 1419379200
1540 431 1419379200
1540 432 1419379200
1540 433 1419379200
1540 434 1419379200
1541 426 1419206400
1541 426 1419206400
1541 428 1419206400
1541 428 1419206400
1541 429 1419206400
1541 429 1419206400
1541 430 1419206400
1541 430 1419206400
1541 431 1419206400
1541 431 1419206400
1541 432 1419206400
1541 432 1419206400
1541 433 1419206400
1541 433 1419206400
1541 434 1419206400
1541 434 1419206400
1542 426 1418688000
1542 428 1418688000
1542 429 1418688000
1542 430 1418688000
1542 431 1418688000
1542 432 1418688000
1542 433 1418688000
1542 434 1418688000
1543 426 1418515200
1543 428 1418515200
1543 429 1418515200
1543 430 1418515200
1543 431 1418515200
1543 432 1418515200
1543 433 1418515200
1543 434 1418515200
1544 426 1418083200
1544 428 1418083200
1544 429 1418083200
1544 430 1418083200
1544 431 1418083200
1544 432 1418083200
1544 433 1418083200
1544 434 1418083200
1545 426 1417910400
1545 428 1417910400
1545 429 1417910400
1545 430 1417910400
1545 431 1417910400
1545 432 1417910400
1545 433 1417910400
1545 434 1417910400
1546 426 1417910400
1546 428 1417910400
1546 429 1417910400
1546 430 1417910400
1546 431 1417910400
1546 432 1417910400
1546 433 1417910400
1546 434 1417910400
1547 523 1325980800
1547 426 1417737600
1547 428 1417737600
1547 429 1417737600
1547 430 1417737600
1547 431 1417737600
1547 432 1417737600
1547 433 1417737600
1547 434 1417737600
1548 426 1417478400
1548 428 1417478400
1548 429 1417478400
1548 430 1417478400
1548 431 1417478400
1548 432 1417478400
1548 433 1417478400
1548 434 1417478400
1549 426 1417392000
1549 428 1417392000
1549 429 1417392000
1549 430 1417392000
1549 2836 1417392000
1549 431 1417392000
1549 432 1417392000
1549 433 1417392000
1549 434 1417392000
1549 2835 1503014400
1550 426 1417392000
1550 428 1417392000
1550 429 1417392000
1550 430 1417392000
1550 431 1417392000
1550 432 1417392000
1550 433 1417392000
1550 434 1417392000
1551 426 1416182400
1551 428 1416182400
1551 429 1416182400
1551 430 1416182400
1551 431 1416182400
1551 432 1416182400
1551 433 1416182400
1551 434 1416182400
1552 426 1416009600
1552 428 1416009600
1552 429 1416009600
1552 430 1416009600
1552 431 1416009600
1552 432 1416009600
1552 433 1416009600
1552 434 1416009600
1553 426 1415836800
1553 428 1415836800
1553 429 1415836800
1553 430 1415836800
1553 431 1415836800
1553 432 1415836800
1553 433 1415836800
1553 434 1415836800
1554 426 1415836800
1554 428 1415836800
1554 429 1415836800
1554 430 1415836800
1554 431 1415836800
1554 432 1415836800
1554 433 1415836800
1554 434 1415836800
1555 426 1415750400
1555 428 1415750400
1555 429 1415750400
1555 430 1415750400
1555 431 1415750400
1555 432 1415750400
1555 433 1415750400
1555 434 1415750400
1556 426 1415577600
1556 428 1415577600
1556 429 1415577600
1556 430 1415577600
1556 431 1415577600
1556 432 1415577600
1556 433 1415577600
1556 434 1415577600
1557 426 1415577600
1557 428 1415577600
1557 429 1415577600
1557 430 1415577600
1557 431 1415577600
1557 432 1415577600
1557 433 1415577600
1557 434 1415577600
1558 426 1415404800
1558 428 1415404800
1558 429 1415404800
1558 430 1415404800
1558 431 1415404800
1558 432 1415404800
1558 433 1415404800
1558 434 1415404800
1559 426 1415404800
1559 428 1415404800
1559 429 1415404800
1559 430 1415404800
1559 431 1415404800
1559 432 1415404800
1559 433 1415404800
1559 434 1415404800
1560 426 1415318400
1560 428 1415318400
1560 429 1415318400
1560 430 1415318400
1560 431 1415318400
1560 432 1415318400
1560 433 1415318400
1560 434 1415318400
1561 426 1415318400
1561 428 1415318400
1561 429 1415318400
1561 430 1415318400
1561 431 1415318400
1561 432 1415318400
1561 433 1415318400
1561 434 1415318400
1562 426 1408838400
1562 428 1408838400
1562 429 1408838400
1562 430 1408838400
1562 431 1408838400
1562 432 1408838400
1562 433 1408838400
1562 434 1408838400
1562 426 1415059200
1562 428 1415059200
1562 429 1415059200
1562 430 1415059200
1562 431 1415059200
1562 432 1415059200
1562 433 1415059200
1562 434 1415059200
1563 426 1414886400
1563 428 1414886400
1563 429 1414886400
1563 430 1414886400
1563 431 1414886400
1563 432 1414886400
1563 433 1414886400
1563 434 1414886400
1564 426 1414540800
1564 428 1414540800
1564 429 1414540800
1564 430 1414540800
1564 431 1414540800
1564 432 1414540800
1564 433 1414540800
1564 434 1414540800
1565 426 1414540800
1565 428 1414540800
1565 429 1414540800
1565 430 1414540800
1565 431 1414540800
1565 432 1414540800
1565 433 1414540800
1565 434 1414540800
1565 2227 1436400000
1566 426 1414368000
1566 428 1414368000
1566 429 1414368000
1566 430 1414368000
1566 431 1414368000
1566 432 1414368000
1566 433 1414368000
1566 434 1414368000
1567 426 1414281600
1567 428 1414281600
1567 429 1414281600
1567 430 1414281600
1567 431 1414281600
1567 432 1414281600
1567 433 1414281600
1567 434 1414281600
1568 1933 1392940800
1568 2837 1392940800
1568 397 1393977600
1568 397 1393977600
1568 397 1394064000
1568 397 1394064000
1568 421 1394064000
1568 2196 1401667200
1568 397 1402012800
1568 397 1402012800
1568 426 1414108800
1568 428 1414108800
1568 429 1414108800
1568 430 1414108800
1568 431 1414108800
1568 432 1414108800
1568 433 1414108800
1568 434 1414108800
1568 2057 1414800000
1568 2236 1471132800
1568 2712 1480291200
1568 2712 1480291200
1569 426 1413936000
1569 428 1413936000
1569 429 1413936000
1569 430 1413936000
1569 431 1413936000
1569 432 1413936000
1569 433 1413936000
1569 434 1413936000
1569 2838 1454025600
1570 426 1413676800
1570 428 1413676800
1570 429 1413676800
1570 430 1413676800
1570 431 1413676800
1570 432 1413676800
1570 433 1413676800
1570 434 1413676800
1571 426 1413504000
1571 428 1413504000
1571 429 1413504000
1571 430 1413504000
1571 431 1413504000
1571 432 1413504000
1571 433 1413504000
1571 434 1413504000
1572 426 1413244800
1572 428 1413244800
1572 429 1413244800
1572 430 1413244800
1572 431 1413244800
1572 432 1413244800
1572 433 1413244800
1572 434 1413244800
1573 426 1413244800
1573 428 1413244800
1573 429 1413244800
1573 430 1413244800
1573 431 1413244800
1573 432 1413244800
1573 433 1413244800
1573 434 1413244800
1573 596 1503532800
1574 426 1413158400
1574 428 1413158400
1574 429 1413158400
1574 430 1413158400
1574 431 1413158400
1574 432 1413158400
1574 433 1413158400
1574 434 1413158400
1574 1467 1488067200
1575 426 1413072000
1575 428 1413072000
1575 429 1413072000
1575 430 1413072000
1575 431 1413072000
1575 432 1413072000
1575 433 1413072000
1575 434 1413072000
1576 426 1412985600
1576 428 1412985600
1576 429 1412985600
1576 430 1412985600
1576 431 1412985600
1576 432 1412985600
1576 433 1412985600
1576 434 1412985600
1577 426 1412726400
1577 428 1412726400
1577 429 1412726400
1577 430 1412726400
1577 431 1412726400
1577 432 1412726400
1577 433 1412726400
1577 434 1412726400
1578 426 1412553600
1578 428 1412553600
1578 429 1412553600
1578 430 1412553600
1578 431 1412553600
1578 432 1412553600
1578 433 1412553600
1578 434 1412553600
1579 426 1412553600
1579 428 1412553600
1579 429 1412553600
1579 430 1412553600
1579 431 1412553600
1579 432 1412553600
1579 433 1412553600
1579 434 1412553600
1580 426 1412121600
1580 428 1412121600
1580 429 1412121600
1580 430 1412121600
1580 431 1412121600
1580 432 1412121600
1580 433 1412121600
1580 434 1412121600
1580 191 1515024000
1581 426 1412035200
1581 428 1412035200
1581 429 1412035200
1581 430 1412035200
1581 431 1412035200
1581 432 1412035200
1581 433 1412035200
1581 434 1412035200
1582 426 1411862400
1582 428 1411862400
1582 429 1411862400
1582 430 1411862400
1582 431 1411862400
1582 432 1411862400
1582 433 1411862400
1582 434 1411862400
1583 426 1411862400
1583 428 1411862400
1583 429 1411862400
1583 430 1411862400
1583 431 1411862400
1583 432 1411862400
1583 433 1411862400
1583 434 1411862400
1584 426 1411084800
1584 428 1411084800
1584 429 1411084800
1584 430 1411084800
1584 431 1411084800
1584 432 1411084800
1584 433 1411084800
1584 434 1411084800
1585 426 1410998400
1585 428 1410998400
1585 429 1410998400
1585 430 1410998400
1585 431 1410998400
1585 432 1410998400
1585 433 1410998400
1585 434 1410998400
1586 426 1410566400
1586 428 1410566400
1586 429 1410566400
1586 430 1410566400
1586 431 1410566400
1586 432 1410566400
1586 433 1410566400
1586 434 1410566400
1587 426 1410307200
1587 428 1410307200
1587 429 1410307200
1587 430 1410307200
1587 431 1410307200
1587 432 1410307200
1587 433 1410307200
1587 434 1410307200
1588 426 1377388800
1588 428 1377388800
1588 429 1377388800
1588 430 1377388800
1588 431 1377388800
1588 432 1377388800
1588 433 1377388800
1588 434 1377388800
1588 426 1410048000
1588 428 1410048000
1588 429 1410048000
1588 430 1410048000
1588 431 1410048000
1588 432 1410048000
1588 433 1410048000
1588 434 1410048000
1589 426 1410048000
1589 428 1410048000
1589 429 1410048000
1589 430 1410048000
1589 431 1410048000
1589 432 1410048000
1590 426 1409961600
1590 428 1409961600
1590 429 1409961600
1590 430 1409961600
1590 431 1409961600
1590 432 1409961600
1590 433 1409961600
1590 434 1409961600
1591 553 1338768000
1591 426 1409961600
1591 428 1409961600
1591 429 1409961600
1591 430 1409961600
1591 431 1409961600
1591 432 1409961600
1591 433 1409961600
1591 434 1409961600
1591 2839 1444348800
1592 426 1409616000
1592 428 1409616000
1592 429 1409616000
1592 430 1409616000
1592 431 1409616000
1592 432 1409616000
1592 433 1409616000
1592 434 1409616000
1593 426 1409529600
1593 428 1409529600
1593 429 1409529600
1593 430 1409529600
1593 431 1409529600
1593 432 1409529600
1593 433 1409529600
1593 434 1409529600
1593 2558 1425168000
1594 426 1409270400
1594 428 1409270400
1594 429 1409270400
1594 430 1409270400
1594 431 1409270400
1594 432 1409270400
1594 433 1409270400
1594 434 1409270400
1595 426 1409270400
1595 428 1409270400
1595 429 1409270400
1595 430 1409270400
1595 431 1409270400
1595 432 1409270400
1595 433 1409270400
1595 434 1409270400
1596 426 1409270400
1596 428 1409270400
1596 429 1409270400
1596 430 1409270400
1596 431 1409270400
1596 432 1409270400
1596 433 1409270400
1596 434 1409270400
1597 426 1409270400
1597 428 1409270400
1597 429 1409270400
1597 430 1409270400
1597 431 1409270400
1597 432 1409270400
1597 433 1409270400
1597 434 1409270400
1598 426 1409097600
1598 428 1409097600
1598 429 1409097600
1598 430 1409097600
1598 431 1409097600
1598 432 1409097600
1598 433 1409097600
1598 434 1409097600
1599 426 1409011200
1599 428 1409011200
1599 429 1409011200
1599 430 1409011200
1599 431 1409011200
1599 432 1409011200
1599 433 1409011200
1599 434 1409011200
1600 426 1408838400
1600 428 1408838400
1600 429 1408838400
1600 430 1408838400
1600 431 1408838400
1600 432 1408838400
1600 433 1408838400
1600 434 1408838400
1601 426 1408579200
1601 428 1408579200
1601 429 1408579200
1601 430 1408579200
1601 431 1408579200
1601 432 1408579200
1601 433 1408579200
1601 434 1408579200
1602 426 1408579200
1602 428 1408579200
1602 429 1408579200
1602 430 1408579200
1602 431 1408579200
1602 432 1408579200
1602 433 1408579200
1602 434 1408579200
1603 426 1408492800
1603 428 1408492800
1603 429 1408492800
1603 430 1408492800
1603 431 1408492800
1603 432 1408492800
1603 433 1408492800
1603 434 1408492800
1604 426 1408320000
1604 428 1408320000
1604 429 1408320000
1604 430 1408320000
1604 431 1408320000
1604 432 1408320000
1604 433 1408320000
1604 434 1408320000
1605 426 1408320000
1605 428 1408320000
1605 429 1408320000
1605 430 1408320000
1605 431 1408320000
1605 432 1408320000
1605 433 1408320000
1605 434 1408320000
1606 426 1408320000
1606 428 1408320000
1606 429 1408320000
1606 430 1408320000
1606 431 1408320000
1606 432 1408320000
1606 433 1408320000
1606 434 1408320000
1607 426 1408147200
1607 428 1408147200
1607 429 1408147200
1607 430 1408147200
1607 431 1408147200
1607 432 1408147200
1607 433 1408147200
1607 434 1408147200
1608 426 1407888000
1608 428 1407888000
1608 429 1407888000
1608 430 1407888000
1608 431 1407888000
1608 432 1407888000
1608 433 1407888000
1608 434 1407888000
1609 426 1407801600
1609 428 1407801600
1609 429 1407801600
1609 430 1407801600
1609 431 1407801600
1609 432 1407801600
1609 433 1407801600
1609 434 1407801600
1610 426 1407801600
1610 426 1407801600
1610 426 1407801600
1610 426 1407801600
1610 428 1407801600
1610 428 1407801600
1610 428 1407801600
1610 428 1407801600
1610 429 1407801600
1610 429 1407801600
1610 429 1407801600
1610 429 1407801600
1610 430 1407801600
1610 430 1407801600
1610 430 1407801600
1610 430 1407801600
1610 431 1407801600
1610 431 1407801600
1610 431 1407801600
1610 431 1407801600
1610 432 1407801600
1610 432 1407801600
1610 432 1407801600
1610 432 1407801600
1610 433 1407801600
1610 433 1407801600
1610 433 1407801600
1610 433 1407801600
1610 434 1407801600
1610 434 1407801600
1610 434 1407801600
1610 434 1407801600
1611 426 1407715200
1611 428 1407715200
1611 429 1407715200
1611 430 1407715200
1611 431 1407715200
1611 432 1407715200
1611 433 1407715200
1611 434 1407715200
1612 426 1407542400
1612 428 1407542400
1612 429 1407542400
1612 430 1407542400
1612 431 1407542400
1612 432 1407542400
1612 433 1407542400
1612 434 1407542400
1613 426 1407456000
1613 428 1407456000
1613 429 1407456000
1613 430 1407456000
1613 431 1407456000
1613 432 1407456000
1613 433 1407456000
1613 434 1407456000
1614 426 1407369600
1614 428 1407369600
1614 429 1407369600
1614 430 1407369600
1614 431 1407369600
1614 432 1407369600
1614 433 1407369600
1614 434 1407369600
1614 392 1431907200
1615 426 1406592000
1615 428 1406592000
1615 429 1406592000
1615 430 1406592000
1615 431 1406592000
1615 432 1406592000
1615 433 1406592000
1615 434 1406592000
1615 426 1407110400
1615 428 1407110400
1615 429 1407110400
1615 430 1407110400
1615 431 1407110400
1615 432 1407110400
1615 433 1407110400
1615 434 1407110400
1616 426 1407110400
1616 428 1407110400
1616 429 1407110400
1616 430 1407110400
1616 431 1407110400
1616 432 1407110400
1616 433 1407110400
1616 434 1407110400
1616 2840 1429401600
1617 426 1407024000
1617 428 1407024000
1617 429 1407024000
1617 430 1407024000
1617 431 1407024000
1617 432 1407024000
1617 433 1407024000
1617 434 1407024000
1618 426 1406764800
1618 428 1406764800
1618 429 1406764800
1618 430 1406764800
1618 431 1406764800
1618 432 1406764800
1618 433 1406764800
1618 434 1406764800
1619 426 1406764800
1619 428 1406764800
1619 429 1406764800
1619 430 1406764800
1619 431 1406764800
1619 432 1406764800
1619 433 1406764800
1619 434 1406764800
1620 426 1406592000
1620 426 1406592000
1620 428 1406592000
1620 428 1406592000
1620 429 1406592000
1620 429 1406592000
1620 430 1406592000
1620 430 1406592000
1620 431 1406592000
1620 431 1406592000
1620 432 1406592000
1620 432 1406592000
1620 433 1406592000
1620 433 1406592000
1620 434 1406592000
1620 434 1406592000
1621 426 1406419200
1621 428 1406419200
1621 429 1406419200
1621 430 1406419200
1621 431 1406419200
1621 432 1406419200
1621 433 1406419200
1621 434 1406419200
1622 426 1406332800
1622 428 1406332800
1622 429 1406332800
1622 430 1406332800
1622 431 1406332800
1622 432 1406332800
1622 433 1406332800
1622 434 1406332800
1623 426 1406246400
1623 426 1406246400
1623 428 1406246400
1623 428 1406246400
1623 429 1406246400
1623 429 1406246400
1623 430 1406246400
1623 430 1406246400
1623 431 1406246400
1623 431 1406246400
1623 432 1406246400
1623 432 1406246400
1623 433 1406246400
1623 433 1406246400
1623 434 1406246400
1623 434 1406246400
1623 427 1407283200
1624 206 1400457600
1624 1363 1400457600
1624 791 1400457600
1624 426 1406160000
1624 428 1406160000
1624 429 1406160000
1624 430 1406160000
1624 431 1406160000
1624 432 1406160000
1624 433 1406160000
1624 434 1406160000
1624 233 1413244800
1624 1439 1430265600
1625 426 1406160000
1625 428 1406160000
1625 429 1406160000
1625 430 1406160000
1625 431 1406160000
1625 432 1406160000
1625 433 1406160000
1625 434 1406160000
1626 426 1406160000
1626 428 1406160000
1626 429 1406160000
1626 430 1406160000
1626 431 1406160000
1626 432 1406160000
1626 433 1406160000
1626 434 1406160000
1627 426 1406160000
1627 428 1406160000
1627 429 1406160000
1627 430 1406160000
1627 431 1406160000
1627 432 1406160000
1627 433 1406160000
1627 434 1406160000
1628 426 1405900800
1628 426 1405900800
1628 428 1405900800
1628 428 1405900800
1628 429 1405900800
1628 429 1405900800
1628 430 1405900800
1628 430 1405900800
1628 431 1405900800
1628 431 1405900800
1628 432 1405900800
1628 432 1405900800
1628 433 1405900800
1628 433 1405900800
1628 434 1405900800
1628 434 1405900800
1629 426 1405900800
1629 428 1405900800
1629 429 1405900800
1629 430 1405900800
1629 431 1405900800
1629 432 1405900800
1629 433 1405900800
1629 434 1405900800
1630 462 1405728000
1630 426 1405900800
1630 428 1405900800
1630 429 1405900800
1630 430 1405900800
1630 431 1405900800
1630 432 1405900800
1630 433 1405900800
1630 434 1405900800
1630 545 1405900800
1631 426 1405814400
1631 428 1405814400
1631 429 1405814400
1631 430 1405814400
1631 431 1405814400
1631 432 1405814400
1631 433 1405814400
1631 434 1405814400
1632 426 1405814400
1632 428 1405814400
1632 429 1405814400
1632 430 1405814400
1632 431 1405814400
1632 432 1405814400
1632 433 1405814400
1632 434 1405814400
1633 426 1405814400
1633 428 1405814400
1633 429 1405814400
1633 430 1405814400
1633 431 1405814400
1633 432 1405814400
1633 433 1405814400
1633 434 1405814400
1633 427 1426118400
1634 426 1405814400
1634 428 1405814400
1634 429 1405814400
1634 430 1405814400
1634 431 1405814400
1634 432 1405814400
1634 433 1405814400
1634 434 1405814400
1635 426 1405814400
1635 428 1405814400
1635 429 1405814400
1635 430 1405814400
1635 431 1405814400
1635 432 1405814400
1635 433 1405814400
1635 434 1405814400
1636 426 1405814400
1636 428 1405814400
1636 429 1405814400
1636 430 1405814400
1636 431 1405814400
1636 432 1405814400
1636 433 1405814400
1636 434 1405814400
1637 426 1405641600
1637 428 1405641600
1637 429 1405641600
1637 430 1405641600
1637 431 1405641600
1637 432 1405641600
1637 433 1405641600
1637 434 1405641600
1638 426 1405641600
1638 428 1405641600
1638 429 1405641600
1638 430 1405641600
1638 431 1405641600
1638 432 1405641600
1638 433 1405641600
1638 434 1405641600
1639 426 1405382400
1639 428 1405382400
1639 429 1405382400
1639 430 1405382400
1639 431 1405382400
1639 432 1405382400
1639 433 1405382400
1639 434 1405382400
1640 426 1405296000
1640 428 1405296000
1640 429 1405296000
1640 430 1405296000
1640 431 1405296000
1640 432 1405296000
1640 433 1405296000
1640 434 1405296000
1641 426 1400025600
1641 428 1400025600
1641 429 1400025600
1641 430 1400025600
1641 431 1400025600
1641 432 1400025600
1641 433 1400025600
1641 434 1400025600
1641 426 1405123200
1641 428 1405123200
1641 429 1405123200
1641 430 1405123200
1641 431 1405123200
1641 432 1405123200
1641 433 1405123200
1641 434 1405123200
1642 426 1405036800
1642 428 1405036800
1642 429 1405036800
1642 430 1405036800
1642 431 1405036800
1642 432 1405036800
1642 433 1405036800
1642 434 1405036800
1643 426 1404864000
1643 428 1404864000
1643 429 1404864000
1643 430 1404864000
1643 431 1404864000
1643 432 1404864000
1643 433 1404864000
1643 434 1404864000
1644 426 1404691200
1644 584 1404691200
1644 428 1404691200
1644 429 1404691200
1644 430 1404691200
1644 431 1404691200
1644 432 1404691200
1644 433 1404691200
1644 434 1404691200
1644 2213 1406246400
1644 791 1431043200
1645 426 1404691200
1645 428 1404691200
1645 429 1404691200
1645 430 1404691200
1645 431 1404691200
1645 432 1404691200
1645 433 1404691200
1645 434 1404691200
1646 426 1404691200
1646 428 1404691200
1646 429 1404691200
1646 430 1404691200
1646 431 1404691200
1646 432 1404691200
1646 433 1404691200
1646 434 1404691200
1647 426 1404691200
1647 428 1404691200
1647 429 1404691200
1647 430 1404691200
1647 431 1404691200
1647 432 1404691200
1647 433 1404691200
1647 434 1404691200
1648 427 1364774400
1648 426 1404691200
1648 428 1404691200
1648 429 1404691200
1648 430 1404691200
1648 431 1404691200
1648 432 1404691200
1648 433 1404691200
1648 434 1404691200
1649 426 1404691200
1649 428 1404691200
1649 429 1404691200
1649 430 1404691200
1649 431 1404691200
1649 432 1404691200
1649 433 1404691200
1649 434 1404691200
1650 426 1404518400
1650 428 1404518400
1650 429 1404518400
1650 430 1404518400
1650 431 1404518400
1650 432 1404518400
1650 433 1404518400
1650 434 1404518400
1651 426 1404345600
1651 426 1404345600
1651 426 1404345600
1651 426 1404345600
1651 428 1404345600
1651 428 1404345600
1651 428 1404345600
1651 428 1404345600
1651 429 1404345600
1651 429 1404345600
1651 429 1404345600
1651 429 1404345600
1651 430 1404345600
1651 430 1404345600
1651 430 1404345600
1651 430 1404345600
1651 431 1404345600
1651 431 1404345600
1651 431 1404345600
1651 431 1404345600
1651 432 1404345600
1651 432 1404345600
1651 432 1404345600
1651 432 1404345600
1651 433 1404345600
1651 433 1404345600
1651 433 1404345600
1651 433 1404345600
1651 434 1404345600
1651 434 1404345600
1651 434 1404345600
1651 434 1404345600
1651 459 1426982400
1652 286 1369440000
1652 426 1404086400
1652 428 1404086400
1652 429 1404086400
1652 430 1404086400
1652 431 1404086400
1652 432 1404086400
1652 433 1404086400
1652 434 1404086400
1652 653 1442793600
1653 426 1404086400
1653 428 1404086400
1653 429 1404086400
1653 430 1404086400
1653 431 1404086400
1653 432 1404086400
1653 433 1404086400
1653 434 1404086400
1654 426 1403827200
1654 428 1403827200
1654 429 1403827200
1654 430 1403827200
1654 431 1403827200
1654 432 1403827200
1655 426 1403740800
1655 428 1403740800
1655 429 1403740800
1655 430 1403740800
1655 431 1403740800
1655 432 1403740800
1655 433 1403740800
1655 434 1403740800
1656 426 1403654400
1656 428 1403654400
1656 429 1403654400
1656 430 1403654400
1656 431 1403654400
1656 432 1403654400
1656 433 1403654400
1656 434 1403654400
1657 426 1403481600
1657 428 1403481600
1657 429 1403481600
1657 430 1403481600
1657 431 1403481600
1657 432 1403481600
1657 433 1403481600
1657 434 1403481600
1658 426 1403395200
1658 428 1403395200
1658 429 1403395200
1658 430 1403395200
1658 431 1403395200
1658 432 1403395200
1658 433 1403395200
1658 434 1403395200
1659 426 1403395200
1659 428 1403395200
1659 429 1403395200
1659 430 1403395200
1659 431 1403395200
1659 432 1403395200
1659 433 1403395200
1659 434 1403395200
1660 426 1403136000
1660 428 1403136000
1660 429 1403136000
1660 430 1403136000
1660 431 1403136000
1660 432 1403136000
1660 433 1403136000
1660 434 1403136000
1660 2842 1458518400
1660 2841 1463443200
1660 2843 1492473600
1661 426 1403049600
1661 428 1403049600
1661 429 1403049600
1661 430 1403049600
1661 431 1403049600
1661 432 1403049600
1661 433 1403049600
1661 434 1403049600
1662 426 1402876800
1662 428 1402876800
1662 429 1402876800
1662 430 1402876800
1662 431 1402876800
1662 432 1402876800
1662 433 1402876800
1662 434 1402876800
1663 426 1402704000
1663 428 1402704000
1663 429 1402704000
1663 430 1402704000
1663 431 1402704000
1663 432 1402704000
1663 433 1402704000
1663 434 1402704000
1664 426 1402617600
1664 428 1402617600
1664 429 1402617600
1664 430 1402617600
1664 431 1402617600
1664 432 1402617600
1664 433 1402617600
1664 434 1402617600
1665 426 1402444800
1665 428 1402444800
1665 429 1402444800
1665 430 1402444800
1665 431 1402444800
1665 432 1402444800
1665 433 1402444800
1665 434 1402444800
1666 426 1402099200
1666 428 1402099200
1666 429 1402099200
1666 430 1402099200
1666 431 1402099200
1666 432 1402099200
1666 433 1402099200
1666 434 1402099200
1667 426 1401753600
1667 428 1401753600
1667 429 1401753600
1667 430 1401753600
1667 431 1401753600
1667 432 1401753600
1667 433 1401753600
1667 434 1401753600
1668 426 1401753600
1668 428 1401753600
1668 429 1401753600
1668 430 1401753600
1668 431 1401753600
1668 432 1401753600
1668 433 1401753600
1668 434 1401753600
1668 427 1413072000
1669 426 1401753600
1669 426 1401753600
1669 428 1401753600
1669 428 1401753600
1669 429 1401753600
1669 429 1401753600
1669 430 1401753600
1669 430 1401753600
1669 431 1401753600
1669 431 1401753600
1669 432 1401753600
1669 432 1401753600
1669 433 1401753600
1669 433 1401753600
1669 434 1401753600
1669 434 1401753600
1670 426 1401753600
1670 428 1401753600
1670 429 1401753600
1670 430 1401753600
1670 431 1401753600
1670 432 1401753600
1670 433 1401753600
1670 434 1401753600
1671 426 1401580800
1671 428 1401580800
1671 429 1401580800
1671 430 1401580800
1671 431 1401580800
1671 432 1401580800
1671 433 1401580800
1671 434 1401580800
1672 426 1401494400
1672 428 1401494400
1672 429 1401494400
1672 430 1401494400
1672 431 1401494400
1672 432 1401494400
1672 433 1401494400
1672 434 1401494400
1673 426 1401235200
1673 428 1401235200
1673 429 1401235200
1673 430 1401235200
1673 431 1401235200
1673 432 1401235200
1673 433 1401235200
1673 434 1401235200
1674 426 1401062400
1674 428 1401062400
1674 429 1401062400
1674 430 1401062400
1674 431 1401062400
1674 432 1401062400
1674 433 1401062400
1674 434 1401062400
1675 476 1383955200
1675 476 1383955200
1675 426 1400889600
1675 428 1400889600
1675 429 1400889600
1675 430 1400889600
1675 431 1400889600
1675 432 1400889600
1675 433 1400889600
1675 434 1400889600
1676 426 1400889600
1676 428 1400889600
1676 429 1400889600
1676 430 1400889600
1676 431 1400889600
1676 432 1400889600
1676 433 1400889600
1676 434 1400889600
1676 1441 1512864000
1677 426 1400544000
1677 428 1400544000
1677 429 1400544000
1677 430 1400544000
1677 431 1400544000
1677 432 1400544000
1677 433 1400544000
1677 434 1400544000
1678 426 1400544000
1678 428 1400544000
1678 429 1400544000
1678 430 1400544000
1678 431 1400544000
1678 432 1400544000
1678 433 1400544000
1678 434 1400544000
1679 426 1400112000
1679 428 1400112000
1679 429 1400112000
1679 430 1400112000
1679 431 1400112000
1679 432 1400112000
1679 433 1400112000
1679 434 1400112000
1680 426 1400025600
1680 428 1400025600
1680 429 1400025600
1680 430 1400025600
1680 431 1400025600
1680 432 1400025600
1680 433 1400025600
1680 434 1400025600
1681 514 1314057600
1681 426 1399766400
1681 428 1399766400
1681 429 1399766400
1681 430 1399766400
1681 431 1399766400
1681 432 1399766400
1681 433 1399766400
1681 434 1399766400
1681 1026 1413590400
1681 210 1413676800
1681 1933 1414886400
1682 426 1399420800
1682 428 1399420800
1682 429 1399420800
1682 430 1399420800
1682 431 1399420800
1682 432 1399420800
1682 433 1399420800
1682 434 1399420800
1683 426 1399334400
1683 428 1399334400
1683 429 1399334400
1683 430 1399334400
1683 431 1399334400
1683 432 1399334400
1683 433 1399334400
1683 434 1399334400
1684 426 1399334400
1684 428 1399334400
1684 429 1399334400
1684 430 1399334400
1684 431 1399334400
1684 432 1399334400
1684 433 1399334400
1684 434 1399334400
1685 426 1399075200
1685 428 1399075200
1685 429 1399075200
1685 430 1399075200
1685 431 1399075200
1685 432 1399075200
1686 426 1399075200
1686 428 1399075200
1686 429 1399075200
1686 430 1399075200
1686 431 1399075200
1686 432 1399075200
1686 433 1399075200
1686 434 1399075200
1687 426 1398902400
1687 428 1398902400
1687 429 1398902400
1687 430 1398902400
1687 431 1398902400
1687 432 1398902400
1687 433 1398902400
1687 434 1398902400
1687 2844 1472860800
1688 426 1398816000
1688 428 1398816000
1688 429 1398816000
1688 430 1398816000
1688 431 1398816000
1688 432 1398816000
1689 1427 1383696000
1689 426 1398556800
1689 428 1398556800
1689 429 1398556800
1689 430 1398556800
1689 431 1398556800
1689 432 1398556800
1689 433 1398556800
1689 434 1398556800
1690 426 1397088000
1690 428 1397088000
1690 429 1397088000
1690 430 1397088000
1690 431 1397088000
1690 432 1397088000
1690 433 1397088000
1690 434 1397088000
1691 426 1396310400
1691 428 1396310400
1691 429 1396310400
1691 430 1396310400
1691 431 1396310400
1691 432 1396310400
1691 433 1396310400
1691 434 1396310400
1692 426 1395100800
1692 428 1395100800
1692 429 1395100800
1692 430 1395100800
1692 431 1395100800
1692 432 1395100800
1692 433 1395100800
1692 434 1395100800
1693 426 1395014400
1693 428 1395014400
1693 429 1395014400
1693 430 1395014400
1693 431 1395014400
1693 432 1395014400
1694 8 1354665600
1694 426 1394755200
1694 428 1394755200
1694 429 1394755200
1694 430 1394755200
1694 431 1394755200
1694 432 1394755200
1694 433 1394755200
1694 434 1394755200
1695 426 1394582400
1695 428 1394582400
1695 429 1394582400
1695 430 1394582400
1695 431 1394582400
1695 432 1394582400
1695 433 1394582400
1695 434 1394582400
1696 426 1394064000
1696 428 1394064000
1696 429 1394064000
1696 430 1394064000
1696 431 1394064000
1696 432 1394064000
1696 433 1394064000
1696 434 1394064000
1697 426 1393891200
1697 428 1393891200
1697 429 1393891200
1697 430 1393891200
1697 431 1393891200
1697 432 1393891200
1697 433 1393891200
1697 434 1393891200
1698 426 1393804800
1698 428 1393804800
1698 429 1393804800
1698 430 1393804800
1698 431 1393804800
1698 432 1393804800
1698 433 1393804800
1698 434 1393804800
1699 426 1392595200
1699 428 1392595200
1699 429 1392595200
1699 430 1392595200
1699 431 1392595200
1699 432 1392595200
1699 433 1392595200
1699 434 1392595200
1700 426 1392508800
1700 428 1392508800
1700 429 1392508800
1700 430 1392508800
1700 431 1392508800
1700 432 1392508800
1700 433 1392508800
1700 434 1392508800
1701 711 1371859200
1701 426 1392422400
1701 426 1392422400
1701 428 1392422400
1701 429 1392422400
1701 430 1392422400
1701 431 1392422400
1701 432 1392422400
1701 433 1392422400
1701 434 1392422400
1702 426 1392163200
1702 428 1392163200
1702 429 1392163200
1702 430 1392163200
1702 431 1392163200
1702 432 1392163200
1702 433 1392163200
1702 434 1392163200
1703 426 1391990400
1703 428 1391990400
1703 429 1391990400
1703 430 1391990400
1703 431 1391990400
1703 432 1391990400
1703 433 1391990400
1703 434 1391990400
1704 426 1391731200
1704 428 1391731200
1704 429 1391731200
1704 430 1391731200
1704 431 1391731200
1704 432 1391731200
1704 433 1391731200
1704 434 1391731200
1705 426 1391472000
1705 428 1391472000
1705 429 1391472000
1705 430 1391472000
1705 431 1391472000
1705 432 1391472000
1705 433 1391472000
1705 434 1391472000
1706 426 1391472000
1706 428 1391472000
1706 429 1391472000
1706 430 1391472000
1706 431 1391472000
1706 432 1391472000
1706 433 1391472000
1706 434 1391472000
1707 426 1391299200
1707 428 1391299200
1707 429 1391299200
1707 430 1391299200
1707 431 1391299200
1707 432 1391299200
1707 433 1391299200
1707 434 1391299200
1708 426 1390348800
1708 428 1390348800
1708 429 1390348800
1708 430 1390348800
1708 431 1390348800
1708 432 1390348800
1708 433 1390348800
1708 434 1390348800
1709 426 1390176000
1709 428 1390176000
1709 429 1390176000
1709 430 1390176000
1709 431 1390176000
1709 432 1390176000
1709 433 1390176000
1709 434 1390176000
1710 426 1389830400
1710 428 1389830400
1710 429 1389830400
1710 430 1389830400
1710 431 1389830400
1710 432 1389830400
1710 433 1389830400
1710 434 1389830400
1711 426 1389744000
1711 427 1389744000
1711 428 1389744000
1711 429 1389744000
1711 656 1389744000
1711 430 1389744000
1711 431 1389744000
1711 432 1389744000
1711 433 1389744000
1711 434 1389744000
1712 426 1389398400
1712 428 1389398400
1712 429 1389398400
1712 430 1389398400
1712 431 1389398400
1712 432 1389398400
1712 433 1389398400
1712 434 1389398400
1713 426 1389225600
1713 428 1389225600
1713 429 1389225600
1713 430 1389225600
1713 431 1389225600
1713 432 1389225600
1713 433 1389225600
1713 434 1389225600
1714 426 1389052800
1714 428 1389052800
1714 429 1389052800
1714 430 1389052800
1714 431 1389052800
1714 432 1389052800
1714 433 1389052800
1714 434 1389052800
1715 426 1388448000
1715 428 1388448000
1715 429 1388448000
1715 430 1388448000
1715 431 1388448000
1715 432 1388448000
1715 433 1388448000
1715 434 1388448000
1716 426 1388275200
1716 428 1388275200
1716 429 1388275200
1716 430 1388275200
1716 431 1388275200
1716 432 1388275200
1716 433 1388275200
1716 434 1388275200
1717 426 1388275200
1717 428 1388275200
1717 429 1388275200
1717 430 1388275200
1717 431 1388275200
1717 432 1388275200
1717 433 1388275200
1717 434 1388275200
1718 426 1387843200
1718 428 1387843200
1718 429 1387843200
1718 430 1387843200
1718 431 1387843200
1718 432 1387843200
1718 433 1387843200
1718 434 1387843200
1719 426 1387843200
1719 428 1387843200
1719 429 1387843200
1719 430 1387843200
1719 431 1387843200
1719 432 1387843200
1719 433 1387843200
1719 434 1387843200
1720 426 1387584000
1720 428 1387584000
1720 429 1387584000
1720 430 1387584000
1720 431 1387584000
1720 432 1387584000
1720 433 1387584000
1720 434 1387584000
1721 426 1387238400
1721 428 1387238400
1721 429 1387238400
1721 430 1387238400
1721 431 1387238400
1721 432 1387238400
1721 433 1387238400
1721 434 1387238400
1722 426 1386720000
1722 428 1386720000
1722 429 1386720000
1722 430 1386720000
1722 431 1386720000
1722 432 1386720000
1722 433 1386720000
1722 434 1386720000
1723 426 1386288000
1723 428 1386288000
1723 429 1386288000
1723 430 1386288000
1723 431 1386288000
1723 432 1386288000
1723 433 1386288000
1723 434 1386288000
1724 426 1385078400
1724 428 1385078400
1724 429 1385078400
1724 430 1385078400
1724 431 1385078400
1724 432 1385078400
1724 433 1385078400
1724 434 1385078400
1725 426 1384819200
1725 428 1384819200
1725 429 1384819200
1725 430 1384819200
1725 431 1384819200
1725 432 1384819200
1725 433 1384819200
1725 434 1384819200
1726 426 1384300800
1726 428 1384300800
1726 429 1384300800
1726 430 1384300800
1726 431 1384300800
1726 432 1384300800
1726 433 1384300800
1726 434 1384300800
1727 426 1383868800
1727 428 1383868800
1727 429 1383868800
1727 430 1383868800
1727 431 1383868800
1727 432 1383868800
1727 433 1383868800
1727 434 1383868800
1728 426 1383782400
1728 428 1383782400
1728 429 1383782400
1728 430 1383782400
1728 431 1383782400
1728 432 1383782400
1728 433 1383782400
1728 434 1383782400
1729 426 1383609600
1729 428 1383609600
1729 429 1383609600
1729 430 1383609600
1729 431 1383609600
1729 432 1383609600
1729 433 1383609600
1729 434 1383609600
1729 2845 1422144000
1730 397 1365379200
1730 397 1365379200
1730 426 1370217600
1730 428 1370217600
1730 429 1370217600
1730 430 1370217600
1730 431 1370217600
1730 432 1370217600
1730 433 1370217600
1730 434 1370217600
1730 426 1383609600
1730 428 1383609600
1730 429 1383609600
1730 430 1383609600
1730 431 1383609600
1730 432 1383609600
1730 433 1383609600
1730 434 1383609600
1731 426 1383523200
1731 428 1383523200
1731 429 1383523200
1731 430 1383523200
1731 431 1383523200
1731 432 1383523200
1731 433 1383523200
1731 434 1383523200
1732 426 1383523200
1732 428 1383523200
1732 429 1383523200
1732 430 1383523200
1732 431 1383523200
1732 432 1383523200
1732 433 1383523200
1732 434 1383523200
1733 426 1383523200
1733 428 1383523200
1733 429 1383523200
1733 430 1383523200
1733 431 1383523200
1733 432 1383523200
1733 433 1383523200
1733 434 1383523200
1734 426 1383436800
1734 428 1383436800
1734 429 1383436800
1734 430 1383436800
1734 431 1383436800
1734 432 1383436800
1734 433 1383436800
1734 434 1383436800
1735 426 1383177600
1735 428 1383177600
1735 429 1383177600
1735 430 1383177600
1735 431 1383177600
1735 432 1383177600
1735 433 1383177600
1735 434 1383177600
1736 426 1382918400
1736 428 1382918400
1736 429 1382918400
1736 430 1382918400
1736 431 1382918400
1736 432 1382918400
1736 433 1382918400
1736 434 1382918400
1736 497 1404777600
1736 2081 1422662400
1737 426 1382832000
1737 428 1382832000
1737 429 1382832000
1737 430 1382832000
1737 431 1382832000
1737 432 1382832000
1737 433 1382832000
1737 434 1382832000
1738 426 1382572800
1738 427 1382572800
1738 428 1382572800
1738 429 1382572800
1738 430 1382572800
1738 431 1382572800
1738 432 1382572800
1738 433 1382572800
1738 434 1382572800
1739 426 1382313600
1739 428 1382313600
1739 429 1382313600
1739 430 1382313600
1739 431 1382313600
1739 432 1382313600
1739 433 1382313600
1739 434 1382313600
1740 426 1382140800
1740 428 1382140800
1740 429 1382140800
1740 430 1382140800
1740 431 1382140800
1740 432 1382140800
1740 433 1382140800
1740 434 1382140800
1741 426 1382140800
1741 428 1382140800
1741 429 1382140800
1741 430 1382140800
1741 431 1382140800
1741 432 1382140800
1741 433 1382140800
1741 434 1382140800
1742 426 1381968000
1742 428 1381968000
1742 429 1381968000
1742 430 1381968000
1742 431 1381968000
1742 432 1381968000
1742 433 1381968000
1742 434 1381968000
1743 426 1381795200
1743 428 1381795200
1743 429 1381795200
1743 430 1381795200
1743 431 1381795200
1743 432 1381795200
1743 433 1381795200
1743 434 1381795200
1744 426 1381795200
1744 428 1381795200
1744 429 1381795200
1744 430 1381795200
1744 431 1381795200
1744 432 1381795200
1744 433 1381795200
1744 434 1381795200
1745 426 1381363200
1745 428 1381363200
1745 429 1381363200
1745 430 1381363200
1745 431 1381363200
1745 432 1381363200
1745 433 1381363200
1745 434 1381363200
1746 426 1380931200
1746 428 1380931200
1746 429 1380931200
1746 430 1380931200
1746 431 1380931200
1746 432 1380931200
1746 433 1380931200
1746 434 1380931200
1747 426 1380931200
1747 428 1380931200
1747 429 1380931200
1747 430 1380931200
1747 431 1380931200
1747 432 1380931200
1747 433 1380931200
1747 434 1380931200
1748 426 1380844800
1748 428 1380844800
1748 429 1380844800
1748 430 1380844800
1748 431 1380844800
1748 432 1380844800
1749 426 1380844800
1749 428 1380844800
1749 429 1380844800
1749 430 1380844800
1749 431 1380844800
1749 432 1380844800
1749 433 1380844800
1749 434 1380844800
1750 397 1359158400
1750 397 1359158400
1750 426 1380758400
1750 428 1380758400
1750 429 1380758400
1750 430 1380758400
1750 431 1380758400
1750 432 1380758400
1750 433 1380758400
1750 434 1380758400
1751 426 1380672000
1751 428 1380672000
1751 429 1380672000
1751 430 1380672000
1751 431 1380672000
1751 432 1380672000
1751 433 1380672000
1751 434 1380672000
1752 426 1380672000
1752 428 1380672000
1752 429 1380672000
1752 430 1380672000
1752 431 1380672000
1752 432 1380672000
1752 433 1380672000
1752 434 1380672000
1753 426 1380585600
1753 428 1380585600
1753 429 1380585600
1753 430 1380585600
1753 431 1380585600
1753 432 1380585600
1753 433 1380585600
1753 434 1380585600
1754 426 1380585600
1754 428 1380585600
1754 429 1380585600
1754 430 1380585600
1754 431 1380585600
1754 432 1380585600
1754 433 1380585600
1754 434 1380585600
1755 426 1380499200
1755 428 1380499200
1755 429 1380499200
1755 430 1380499200
1755 431 1380499200
1755 432 1380499200
1755 433 1380499200
1755 434 1380499200
1755 392 1488499200
1756 426 1380412800
1756 428 1380412800
1756 429 1380412800
1756 430 1380412800
1756 431 1380412800
1756 432 1380412800
1756 433 1380412800
1756 434 1380412800
1757 426 1380153600
1757 428 1380153600
1757 429 1380153600
1757 430 1380153600
1757 431 1380153600
1757 432 1380153600
1757 433 1380153600
1757 434 1380153600
1758 426 1380153600
1758 428 1380153600
1758 429 1380153600
1758 430 1380153600
1758 431 1380153600
1758 432 1380153600
1758 433 1380153600
1758 434 1380153600
1758 1578 1457136000
1759 426 1379894400
1759 461 1379894400
1759 428 1379894400
1759 429 1379894400
1759 430 1379894400
1759 431 1379894400
1759 432 1379894400
1759 433 1379894400
1759 434 1379894400
1760 426 1379894400
1760 428 1379894400
1760 429 1379894400
1760 430 1379894400
1760 431 1379894400
1760 432 1379894400
1760 433 1379894400
1760 434 1379894400
1761 426 1379894400
1761 428 1379894400
1761 429 1379894400
1761 430 1379894400
1761 431 1379894400
1761 432 1379894400
1761 433 1379894400
1761 434 1379894400
1762 426 1379894400
1762 428 1379894400
1762 429 1379894400
1762 430 1379894400
1762 431 1379894400
1762 432 1379894400
1762 433 1379894400
1762 434 1379894400
1763 426 1379635200
1763 428 1379635200
1763 429 1379635200
1763 430 1379635200
1763 431 1379635200
1763 432 1379635200
1763 433 1379635200
1763 434 1379635200
1764 426 1379635200
1764 428 1379635200
1764 429 1379635200
1764 430 1379635200
1764 431 1379635200
1764 432 1379635200
1764 433 1379635200
1764 434 1379635200
1765 426 1379635200
1765 428 1379635200
1765 429 1379635200
1765 430 1379635200
1765 431 1379635200
1765 432 1379635200
1765 433 1379635200
1765 434 1379635200
1766 426 1379635200
1766 428 1379635200
1766 429 1379635200
1766 430 1379635200
1766 431 1379635200
1766 432 1379635200
1766 433 1379635200
1766 434 1379635200
1767 426 1379462400
1767 428 1379462400
1767 429 1379462400
1767 430 1379462400
1767 431 1379462400
1767 432 1379462400
1767 433 1379462400
1767 434 1379462400
1768 426 1379289600
1768 428 1379289600
1768 429 1379289600
1768 430 1379289600
1768 431 1379289600
1768 432 1379289600
1768 433 1379289600
1768 434 1379289600
1769 426 1379289600
1769 428 1379289600
1769 429 1379289600
1769 430 1379289600
1769 431 1379289600
1769 432 1379289600
1769 433 1379289600
1769 434 1379289600
1770 426 1379116800
1770 428 1379116800
1770 429 1379116800
1770 430 1379116800
1770 431 1379116800
1770 432 1379116800
1770 433 1379116800
1770 434 1379116800
1771 426 1378857600
1771 428 1378857600
1771 429 1378857600
1771 430 1378857600
1771 431 1378857600
1771 432 1378857600
1771 433 1378857600
1771 434 1378857600
1772 426 1378771200
1772 428 1378771200
1772 429 1378771200
1772 430 1378771200
1772 431 1378771200
1772 432 1378771200
1772 433 1378771200
1772 434 1378771200
1773 426 1378512000
1773 428 1378512000
1773 429 1378512000
1773 430 1378512000
1773 431 1378512000
1773 432 1378512000
1773 433 1378512000
1773 434 1378512000
1774 426 1378425600
1774 428 1378425600
1774 429 1378425600
1774 430 1378425600
1774 431 1378425600
1774 432 1378425600
1774 433 1378425600
1774 434 1378425600
1775 426 1378252800
1775 428 1378252800
1775 429 1378252800
1775 430 1378252800
1775 431 1378252800
1775 432 1378252800
1775 433 1378252800
1775 434 1378252800
1776 426 1378080000
1776 428 1378080000
1776 429 1378080000
1776 430 1378080000
1776 431 1378080000
1776 432 1378080000
1776 433 1378080000
1776 434 1378080000
1777 426 1377993600
1777 428 1377993600
1777 429 1377993600
1777 430 1377993600
1777 431 1377993600
1777 432 1377993600
1777 433 1377993600
1777 434 1377993600
1778 426 1374019200
1778 428 1374019200
1778 429 1374019200
1778 430 1374019200
1778 431 1374019200
1778 432 1374019200
1778 433 1374019200
1778 434 1374019200
1778 426 1377734400
1779 426 1377216000
1779 428 1377216000
1779 429 1377216000
1779 430 1377216000
1779 431 1377216000
1779 432 1377216000
1779 433 1377216000
1779 434 1377216000
1779 2846 1421712000
1780 426 1376956800
1780 426 1376956800
1780 428 1376956800
1780 429 1376956800
1780 430 1376956800
1780 431 1376956800
1780 432 1376956800
1780 433 1376956800
1780 434 1376956800
1781 426 1376697600
1781 428 1376697600
1781 429 1376697600
1781 430 1376697600
1781 431 1376697600
1781 432 1376697600
1781 433 1376697600
1781 434 1376697600
1782 426 1376697600
1782 428 1376697600
1782 429 1376697600
1782 430 1376697600
1782 431 1376697600
1782 432 1376697600
1782 433 1376697600
1782 434 1376697600
1783 426 1376697600
1783 428 1376697600
1783 429 1376697600
1783 430 1376697600
1783 431 1376697600
1783 432 1376697600
1783 433 1376697600
1783 434 1376697600
1784 426 1376611200
1784 428 1376611200
1784 429 1376611200
1784 430 1376611200
1784 431 1376611200
1784 432 1376611200
1784 433 1376611200
1784 434 1376611200
1785 426 1376524800
1785 428 1376524800
1785 429 1376524800
1785 430 1376524800
1785 431 1376524800
1785 432 1376524800
1785 433 1376524800
1785 434 1376524800
1786 426 1376352000
1786 428 1376352000
1786 429 1376352000
1786 430 1376352000
1786 431 1376352000
1786 432 1376352000
1786 433 1376352000
1786 434 1376352000
1787 426 1376179200
1787 428 1376179200
1787 429 1376179200
1787 430 1376179200
1787 431 1376179200
1787 432 1376179200
1787 433 1376179200
1787 434 1376179200
1788 426 1376006400
1788 428 1376006400
1788 429 1376006400
1788 430 1376006400
1788 431 1376006400
1788 432 1376006400
1788 433 1376006400
1788 434 1376006400
1789 426 1375833600
1789 428 1375833600
1789 429 1375833600
1789 430 1375833600
1789 431 1375833600
1789 432 1375833600
1789 433 1375833600
1789 434 1375833600
1790 426 1375833600
1790 426 1375833600
1790 428 1375833600
1790 428 1375833600
1790 429 1375833600
1790 429 1375833600
1790 430 1375833600
1790 430 1375833600
1790 431 1375833600
1790 431 1375833600
1790 432 1375833600
1790 432 1375833600
1790 433 1375833600
1790 433 1375833600
1790 434 1375833600
1790 434 1375833600
1791 426 1375488000
1791 428 1375488000
1791 429 1375488000
1791 430 1375488000
1791 431 1375488000
1791 432 1375488000
1791 433 1375488000
1791 434 1375488000
1792 426 1375401600
1792 428 1375401600
1792 429 1375401600
1792 430 1375401600
1792 431 1375401600
1792 432 1375401600
1792 433 1375401600
1792 434 1375401600
1793 426 1375401600
1793 428 1375401600
1793 429 1375401600
1793 430 1375401600
1793 431 1375401600
1793 432 1375401600
1793 433 1375401600
1793 434 1375401600
1794 426 1375142400
1794 428 1375142400
1794 429 1375142400
1794 430 1375142400
1794 431 1375142400
1794 432 1375142400
1794 433 1375142400
1794 434 1375142400
1795 426 1375056000
1795 428 1375056000
1795 429 1375056000
1795 430 1375056000
1795 431 1375056000
1795 432 1375056000
1795 433 1375056000
1795 434 1375056000
1796 426 1374796800
1796 428 1374796800
1796 429 1374796800
1796 430 1374796800
1796 431 1374796800
1796 432 1374796800
1796 433 1374796800
1796 434 1374796800
1797 426 1374710400
1797 428 1374710400
1797 429 1374710400
1797 430 1374710400
1797 431 1374710400
1797 432 1374710400
1797 433 1374710400
1797 434 1374710400
1798 426 1374710400
1798 428 1374710400
1798 429 1374710400
1798 430 1374710400
1798 431 1374710400
1798 432 1374710400
1798 433 1374710400
1798 434 1374710400
1799 426 1374537600
1799 428 1374537600
1799 429 1374537600
1799 430 1374537600
1799 431 1374537600
1799 432 1374537600
1799 433 1374537600
1799 434 1374537600
1800 426 1374537600
1800 428 1374537600
1800 429 1374537600
1800 430 1374537600
1800 431 1374537600
1800 432 1374537600
1800 433 1374537600
1800 434 1374537600
1801 6 1317427200
1801 397 1320192000
1801 397 1320192000
1801 2816 1322438400
1801 427 1330992000
1801 426 1374278400
1801 428 1374278400
1801 429 1374278400
1801 430 1374278400
1801 431 1374278400
1801 432 1374278400
1801 433 1374278400
1801 434 1374278400
1801 89 1413158400
1801 504 1435190400
1801 676 1436572800
1801 465 1521763200
1802 426 1374192000
1802 428 1374192000
1802 429 1374192000
1802 430 1374192000
1802 2847 1374192000
1802 431 1374192000
1802 432 1374192000
1802 433 1374192000
1802 434 1374192000
1803 426 1374019200
1803 428 1374019200
1803 429 1374019200
1803 430 1374019200
1803 431 1374019200
1803 432 1374019200
1803 433 1374019200
1803 434 1374019200
1804 426 1373846400
1804 428 1373846400
1804 429 1373846400
1804 430 1373846400
1804 431 1373846400
1804 432 1373846400
1804 433 1373846400
1804 434 1373846400
1805 1529 1352851200
1805 2578 1352851200
1805 426 1373500800
1805 428 1373500800
1805 429 1373500800
1805 430 1373500800
1805 431 1373500800
1805 432 1373500800
1805 433 1373500800
1805 434 1373500800
1806 426 1373241600
1806 525 1373241600
1806 427 1373241600
1806 397 1373241600
1806 397 1373241600
1806 397 1373241600
1806 397 1373241600
1806 428 1373241600
1806 429 1373241600
1806 430 1373241600
1806 431 1373241600
1806 432 1373241600
1806 433 1373241600
1806 434 1373241600
1807 426 1373241600
1807 428 1373241600
1807 429 1373241600
1807 430 1373241600
1807 431 1373241600
1807 432 1373241600
1807 433 1373241600
1807 434 1373241600
1808 426 1373068800
1808 426 1373068800
1808 428 1373068800
1808 428 1373068800
1808 429 1373068800
1808 429 1373068800
1808 430 1373068800
1808 430 1373068800
1808 431 1373068800
1808 431 1373068800
1808 432 1373068800
1808 432 1373068800
1808 433 1373068800
1808 433 1373068800
1808 434 1373068800
1808 434 1373068800
1809 426 1372723200
1809 428 1372723200
1809 429 1372723200
1809 430 1372723200
1809 431 1372723200
1809 432 1372723200
1809 433 1372723200
1809 434 1372723200
1810 426 1372377600
1810 428 1372377600
1810 429 1372377600
1810 430 1372377600
1810 431 1372377600
1810 432 1372377600
1810 433 1372377600
1810 434 1372377600
1811 426 1372118400
1811 428 1372118400
1811 429 1372118400
1811 430 1372118400
1811 431 1372118400
1811 432 1372118400
1811 433 1372118400
1811 434 1372118400
1812 426 1372118400
1812 428 1372118400
1812 429 1372118400
1812 430 1372118400
1812 431 1372118400
1812 432 1372118400
1812 433 1372118400
1812 434 1372118400
1813 426 1371945600
1813 428 1371945600
1813 429 1371945600
1813 430 1371945600
1813 431 1371945600
1813 432 1371945600
1813 433 1371945600
1813 434 1371945600
1814 426 1371945600
1814 428 1371945600
1814 429 1371945600
1814 430 1371945600
1814 431 1371945600
1814 432 1371945600
1814 433 1371945600
1814 434 1371945600
1815 426 1371859200
1815 428 1371859200
1815 429 1371859200
1815 430 1371859200
1815 431 1371859200
1815 432 1371859200
1815 433 1371859200
1815 434 1371859200
1816 426 1371859200
1816 428 1371859200
1816 429 1371859200
1816 430 1371859200
1816 431 1371859200
1816 432 1371859200
1816 433 1371859200
1816 434 1371859200
1817 426 1371686400
1817 428 1371686400
1817 429 1371686400
1817 430 1371686400
1817 431 1371686400
1817 432 1371686400
1817 433 1371686400
1817 434 1371686400
1818 426 1371686400
1818 426 1371686400
1818 428 1371686400
1818 428 1371686400
1818 429 1371686400
1818 429 1371686400
1818 430 1371686400
1818 430 1371686400
1818 431 1371686400
1818 431 1371686400
1818 432 1371686400
1818 432 1371686400
1818 433 1371686400
1818 433 1371686400
1818 434 1371686400
1818 434 1371686400
1818 707 1493251200
1819 426 1371600000
1819 428 1371600000
1819 429 1371600000
1819 430 1371600000
1819 431 1371600000
1819 432 1371600000
1819 433 1371600000
1819 434 1371600000
1820 426 1371600000
1820 428 1371600000
1820 429 1371600000
1820 430 1371600000
1820 431 1371600000
1820 432 1371600000
1820 433 1371600000
1820 434 1371600000
1821 426 1371427200
1821 428 1371427200
1821 429 1371427200
1821 430 1371427200
1821 431 1371427200
1821 432 1371427200
1821 433 1371427200
1821 434 1371427200
1822 426 1371168000
1822 428 1371168000
1822 429 1371168000
1822 430 1371168000
1822 431 1371168000
1822 432 1371168000
1822 433 1371168000
1822 434 1371168000
1823 426 1370908800
1823 428 1370908800
1823 429 1370908800
1823 430 1370908800
1823 431 1370908800
1823 432 1370908800
1823 433 1370908800
1823 434 1370908800
1824 426 1370908800
1824 428 1370908800
1824 429 1370908800
1824 430 1370908800
1824 431 1370908800
1824 432 1370908800
1824 433 1370908800
1824 434 1370908800
1825 426 1370649600
1825 428 1370649600
1825 429 1370649600
1825 430 1370649600
1825 431 1370649600
1825 432 1370649600
1825 433 1370649600
1825 434 1370649600
1826 426 1370044800
1826 428 1370044800
1826 429 1370044800
1826 430 1370044800
1826 431 1370044800
1826 432 1370044800
1826 433 1370044800
1826 434 1370044800
1827 426 1369872000
1827 428 1369872000
1827 429 1369872000
1827 430 1369872000
1827 431 1369872000
1827 432 1369872000
1827 433 1369872000
1827 434 1369872000
1828 426 1369699200
1828 428 1369699200
1828 429 1369699200
1828 430 1369699200
1828 431 1369699200
1828 432 1369699200
1828 433 1369699200
1828 434 1369699200
1829 426 1369353600
1829 428 1369353600
1829 658 1369353600
1829 429 1369353600
1829 430 1369353600
1829 431 1369353600
1829 432 1369353600
1829 433 1369353600
1829 434 1369353600
1830 1252 1394928000
1830 331 1397606400
1830 1005 1398988800
1830 349 1401321600
1830 353 1401321600
1830 967 1427241600
1830 897 1430524800
1830 1203 1432944000
1830 35 1514678400
1831 35 1504483200
1831 2848 1528416000
1831 1948 1528416000
1831 2849 1528416000
1831 2850 1528416000
1832 2415 1462233600
1832 2415 1462233600
1832 2852 1462233600
1832 35 1479340800
1832 2851 1479340800
1833 2853 1395792000
1833 465 1406505600
1833 921 1409875200
1833 1159 1409875200
1833 130 1424476800
1833 189 1435449600
1833 35 1456790400
1833 996 1456790400
1833 607 1492473600
1834 2855 1349136000
1834 2854 1365379200
1834 2856 1365379200
1834 1128 1436313600
1834 35 1445904000
1834 31 1475366400
1835 706 1425168000
1835 2858 1436745600
1835 35 1441584000
1835 2857 1441584000
1835 37 1446422400
1835 37 1446422400
1835 2640 1446854400
1835 1512 1480809600
1835 2849 1500768000
1835 680 1506384000
1836 1413 1419379200
1836 35 1438300800
1836 1084 1438300800
1836 1767 1438300800
1836 2859 1438300800
1836 2114 1438300800
1837 35 1426723200
1837 2281 1426723200
1837 706 1428019200
1837 2055 1436140800
1837 652 1436140800
1837 2683 1441065600
1837 1605 1458086400
1837 598 1458086400
1837 602 1458086400
1837 606 1458086400
1837 620 1458086400
1837 1116 1458086400
1837 914 1466553600
1838 1084 1361145600
1838 2239 1362700800
1838 1845 1362700800
1838 2319 1363824000
1838 35 1377648000
1838 2860 1404345600
1838 728 1485388800
1839 1979 1462406400
1839 2863 1462406400
1839 2862 1468800000
1839 2861 1476835200
1839 1814 1480982400
1839 53 1523836800
1840 1805 1394841600
1840 2016 1398729600
1840 1979 1420848000
1840 132 1420848000
1840 2864 1428451200
1841 1979 1405296000
1841 2865 1487289600
1841 1447 1487289600
1841 2866 1487289600
1841 33 1487289600
1842 1979 1380240000
1842 476 1409011200
1842 476 1409011200
1842 529 1409011200
1842 2867 1409011200
1843 2868 1359417600
1843 162 1362528000
1843 1676 1421366400
1843 440 1427155200
1843 1521 1440201600
1843 125 1464652800
1843 125 1464652800
1844 2870 1297728000
1844 2870 1297728000
1844 2868 1372204800
1844 853 1372204800
1844 2869 1403481600
1844 2869 1403481600
1844 792 1413158400
1844 792 1413158400
1844 1981 1414022400
1844 1981 1414022400
1844 476 1424044800
1845 2872 1220832000
1845 2872 1220832000
1845 2319 1383004800
1845 2871 1383609600
1845 1721 1386806400
1845 2873 1389052800
1846 1666 1454457600
1846 2874 1454457600
1846 2875 1454457600
1846 2877 1455926400
1846 2876 1470096000
1847 2879 1392163200
1847 1666 1394755200
1847 791 1396396800
1847 676 1396915200
1847 2874 1396915200
1847 2749 1458000000
1847 2878 1479859200
1847 649 1492387200
1847 649 1492387200
1848 2881 1470441600
1848 1783 1479513600
1848 2880 1480291200
1848 2668 1488931200
1848 1084 1490918400
1849 2882 1321401600
1849 2882 1321401600
1849 924 1429920000
1849 2884 1429920000
1849 2880 1465948800
1849 2883 1470268800
1850 2885 1470096000
1850 2120 1470096000
1850 2120 1470096000
1850 2886 1470096000
1850 1737 1478390400
1851 1709 1408406400
1851 1709 1408406400
1851 2887 1408406400
1851 2304 1411603200
1851 2888 1411603200
1852 2889 1365033600
1852 2890 1473897600
1852 688 1473897600
1852 2890 1473897600
1852 688 1473897600
1852 723 1487894400
1853 831 1195430400
1853 1412 1321056000
1853 1155 1394668800
1853 1252 1395100800
1853 2848 1395792000
1853 1043 1402790400
1853 275 1402963200
1853 948 1425859200
1853 1060 1489622400
1853 313 1491004800
1853 936 1518912000
1854 2891 1378857600
1854 2891 1378857600
1854 2892 1388620800
1854 1712 1440806400
1854 2893 1463270400
1854 287 1465171200
1854 1908 1475280000
1854 1550 1475280000
1855 755 1507766400
1855 465 1507766400
1855 831 1507766400
1855 2894 1507766400
1855 2895 1512950400
1855 2896 1512950400
1856 1904 1396828800
1856 146 1396828800
1856 755 1413072000
1856 666 1413072000
1856 666 1413072000
1857 2897 1380153600
1857 755 1386028800
1857 1366 1428710400
1857 287 1441065600
1857 2079 1450137600
1857 1084 1455840000
1857 2657 1455840000
1857 2601 1461801600
1857 2319 1483660800
1857 2546 1520899200
1857 2546 1520899200
1858 924 1357516800
1858 755 1357603200
1858 637 1357603200
1858 1703 1391644800
1858 1703 1391644800
1858 564 1391731200
1858 559 1394582400
1858 398 1394582400
1858 398 1394582400
1858 2775 1395619200
1858 2225 1395619200
1858 2898 1399161600
1858 2898 1399161600
1859 476 1420243200
1859 476 1420243200
1859 476 1420243200
1859 476 1420243200
1859 529 1420243200
1859 476 1455580800
1859 476 1457308800
1859 696 1471910400
1860 847 1440028800
1860 2899 1441756800
1860 2900 1443312000
1860 696 1454025600
1860 2695 1455926400
1861 2901 1332979200
1861 2901 1332979200
1861 2901 1366416000
1861 2901 1366416000
1861 696 1431993600
1862 2902 1379203200
1862 696 1425427200
1862 1441 1425427200
1862 2903 1465516800
1862 2197 1471219200
1863 1814 1388361600
1863 696 1391904000
1863 2905 1391904000
1863 2904 1411603200
1863 1660 1452384000
1863 1660 1452384000
1864 637 1477008000
1864 505 1477008000
1864 1084 1482796800
1864 2907 1484956800
1864 2906 1500422400
1865 637 1391385600
1865 2581 1394150400
1865 388 1406505600
1865 2908 1411776000
1865 1488 1434931200
1865 1488 1434931200
1866 2339 1348704000
1866 1838 1363219200
1866 637 1363996800
1866 601 1374019200
1866 618 1374019200
1866 1739 1394409600
1866 398 1394409600
1866 398 1394409600
1866 2909 1394409600
1866 1513 1434931200
1866 2910 1503100800
1866 1716 1513728000
1866 162 1525651200
1866 2911 1527638400
1867 756 1473724800
1867 2912 1473724800
1867 2913 1473724800
1867 2878 1473724800
1867 2578 1473724800
1867 845 1473724800
1868 757 1329091200
1868 329 1390780800
1868 966 1415664000
1868 1200 1423785600
1868 177 1457049600
1868 1379 1465171200
1868 1132 1466035200
1868 1752 1468368000
1868 756 1471219200
1868 1101 1473897600
1868 668 1524182400
1868 1270 1526601600
1869 1589 1388361600
1869 2915 1405123200
1869 756 1406678400
1869 599 1406678400
1869 2914 1406678400
1869 625 1406678400
1869 2916 1406678400
1869 340 1413763200
1869 599 1425427200
1870 756 1263168000
1870 972 1418169600
1870 197 1420329600
1870 896 1459123200
1870 997 1469664000
1871 442 1488240000
1871 442 1488240000
1871 445 1488240000
1871 2917 1515974400
1871 849 1515974400
1871 1084 1518566400
1872 2319 1454112000
1872 2918 1455926400
1872 2114 1467072000
1872 1084 1513468800
1872 1379 1527379200
1873 2319 1493769600
1873 1084 1494979200
1873 1162 1495411200
1873 1833 1523577600
1873 2920 1523923200
1873 2919 1524182400
1874 2064 1315958400
1874 1413 1419379200
1874 2319 1419379200
1874 92 1482364800
1874 1084 1494201600
1874 757 1516752000
1875 2703 1454284800
1875 1413 1477353600
1875 1846 1477353600
1875 1084 1477440000
1875 2921 1482710400
1875 384 1496361600
1876 2657 1464566400
1876 1084 1473897600
1876 2319 1475452800
1876 1379 1475452800
1876 2113 1477785600
1876 2113 1477785600
1877 1084 1472688000
1877 2922 1474502400
1877 2923 1474502400
1877 125 1491782400
1877 125 1491782400
1878 2113 1421107200
1878 2319 1421107200
1878 1084 1469318400
1878 2114 1469318400
1878 2924 1493856000
1879 1084 1466208000
1879 2703 1466208000
1879 2657 1466208000
1879 2657 1466208000
1879 2925 1466208000
1880 1413 1413331200
1880 2921 1415145600
1880 2546 1423526400
1880 2546 1423526400
1880 1084 1461110400
1881 2546 1415232000
1881 2546 1415232000
1881 2088 1419897600
1881 1084 1460592000
1881 2088 1460592000
1882 1084 1458864000
1882 2921 1458864000
1882 2319 1458864000
1882 2657 1461024000
1882 2924 1475539200
1882 2921 1475798400
1883 1084 1454457600
1883 2606 1454630400
1883 2606 1454630400
1883 1711 1456704000
1883 467 1458086400
1883 940 1458086400
1884 1430 1405555200
1884 615 1418860800
1884 1872 1421712000
1884 1846 1436486400
1884 1084 1447632000
1884 2227 1447632000
1884 692 1471910400
1885 1413 1420502400
1885 757 1424649600
1885 2113 1443744000
1885 1084 1446595200
1885 2319 1446595200
1886 2667 1406764800
1886 442 1429747200
1886 442 1429747200
1886 445 1429747200
1886 1084 1445558400
1886 1379 1503532800
1886 2926 1509062400
1887 1084 1428537600
1887 2930 1445040000
1887 2929 1448323200
1887 2067 1451433600
1887 2319 1458691200
1887 2928 1460246400
1887 2928 1460246400
1887 2927 1478736000
1887 2660 1485388800
1887 2702 1523145600
1888 2114 1386028800
1888 1084 1415145600
1888 1413 1454976000
1888 2931 1463270400
1888 1790 1481500800
1888 1737 1487030400
1889 1084 1414627200
1889 1413 1414627200
1889 2932 1423958400
1889 2546 1427932800
1889 2546 1427932800
1890 1786 1390521600
1890 1084 1398211200
1890 2921 1398211200
1890 1430 1409097600
1890 228 1409097600
1890 2934 1409097600
1890 2928 1411430400
1890 2928 1411430400
1890 2933 1418774400
1890 1037 1421107200
1891 1084 1396656000
1891 757 1396656000
1891 1413 1398384000
1891 2703 1399420800
1891 2703 1399420800
1892 1084 1391817600
1892 2936 1394150400
1892 2935 1425081600
1892 25 1457568000
1892 25 1457568000
1893 1084 1373328000
1893 1271 1482796800
1893 2920 1483142400
1893 2930 1490659200
1893 2924 1492905600
1893 2937 1494892800
1893 424 1500336000
1894 1084 1366761600
1894 2670 1366848000
1894 757 1367366400
1894 2114 1367366400
1894 392 1392422400
1895 2319 1365552000
1895 1084 1365724800
1895 2076 1365724800
1895 2064 1365724800
1895 1790 1365984000
1895 2113 1394496000
1895 2114 1394755200
1896 1084 1356220800
1896 757 1377302400
1896 1430 1383436800
1896 2113 1414108800
1896 2113 1424044800
1897 1084 1354492800
1897 1739 1354492800
1897 2938 1354492800
1897 1740 1354492800
1897 1747 1354492800
1897 1747 1354492800
1897 757 1354492800
1897 2088 1361232000
1897 1786 1361232000
1898 2064 1327449600
1898 1366 1330732800
1898 1790 1334102400
1898 1084 1342310400
1898 2939 1365033600
1899 732 1319155200
1899 1084 1332547200
1899 1593 1338076800
1899 2941 1375401600
1899 2940 1375574400
1900 1084 1292457600
1900 1068 1373500800
1900 2942 1373500800
1900 1155 1395187200
1900 281 1430006400
1900 79 1436918400
1900 1241 1438473600
1900 81 1460678400
1900 1752 1468108800
1900 1310 1469318400
1900 899 1491609600
1900 1124 1502323200
1901 1084 1242604800
1901 961 1404086400
1901 1241 1439251200
1901 294 1445472000
1901 1294 1459209600
1901 1162 1473984000
1902 1084 1227916800
1902 2657 1425686400
1902 2113 1441584000
1902 2662 1483660800
1902 1413 1506643200
1903 1084 1211500800
1903 1084 1216771200
1903 892 1392854400
1903 892 1392854400
1903 1172 1431043200
1904 1084 1187222400
1904 2308 1375401600
1904 2308 1375401600
1904 2640 1387065600
1904 2623 1390262400
1904 1252 1393459200
1904 2505 1393718400
1904 1752 1469059200
1905 2943 1447804800
1905 2943 1447804800
1905 2000 1448409600
1905 1890 1448409600
1905 1890 1448409600
1906 350 1403395200
1906 2945 1423094400
1906 2944 1445731200
1906 1098 1446595200
1906 1170 1453766400
1907 138 1424563200
1907 2948 1424563200
1907 20 1428019200
1907 2946 1428019200
1907 1535 1433289600
1907 2947 1433289600
1908 564 1369267200
1908 50 1502409600
1908 2950 1502409600
1908 1869 1502409600
1908 2949 1519862400
1909 125 1513987200
1909 125 1513987200
1909 493 1513987200
1909 2336 1513987200
1909 2949 1515369600
1910 1152 1453593600
1910 2949 1511740800
1910 2951 1511740800
1910 2952 1511740800
1910 174 1523836800
1911 476 1424649600
1911 648 1424649600
1911 2949 1430956800
1911 2448 1430956800
1911 529 1430956800
1912 2949 1410825600
1912 1611 1410825600
1912 538 1410825600
1912 538 1410825600
1912 538 1410825600
1912 2169 1423612800
1912 2949 1424217600
1912 180 1424217600
1912 180 1424217600
1912 2953 1435622400
1912 180 1435622400
1912 180 1435622400
1912 2954 1435622400
1912 1402 1435622400
1913 2949 1416009600
1913 2955 1416009600
1913 1948 1437955200
1913 36 1438905600
1913 2956 1444780800
1914 2949 1404950400
1914 2957 1404950400
1914 2958 1404950400
1914 1882 1404950400
1914 17 1441843200
1914 2954 1441843200
1914 2959 1441843200
1914 595 1466035200
1914 863 1466035200
1914 812 1477008000
1914 2024 1490745600
1915 427 1357776000
1915 2765 1364860800
1915 2765 1364860800
1915 2766 1364860800
1915 2949 1399852800
1915 2960 1456358400
1915 2961 1495843200
1916 2949 1376697600
1916 2962 1468281600
1916 1116 1469404800
1916 529 1485734400
1916 1414 1503100800
1916 226 1513728000
1916 925 1523750400
1917 1672 1322956800
1917 489 1353542400
1917 489 1353542400
1917 606 1353542400
1917 2949 1354406400
1917 605 1371772800
1917 1488 1372464000
1917 1488 1372464000
1918 233 1398470400
1918 2965 1398556800
1918 874 1399680000
1918 874 1399680000
1918 2206 1399680000
1918 2963 1399939200
1918 2063 1400803200
1918 1323 1403481600
1918 2602 1403481600
1918 1703 1404259200
1918 1703 1404259200
1918 63 1404259200
1918 1971 1404432000
1918 2964 1410480000
1918 739 1412121600
1918 1861 1442448000
1918 37 1455148800
1918 37 1455148800
1919 1513 1462838400
1919 184 1462838400
1919 1494 1470960000
1919 537 1470960000
1919 539 1470960000
1919 1521 1478995200
1919 1520 1492992000
1920 1513 1455840000
1920 183 1455840000
1920 1521 1455840000
1920 1511 1455840000
1920 1483 1455840000
1921 1513 1425513600
1921 1481 1445385600
1921 943 1465689600
1921 2968 1474070400
1921 2969 1474070400
1921 2966 1477612800
1921 1817 1477612800
1921 2966 1477612800
1921 1817 1477612800
1921 2967 1477612800
1922 1513 1409702400
1922 2970 1418428800
1922 2260 1432684800
1922 2368 1484524800
1922 2838 1495324800
1922 1751 1531526400
1923 1513 1409011200
1923 2309 1409011200
1923 182 1416268800
1923 1543 1416268800
1923 2971 1416268800
1924 180 1347148800
1924 180 1347148800
1924 409 1354838400
1924 2972 1357344000
1924 1513 1374969600
1924 397 1379635200
1924 397 1379635200
1924 421 1379635200
1925 1542 1420848000
1925 1509 1420848000
1925 2269 1420848000
1925 474 1420848000
1925 2618 1420848000
1926 2973 1447632000
1926 2014 1461456000
1926 60 1485820800
1926 1483 1485820800
1926 236 1489363200
1927 2973 1421884800
1927 1838 1421884800
1927 409 1421884800
1927 2222 1421884800
1927 187 1421884800
1927 2339 1421884800
1927 394 1421884800
1928 2973 1363564800
1928 103 1388793600
1928 2974 1424476800
1928 104 1434672000
1928 2950 1456704000
1929 744 1509148800
1929 2298 1514332800
1929 2975 1519689600
1929 398 1523232000
1929 398 1523232000
1929 2234 1525046400
1930 2334 1374537600
1930 2976 1374537600
1930 732 1377475200
1930 144 1377475200
1930 1544 1438646400
1931 2298 1426464000
1931 1509 1522022400
1931 912 1522627200
1931 327 1525996800
1931 328 1525996800
1932 2298 1416873600
1932 2977 1434067200
1932 440 1434067200
1932 792 1434326400
1932 792 1434326400
1933 2978 1351900800
1933 162 1392854400
1933 392 1404864000
1933 2298 1414540800
1933 225 1438041600
1933 2979 1488499200
1934 2298 1356739200
1934 442 1356739200
1934 442 1356739200
1934 445 1356739200
1934 459 1464048000
1935 732 1205452800
1935 1467 1320192000
1935 528 1395273600
1935 331 1397692800
1935 173 1415923200
1935 1132 1470009600
1936 1659 1487980800
1936 983 1487980800
1936 2981 1487980800
1936 700 1494720000
1936 2980 1504224000
1937 700 1456444800
1937 2097 1475107200
1937 2982 1484092800
1937 1229 1491177600
1937 1231 1491177600
1937 1397 1491177600
1937 1062 1495929600
1937 1063 1508803200
1937 1259 1526515200
1938 287 1340064000
1938 711 1370476800
1938 700 1397779200
1938 56 1426550400
1938 474 1481500800
1939 700 1301443200
1939 189 1396569600
1939 2983 1398729600
1939 191 1438732800
1939 982 1458172800
1939 785 1480896000
1939 2985 1480896000
1939 947 1488585600
1939 2984 1488585600
1939 498 1488585600
1940 1251 1391904000
1940 348 1405900800
1940 987 1406160000
1940 2328 1430870400
1940 1353 1447632000
1941 2503 1347062400
1941 1251 1365638400
1941 2319 1367280000
1941 2546 1411084800
1941 2546 1411084800
1942 1251 1344470400
1942 1252 1345420800
1942 1745 1347494400
1942 329 1349222400
1942 1843 1349222400
1943 1251 1480204800
1943 36 1480204800
1943 559 1480204800
1943 2209 1480204800
1943 2209 1480204800
1943 606 1480204800
1943 234 1480204800
1943 652 1480204800
1943 1116 1480204800
1943 1862 1480204800
1944 1251 1470873600
1944 1068 1470873600
1944 194 1470873600
1944 1307 1481068800
1944 1092 1487980800
1945 1251 1423612800
1945 1664 1424649600
1945 2187 1425081600
1945 2986 1425168000
1945 157 1430006400
1946 237 1355356800
1946 1655 1355356800
1946 1540 1371168000
1946 471 1372118400
1946 1371 1373500800
1946 31 1404345600
1946 1317 1410825600
1946 398 1410825600
1946 398 1410825600
1946 1251 1415923200
1946 2987 1472342400
1946 2462 1485993600
1946 347 1485993600
1946 1252 1489536000
1946 764 1489536000
1946 190 1505433600
1946 2988 1534377600
1947 253 1378857600
1947 1265 1378857600
1947 1251 1393891200
1947 1392 1393891200
1947 1392 1393891200
1947 1092 1393891200
1947 973 1401408000
1947 1129 1401408000
1947 1044 1401408000
1947 350 1403740800
1947 1051 1403740800
1947 1010 1416355200
1947 283 1429488000
1948 1251 1392854400
1948 1457 1412899200
1948 1059 1415750400
1948 336 1416441600
1948 918 1431129600
1948 201 1435536000
1949 1251 1392854400
1949 1307 1392854400
1949 892 1395187200
1949 892 1395187200
1949 274 1420675200
1949 1098 1445731200
1949 1292 1445990400
1949 1098 1447632000
1949 1080 1458259200
1949 1199 1458518400
1949 1379 1465171200
1949 271 1468195200
1949 1162 1473984000
1949 1079 1487894400
1949 39 1499904000
1949 335 1500076800
1949 323 1534636800
1950 497 1257897600
1950 194 1377561600
1950 1251 1392768000
1950 1392 1392768000
1950 1392 1392768000
1950 976 1392854400
1950 528 1392940800
1950 1043 1402358400
1950 1005 1402358400
1950 1457 1413590400
1950 1237 1414108800
1950 76 1435708800
1951 1396 1374105600
1951 1251 1392681600
1951 1252 1392681600
1951 892 1392681600
1951 892 1392681600
1951 534 1403481600
1951 299 1446249600
1951 935 1469491200
1951 1109 1489276800
1952 1251 1392422400
1952 1355 1464480000
1952 1087 1465430400
1952 1103 1468627200
1952 1104 1473033600
1953 1184 1375056000
1953 1251 1392422400
1953 336 1416614400
1953 1157 1419206400
1953 1410 1421884800
1953 245 1468368000
1953 251 1518048000
1953 311 1518739200
1954 1251 1392249600
1954 1268 1439942400
1954 1452 1448236800
1954 1249 1458864000
1954 1093 1478476800
1954 338 1479340800
1954 899 1487808000
1954 2989 1488326400
1954 1182 1526601600
1955 2308 1376438400
1955 2308 1376438400
1955 1251 1391904000
1955 339 1395100800
1955 1129 1400112000
1955 1051 1403136000
1955 1241 1439164800
1955 388 1451347200
1955 1132 1466812800
1955 1250 1487808000
1955 1195 1500595200
1956 1396 1373155200
1956 75 1405900800
1956 76 1415491200
1956 944 1461715200
1956 826 1467244800
1956 532 1467849600
1956 1254 1505692800
1957 1396 1374105600
1957 372 1400803200
1957 973 1400889600
1957 173 1414454400
1957 1081 1415664000
1957 1193 1447459200
1957 551 1455148800
1957 1393 1512691200
1957 39 1525392000
1958 1396 1374019200
1958 1392 1389744000
1958 1392 1389744000
1958 263 1407888000
1958 1376 1450051200
1959 1396 1373932800
1959 1120 1374537600
1959 77 1443830400
1959 1388 1446249600
1959 1173 1449964800
1959 1135 1466640000
1959 1250 1482969600
1959 902 1482969600
1959 901 1511481600
1959 1076 1532908800
1960 133 1493856000
1960 1650 1497657600
1960 2301 1498608000
1960 2990 1498608000
1960 1138 1521158400
1961 2992 1452556800
1961 2338 1466380800
1961 2338 1466380800
1961 2993 1474502400
1961 2991 1476489600
1961 2994 1477612800
1961 2250 1498521600
1962 398 1430524800
1962 398 1430524800
1962 846 1430524800
1962 474 1430524800
1962 1482 1430524800
1962 2991 1462492800
1962 1614 1462492800
1962 183 1462492800
1962 1650 1481673600
1962 2898 1481673600
1962 2898 1481673600
1962 2995 1481760000
1962 2995 1481760000
1962 1513 1486166400
1962 904 1486166400
1962 1621 1506297600
1963 711 1410652800
1963 2991 1419552000
1963 23 1421020800
1963 26 1421020800
1963 2387 1421020800
1963 2779 1421020800
1964 941 1457395200
1964 2998 1458864000
1964 1650 1467244800
1964 2996 1467244800
1964 2974 1467244800
1964 2997 1485907200
1964 2999 1485907200
1965 1650 1435622400
1965 478 1435622400
1965 478 1435622400
1965 3000 1435622400
1965 3001 1435622400
1966 1650 1420243200
1966 3003 1455148800
1966 2542 1502236800
1966 474 1508630400
1966 1336 1514160000
1966 3002 1526428800
1966 725 1527638400
1967 2791 1436572800
1967 3004 1436572800
1967 1676 1480032000
1967 30 1480032000
1967 1138 1488067200
1968 1650 1398902400
1968 478 1398902400
1968 478 1398902400
1968 478 1433289600
1968 478 1433289600
1969 1650 1364515200
1969 3005 1391126400
1969 1635 1405814400
1969 3006 1415577600
1969 3007 1465603200
1970 3008 1396742400
1970 3009 1401062400
1970 867 1416787200
1970 1676 1438905600
1970 3010 1468540800
1971 2974 1409443200
1971 1676 1419206400
1971 89 1419206400
1971 2819 1419206400
1971 768 1419206400
1971 2339 1492560000
1971 3011 1501977600
1972 1676 1417219200
1972 3012 1417219200
1972 25 1417219200
1972 25 1417219200
1972 1128 1417219200
1972 1128 1417219200
1972 8 1417219200
1972 1662 1417219200
1972 1631 1417219200
1972 1823 1417219200
1972 2524 1423353600
1972 1098 1423353600
1973 1676 1393286400
1973 90 1424995200
1973 91 1424995200
1973 3013 1425427200
1973 1568 1425427200
1973 1509 1426204800
1973 525 1439424000
1973 474 1439510400
1973 556 1445904000
1973 1354 1474848000
1973 427 1497398400
1974 1676 1376870400
1974 226 1423872000
1974 3014 1424304000
1974 25 1455148800
1974 25 1455148800
1974 39 1520121600
1975 1676 1371859200
1975 1631 1371859200
1975 1823 1371859200
1975 2524 1385424000
1975 1631 1385424000
1976 1676 1291939200
1976 559 1335830400
1976 1638 1353974400
1976 1474 1355875200
1976 160 1361318400
1976 44 1371772800
1976 570 1491177600
1977 643 1461715200
1977 525 1464048000
1977 167 1464048000
1977 398 1466553600
1977 398 1466553600
1978 3015 1286409600
1978 3015 1286409600
1978 525 1421366400
1978 3016 1507680000
1978 3017 1507680000
1978 3018 1507680000
1978 3019 1507680000
1979 397 1376438400
1979 397 1376438400
1979 421 1376438400
1979 525 1376524800
1979 397 1384646400
1979 397 1384646400
1980 162 1316563200
1980 525 1367020800
1980 523 1367107200
1980 25 1372809600
1980 25 1372809600
1980 1823 1373328000
1981 525 1362355200
1981 2333 1376956800
1981 1363 1378771200
1981 3022 1414368000
1981 392 1479859200
1981 3021 1504483200
1981 3020 1514073600
1982 525 1345593600
1982 2580 1350864000
1982 59 1355270400
1982 711 1370304000
1982 3030 1384128000
1982 2965 1385337600
1982 1787 1385424000
1982 3025 1388448000
1982 19 1388448000
1982 3026 1389484800
1982 3027 1400630400
1982 233 1413763200
1982 58 1420502400
1982 3024 1424044800
1982 6 1429401600
1982 940 1430092800
1982 3023 1442880000
1982 299 1446422400
1982 3028 1457740800
1982 3031 1458259200
1982 1183 1466208000
1982 826 1467417600
1982 997 1469491200
1982 1047 1470096000
1982 3035 1470096000
1982 3033 1471564800
1982 309 1473033600
1982 1202 1473724800
1982 347 1474934400
1982 576 1478476800
1982 2020 1478822400
1982 3029 1479686400
1982 577 1480982400
1982 322 1485216000
1982 171 1485475200
1982 741 1486598400
1982 741 1486598400
1982 749 1486944000
1982 751 1486944000
1982 71 1488412800
1982 741 1492214400
1982 741 1492214400
1982 3034 1492214400
1982 985 1502668800
1982 671 1502755200
1982 1254 1503273600
1982 306 1504483200
1982 3032 1509753600
1982 901 1510876800
1982 342 1524528000
1982 1094 1524700800
1982 1138 1525478400
1982 1066 1526601600
1982 1315 1526601600
1983 3011 1358726400
1983 3037 1358726400
1983 3038 1359158400
1983 2369 1364256000
1983 3036 1388448000
1983 1558 1514073600
1984 2914 1374019200
1984 92 1387152000
1984 3039 1387152000
1984 3011 1396310400
1984 172 1427587200
1984 2516 1442275200
1984 1060 1509235200
1985 3011 1394928000
1985 3040 1449014400
1985 3025 1449014400
1985 3041 1481673600
1985 3042 1481673600
1985 2640 1483833600
1986 3011 1391990400
1986 823 1394409600
1986 711 1395273600
1986 1468 1395273600
1986 1460 1395273600
1986 2014 1399248000
1987 397 1410480000
1987 397 1410480000
1987 421 1410480000
1987 217 1413244800
1987 218 1413244800
1987 50 1415145600
1987 397 1415923200
1987 397 1415923200
1987 59 1416182400
1987 1252 1417132800
1987 36 1417824000
1987 3043 1424131200
1987 397 1427500800
1987 397 1427500800
1987 397 1427500800
1987 397 1427500800
1987 421 1427500800
1987 189 1429142400
1987 3044 1445385600
1987 398 1467936000
1987 398 1467936000
1988 1252 1392854400
1988 892 1395273600
1988 892 1395273600
1988 240 1466035200
1988 279 1510099200
1988 1270 1525478400
1989 1252 1392768000
1989 1392 1392768000
1989 1392 1392768000
1989 973 1400198400
1989 349 1405555200
1989 353 1405555200
1989 1218 1443225600
1989 894 1448755200
1989 171 1494115200
1989 1109 1494115200
1989 172 1496102400
1990 792 1322611200
1990 792 1322611200
1990 1252 1392768000
1990 1220 1418428800
1990 274 1473811200
1990 1137 1474848000
1990 1008 1481846400
1991 1252 1392595200
1991 1392 1392595200
1991 1392 1392595200
1991 258 1395273600
1991 665 1438819200
1991 1131 1438819200
1991 930 1445990400
1991 298 1448668800
1991 81 1460419200
1992 1392 1390867200
1992 1392 1390867200
1992 1252 1392336000
1992 256 1393632000
1992 1185 1414454400
1992 921 1415491200
1992 200 1425513600
1992 244 1428969600
1992 290 1431734400
1993 1252 1391904000
1993 1127 1416009600
1993 1168 1431820800
1993 281 1432166400
1993 998 1488931200
1993 39 1499385600
1994 1252 1391558400
1994 988 1397692800
1994 961 1405987200
1994 1223 1451779200
1994 320 1490659200
1994 1027 1491955200
1994 1143 1523145600
1995 1252 1391558400
1995 76 1415750400
1995 1274 1438300800
1995 1379 1464998400
1995 1055 1464998400
1995 1087 1466121600
1995 1418 1472169600
1995 1171 1472774400
1995 1093 1478736000
1995 1169 1479513600
1995 270 1503792000
1995 1092 1510531200
1995 1048 1532131200
1996 1252 1391385600
1996 892 1391385600
1996 892 1391385600
1996 1185 1414886400
1996 931 1424131200
1996 1441 1433289600
1997 105 1377129600
1997 253 1379376000
1997 1252 1391299200
1997 1307 1397520000
1997 1433 1417478400
1997 274 1418947200
1997 197 1422316800
1997 931 1424304000
1997 1053 1440460800
1997 1219 1445299200
1997 321 1452297600
1997 485 1460073600
1997 373 1467244800
1997 896 1477267200
1997 1037 1482278400
1997 1216 1482451200
1997 998 1488758400
1997 316 1526860800
1998 1068 1373155200
1998 1252 1391212800
1998 1218 1443571200
1998 1461 1463616000
1998 670 1464566400
1998 991 1472860800
1998 991 1472860800
1998 252 1478131200
1998 1213 1522800000
1999 497 1127174400
1999 1252 1391040000
1999 1085 1391040000
1999 256 1392768000
1999 1236 1392768000
1999 349 1400112000
1999 353 1400112000
1999 1457 1414454400
1999 1237 1415145600
1999 1150 1426464000
1999 1274 1438214400
1999 1054 1441756800
1999 2104 1511308800
2000 1252 1391040000
2000 1201 1417305600
2000 1069 1419552000
2000 681 1441756800
2000 681 1441756800
2000 1352 1445299200
2000 974 1474070400
2000 974 1474070400
2000 1290 1486512000
2000 1092 1508630400
2001 3045 1373155200
2001 122 1399680000
2001 1238 1412985600
2001 1228 1442361600
2001 1376 1449705600
2001 267 1475712000
2002 122 1501200000
2002 125 1505174400
2002 398 1505174400
2002 125 1505174400
2002 398 1505174400
2002 1895 1507680000
2003 3046 1451779200
2003 2359 1453593600
2003 122 1465603200
2003 3047 1484179200
2003 3 1487289600
2004 3048 1461369600
2004 92 1461456000
2004 122 1462147200
2004 44 1462147200
2004 1707 1462579200
2004 1305 1462752000
2004 1885 1467244800
2004 1885 1467244800
2005 3020 1406246400
2005 17 1433548800
2005 122 1435708800
2005 131 1446595200
2005 2833 1448409600
2005 398 1524528000
2005 398 1524528000
2006 122 1432944000
2006 2946 1432944000
2006 3053 1441324800
2006 1672 1442966400
2006 3052 1448323200
2006 602 1464912000
2006 3051 1464912000
2006 373 1465862400
2006 3049 1465862400
2006 713 1465862400
2006 3050 1466640000
2007 3054 1413072000
2007 1953 1413072000
2007 122 1416182400
2007 3055 1427328000
2007 2441 1434499200
2008 1050 1372204800
2008 122 1403308800
2008 973 1403308800
2008 196 1403308800
2008 350 1404691200
2008 1051 1404691200
2008 1127 1415145600
2008 357 1423008000
2008 1228 1441843200
2008 825 1446940800
2008 375 1468972800
2008 71 1498089600
2009 988 1399420800
2009 122 1402704000
2009 343 1441411200
2009 308 1443830400
2009 1054 1443830400
2009 942 1447891200
2009 1028 1447891200
2009 1017 1458086400
2009 914 1458691200
2009 1304 1459728000
2009 485 1460678400
2009 1122 1484179200
2009 1062 1490832000
2009 950 1493078400
2009 1036 1493078400
2010 122 1402531200
2010 1051 1403740800
2010 1201 1416614400
2010 894 1447200000
2010 512 1447200000
2010 1017 1459209600
2010 240 1468713600
2010 824 1496793600
2010 246 1525478400
2011 122 1401321600
2011 1157 1419897600
2011 3056 1424649600
2011 1082 1447027200
2011 1019 1469318400
2011 1250 1483747200
2011 1242 1489363200
2011 672 1502064000
2011 1029 1524268800
2012 372 1399939200
2012 122 1401062400
2012 1158 1416268800
2012 1359 1416441600
2012 1438 1418601600
2012 198 1421193600
2012 283 1430352000
2012 68 1434412800
2012 1183 1469664000
2012 311 1528675200
2012 1313 1528675200
2012 39 1528675200
2013 1155 1394841600
2013 122 1400976000
2013 346 1406592000
2013 1192 1406592000
2013 1276 1414627200
2013 715 1417824000
2013 1292 1446249600
2013 952 1450051200
2013 1080 1458086400
2013 670 1464220800
2014 1085 1391126400
2014 122 1400976000
2014 346 1408752000
2014 1010 1418169600
2014 198 1421366400
2014 665 1430438400
2014 283 1430438400
2015 1050 1371686400
2015 122 1400630400
2015 973 1401148800
2015 1237 1412985600
2015 355 1414454400
2015 975 1415404800
2015 1201 1416096000
2015 1179 1446163200
2015 148 1460937600
2015 1304 1461024000
2015 1024 1483401600
2015 1229 1492387200
2015 1231 1492387200
2015 39 1499385600
2015 335 1499385600
2015 2183 1510963200
2016 122 1400371200
2016 1043 1401321600
2016 1410 1421193600
2016 1281 1431648000
2016 1484 1442707200
2016 305 1444953600
2016 498 1449532800
2016 958 1449964800
2016 1229 1492300800
2016 1231 1492300800
2017 1067 1370995200
2017 122 1400284800
2017 1007 1408406400
2017 1081 1415664000
2017 1010 1417478400
2017 1172 1430697600
2017 905 1470873600
2017 3057 1496534400
2017 335 1498003200
2017 235 1525996800
2017 33 1526515200
2017 1048 1529107200
2018 3058 1236297600
2018 828 1283299200
2018 528 1393545600
2018 988 1397692800
2018 122 1400112000
2018 2872 1407974400
2018 2872 1407974400
2018 1081 1415318400
2018 343 1443052800
2018 1136 1445558400
2018 1452 1448582400
2018 330 1453161600
2018 893 1457654400
2018 1055 1463702400
2018 1135 1467244800
2018 373 1467244800
2018 270 1468281600
2018 271 1468281600
2018 1001 1472428800
2018 1041 1472774400
2018 1041 1472774400
2018 991 1472947200
2018 991 1472947200
2018 344 1473465600
2018 344 1473465600
2018 1356 1478822400
2018 3060 1483574400
2018 998 1489276800
2018 3059 1490918400
2018 302 1492992000
2018 335 1497916800
2018 2926 1510617600
2018 937 1523491200
2018 1194 1523491200
2018 1090 1525046400
2018 1138 1525478400
2019 122 1400112000
2019 352 1400112000
2019 1051 1403049600
2019 1126 1415059200
2019 1126 1415059200
2019 681 1441238400
2019 681 1441238400
2019 825 1445817600
2019 330 1454284800
2019 3061 1462320000
2019 668 1523923200
2020 122 1400025600
2020 1235 1414972800
2020 1235 1414972800
2020 1302 1415232000
2020 3062 1452729600
2020 485 1460505600
2020 905 1470182400
2020 308 1474329600
2020 325 1476835200
2021 122 1400025600
2021 1380 1437696000
2021 67 1446508800
2021 1196 1447545600
2021 27 1474761600
2021 267 1475193600
2021 243 1485734400
2021 1060 1486080000
2021 1045 1486944000
2021 953 1532217600
2022 122 1399939200
2022 1410 1421884800
2022 1080 1461024000
2022 1167 1498608000
2022 1115 1513036800
2023 3063 1352937600
2023 122 1399852800
2023 973 1403568000
2023 346 1407456000
2023 302 1493596800
2024 122 1399680000
2024 929 1415232000
2024 929 1415232000
2024 1059 1416614400
2024 1413 1417564800
2024 291 1432684800
2025 3036 1446422400
2025 1941 1446422400
2025 1988 1466121600
2025 2957 1467676800
2025 794 1471046400
2026 1988 1422576000
2026 209 1422576000
2026 209 1422576000
2026 3065 1422576000
2026 3064 1424044800
2027 3066 1357603200
2027 3067 1365120000
2027 2452 1453852800
2027 2297 1482364800
2027 3068 1496188800
2027 787 1498694400
2028 2870 1200009600
2028 2870 1200009600
2028 3069 1325376000
2028 2452 1357776000
2028 704 1505174400
2028 3070 1505174400
2029 3077 1281744000
2029 2700 1286841600
2029 3071 1290038400
2029 3071 1290038400
2029 286 1294012800
2029 3081 1297900800
2029 3074 1304380800
2029 3073 1307404800
2029 3072 1321574400
2029 3075 1329004800
2029 2370 1332892800
2029 1210 1333670400
2029 2452 1334361600
2029 1808 1334620800
2029 1713 1335052800
2029 3006 1336348800
2029 2095 1336521600
2029 1695 1336608000
2029 1695 1336608000
2029 423 1339545600
2029 3078 1345420800
2029 3080 1346457600
2029 411 1356220800
2029 3076 1358812800
2029 50 1363305600
2029 3079 1367280000
2029 198 1420243200
2029 357 1420588800
2029 197 1420761600
2029 1159 1421366400
2029 1121 1433030400
2029 308 1443312000
2029 273 1447718400
2029 1141 1450828800
2029 246 1527292800
2030 3082 1373328000
2030 3083 1373328000
2030 100 1373328000
2030 3083 1406419200
2030 734 1406419200
2030 605 1406419200
2030 1995 1406419200
2030 2413 1520812800
2031 1060 1426982400
2031 3084 1439942400
2031 2557 1441670400
2031 1324 1441670400
2031 162 1441670400
2031 3085 1447891200
2031 3082 1455580800
2031 1142 1455580800
2032 3082 1421712000
2032 2272 1475107200
2032 252 1478563200
2032 1142 1483056000
2032 169 1483488000
2032 243 1488326400
2032 894 1505174400
2032 272 1523577600
2033 3087 1393804800
2033 3082 1395619200
2033 761 1395619200
2033 3086 1395619200
2033 1411 1396224000
2033 392 1413676800
2034 2422 1362355200
2034 3088 1381536000
2034 3088 1381536000
2034 3089 1381536000
2034 1699 1383696000
2034 3090 1420588800
2034 2013 1426723200
2034 1930 1432684800
2034 1324 1433116800
2034 304 1443744000
2034 288 1444953600
2034 261 1445904000
2034 824 1447113600
2034 971 1453161600
2034 72 1453248000
2034 266 1458604800
2034 896 1458777600
2034 628 1460678400
2034 240 1465948800
2034 974 1474588800
2034 1140 1474588800
2034 1202 1476057600
2034 243 1485561600
2034 1253 1485648000
2034 1060 1485648000
2034 1239 1485648000
2034 1226 1485648000
2034 1298 1486080000
2034 1298 1486080000
2034 1045 1486080000
2034 1113 1486080000
2034 788 1486771200
2034 1091 1487289600
2034 171 1487289600
2034 955 1487289600
2034 917 1487376000
2034 1109 1487376000
2034 899 1487376000
2034 302 1487980800
2034 172 1488758400
2034 1139 1488844800
2034 1178 1488931200
2034 619 1490054400
2034 1164 1490054400
2034 1027 1491523200
2034 1133 1494288000
2034 1133 1494288000
2034 311 1498176000
2034 264 1498176000
2034 39 1498953600
2034 39 1499731200
2034 1256 1509148800
2034 249 1525392000
2034 340 1530144000
2035 1423 1299888000
2035 2002 1299974400
2035 665 1299974400
2035 3091 1299974400
2035 2001 1301184000
2035 387 1302825600
2035 1118 1416614400
2035 1158 1435795200
2035 2797 1443398400
2035 3092 1443398400
2035 3093 1443398400
2035 3095 1443398400
2035 950 1504569600
2035 3094 1512864000
2035 33 1525392000
2036 497 1437004800
2036 286 1437091200
2036 3097 1437350400
2036 3096 1449360000
2036 516 1449360000
2037 791 1411344000
2037 286 1417046400
2037 3098 1417046400
2037 442 1447632000
2037 442 1447632000
2037 445 1447632000
2038 286 1414972800
2038 3099 1434672000
2038 790 1481414400
2038 1720 1515801600
2038 1048 1527984000
2039 2597 1399334400
2039 643 1402272000
2039 609 1403308800
2039 286 1407628800
2039 497 1414800000
2039 92 1430092800
2040 286 1293321600
2040 2697 1364169600
2040 397 1399852800
2040 397 1399852800
2040 3100 1404777600
2041 2092 1411776000
2041 3103 1411776000
2041 3101 1454025600
2041 2798 1454025600
2041 3102 1454025600
2041 1645 1480464000
2041 230 1493164800
2041 611 1522540800
2041 1447 1522540800
2042 230 1449100800
2042 2002 1449100800
2042 643 1474848000
2042 2263 1501113600
2042 958 1530576000
2043 230 1372809600
2043 397 1372809600
2043 397 1372809600
2043 523 1372809600
2043 166 1394841600
2043 239 1396828800
2044 387 1399334400
2044 2002 1415836800
2044 965 1415836800
2044 168 1415836800
2044 1189 1415836800
2045 965 1398556800
2045 3104 1454284800
2045 587 1459209600
2045 587 1459209600
2045 1539 1459209600
2046 2455 1407283200
2046 638 1425945600
2046 2684 1425945600
2046 2685 1425945600
2046 145 1425945600
2047 3107 1412121600
2047 3105 1420934400
2047 649 1422403200
2047 649 1422403200
2047 3106 1429920000
2048 2829 1448150400
2048 2489 1448150400
2048 1526 1448150400
2048 25 1470182400
2048 25 1470182400
2048 3108 1470182400
2049 3109 1428969600
2049 818 1428969600
2049 1565 1428969600
2049 2002 1432684800
2049 819 1432684800
2049 21 1434931200
2049 3110 1434931200
2050 2002 1352764800
2050 2002 1383955200
2050 3111 1463529600
2050 2542 1468972800
2050 2535 1470441600
2051 2002 1376006400
2051 587 1402012800
2051 587 1402012800
2051 151 1472515200
2051 3112 1499904000
2052 2002 1346544000
2052 3113 1346716800
2052 647 1349481600
2052 587 1349481600
2052 587 1349481600
2053 2002 1236038400
2053 1247 1414627200
2053 1410 1421020800
2053 290 1430784000
2053 1168 1432339200
2053 1289 1445385600
2053 1445 1458259200
2053 1249 1459555200
2053 369 1468281600
2053 375 1468886400
2053 338 1478649600
2053 2742 1479168000
2053 322 1484956800
2053 172 1486166400
2053 1037 1488585600
2053 80 1490918400
2053 1229 1491091200
2053 1231 1491091200
2053 1955 1491091200
2053 551 1494633600
2053 943 1496534400
2053 39 1498262400
2053 944 1501113600
2053 299 1501718400
2053 251 1502582400
2053 1124 1502841600
2053 270 1503792000
2053 909 1504483200
2053 1212 1520121600
2053 1404 1532736000
2054 2684 1412553600
2054 2685 1412553600
2054 1737 1412553600
2054 3114 1430352000
2054 2912 1500336000
2054 2913 1500336000
2055 1050 1370649600
2055 973 1400025600
2055 665 1430006400
2055 2912 1492300800
2055 2913 1492300800
2055 249 1525737600
2056 2904 1436745600
2056 1703 1436745600
2056 1703 1436745600
2056 301 1436745600
2056 3115 1490140800
2057 675 1437782400
2057 2912 1442534400
2057 206 1442534400
2057 2913 1442534400
2057 484 1442534400
2058 88 1258243200
2058 2912 1429747200
2058 2913 1429747200
2058 2072 1470009600
2058 2072 1470009600
2059 2912 1420416000
2059 423 1420416000
2059 2913 1420416000
2059 618 1420416000
2059 423 1425427200
2060 399 1237075200
2060 3116 1371168000
2060 2912 1381017600
2060 2913 1381017600
2060 388 1409270400
2060 575 1440892800
2060 479 1455840000
2061 3117 1322179200
2061 180 1357171200
2061 180 1357171200
2061 1614 1447804800
2061 467 1447804800
2062 666 1490313600
2062 666 1490313600
2062 125 1490745600
2062 125 1490745600
2062 1971 1490745600
2062 783 1490745600
2062 924 1497225600
2062 2884 1497225600
2063 1373 1367625600
2063 3118 1367625600
2063 924 1475280000
2063 2884 1475280000
2063 3119 1519084800
2064 924 1438214400
2064 2884 1438214400
2064 324 1490140800
2064 3120 1490140800
2064 271 1490140800
2065 924 1416614400
2065 606 1419552000
2065 3121 1444003200
2065 442 1444003200
2065 442 1444003200
2065 445 1444003200
2066 1672 1302220800
2066 422 1323129600
2066 422 1323129600
2066 924 1325548800
2066 2884 1325548800
2066 1960 1395187200
2067 1525 1374796800
2067 2314 1374796800
2067 2314 1374796800
2067 3123 1399334400
2067 3123 1399334400
2067 3122 1428883200
2067 3122 1428883200
2067 1874 1496534400
2068 1525 1368576000
2068 1909 1368576000
2068 2312 1368576000
2068 1909 1368576000
2068 2312 1368576000
2069 2354 1393459200
2069 1525 1454457600
2069 1909 1454457600
2069 2312 1454457600
2069 3124 1454457600
2069 1909 1454457600
2069 2312 1454457600
2069 3124 1454457600
2069 3125 1454457600
2070 2974 1414972800
2070 665 1423180800
2070 2312 1423180800
2070 478 1423180800
2070 2312 1423180800
2070 478 1423180800
2070 3126 1423180800
2070 1525 1428019200
2070 3122 1428019200
2070 3122 1428019200
2071 1131 1430870400
2071 665 1431388800
2071 290 1431648000
2071 219 1440460800
2071 220 1440460800
2072 197 1421107200
2072 284 1425340800
2072 665 1430697600
2072 293 1433808000
2072 1287 1457136000
2072 914 1457827200
2072 1052 1457827200
2072 1033 1459296000
2072 1164 1486252800
2072 86 1491177600
2072 943 1498694400
2072 1204 1502755200
2072 1915 1516320000
2072 667 1517702400
2072 249 1525392000
2072 1405 1526342400
2072 1048 1529020800
2073 1307 1394582400
2073 972 1419120000
2073 665 1430524800
2073 1459 1434672000
2073 317 1447113600
2073 1134 1447459200
2073 1376 1449705600
2073 946 1488499200
2073 1259 1533686400
2074 194 1377648000
2074 339 1391904000
2074 339 1391904000
2074 1236 1392508800
2074 275 1396224000
2074 665 1430092800
2074 1088 1431302400
2074 247 1431734400
2074 304 1443571200
2074 308 1444089600
2074 512 1445817600
2074 670 1464307200
2074 270 1468281600
2074 1171 1473897600
2074 1239 1486598400
2074 1102 1498521600
2074 913 1498867200
2074 226 1499472000
2074 39 1499731200
2074 938 1511568000
2074 1123 1523318400
2074 323 1524614400
2075 665 1429920000
2075 1168 1430956800
2075 1172 1431475200
2075 527 1443312000
2075 1130 1458691200
2075 1156 1461715200
2075 1012 1470787200
2075 363 1470787200
2075 998 1488758400
2075 1296 1516752000
2075 1116 1526342400
2076 350 1410220800
2076 1359 1416700800
2076 1069 1422230400
2076 960 1423699200
2076 665 1429920000
2077 1307 1392854400
2077 1092 1392854400
2077 665 1429920000
2077 1289 1445904000
2077 285 1456704000
2077 1134 1456790400
2077 995 1456790400
2077 67 1456790400
2078 665 1172620800
2078 447 1177459200
2078 63 1398556800
2078 1046 1403568000
2078 1302 1416528000
2078 357 1422057600
2078 1423 1424044800
2078 1117 1429920000
2078 2328 1430697600
2078 918 1430784000
2078 68 1435190400
2078 363 1469923200
2078 370 1471132800
2078 619 1487116800
2078 1300 1502064000
2078 1315 1526428800
2079 2430 1442016000
2079 191 1442016000
2079 192 1442016000
2079 3083 1448841600
2079 835 1459209600
2080 3128 1389571200
2080 427 1439596800
2080 3083 1444348800
2080 427 1444348800
2080 427 1444348800
2080 3127 1444348800
2081 397 1421193600
2081 397 1421193600
2081 2648 1434931200
2081 3129 1434931200
2081 787 1464912000
2081 2435 1503014400
2082 918 1454371200
2082 787 1463097600
2082 3130 1463097600
2082 3131 1463097600
2082 292 1463097600
2082 967 1463097600
2082 3132 1463097600
2083 787 1458691200
2083 792 1458691200
2083 398 1458691200
2083 792 1458691200
2083 398 1458691200
2083 50 1458691200
2084 144 1290470400
2084 2347 1300233600
2084 2347 1300233600
2084 1460 1303603200
2084 3133 1307404800
2085 1598 1461628800
2085 3134 1461628800
2085 1153 1461628800
2085 1599 1461628800
2085 3135 1462924800
2086 1598 1460246400
2086 3136 1460246400
2086 1127 1460246400
2086 3137 1460246400
2086 3138 1460246400
2087 3139 1205971200
2087 2886 1205971200
2087 1747 1205971200
2087 2886 1205971200
2087 1747 1205971200
2087 3140 1205971200
2088 3141 1469404800
2088 1739 1474329600
2088 2120 1474329600
2088 1747 1474329600
2088 2120 1474329600
2088 1747 1474329600
2089 1739 1470355200
2089 2126 1470355200
2089 2120 1470355200
2089 2120 1470355200
2089 2494 1470355200
2089 3142 1470355200
2090 2125 1207267200
2090 1739 1207267200
2090 2494 1207267200
2090 2126 1207267200
2090 3143 1207267200
2091 2125 1205366400
2091 1739 1205366400
2091 2126 1205366400
2091 2886 1205366400
2091 2886 1205366400
2092 2433 1427241600
2092 1739 1457654400
2092 3144 1484784000
2092 2702 1484784000
2092 3145 1484784000
2093 2125 1376265600
2093 1645 1376265600
2093 3146 1376265600
2093 2288 1417219200
2093 1427 1456185600
2093 3147 1479254400
2094 1739 1456185600
2094 90 1505174400
2094 91 1505174400
2094 1784 1510531200
2094 3148 1510531200
2095 2494 1424131200
2095 1737 1424131200
2095 1739 1426636800
2095 2126 1426636800
2095 1457 1426636800
2096 2125 1402185600
2096 3139 1403049600
2096 2315 1406505600
2096 2315 1406505600
2096 2126 1414022400
2096 1727 1416182400
2096 1739 1420243200
2096 2120 1420243200
2096 2120 1420243200
2096 1413 1445040000
2097 1747 1412899200
2097 1747 1412899200
2097 1788 1412899200
2097 3149 1412899200
2097 1739 1417132800
2098 1739 1400544000
2098 2938 1400544000
2098 1740 1400544000
2098 2120 1400544000
2098 1747 1400544000
2098 2120 1400544000
2098 1747 1400544000
2099 1739 1392422400
2099 2886 1392422400
2099 2120 1392422400
2099 1747 1392422400
2099 2886 1392422400
2099 2120 1392422400
2099 1747 1392422400
2099 1431 1392422400
2099 3140 1392422400
2099 2934 1392422400
2100 1739 1363996800
2100 379 1374624000
2100 1747 1419379200
2100 1747 1419379200
2100 3150 1419379200
2101 1739 1328140800
2101 2921 1332460800
2101 1740 1339891200
2101 2 1361577600
2101 489 1361577600
2101 489 1361577600
2102 1729 1247702400
2102 1739 1253923200
2102 534 1403136000
2102 350 1403136000
2102 1457 1413331200
2102 1237 1413504000
2102 1238 1413590400
2102 1235 1413849600
2102 1235 1413849600
2102 2079 1417564800
2102 1157 1420070400
2102 1241 1437436800
2102 1222 1437523200
2102 1268 1437609600
2102 1061 1446249600
2102 1752 1468713600
2102 1039 1474416000
2102 1106 1475193600
2103 1739 1210809600
2103 2317 1210809600
2103 2495 1210809600
2103 2886 1210809600
2103 2886 1210809600
2103 3143 1210809600
2103 2938 1211500800
2104 187 1458086400
2104 189 1462924800
2104 2430 1475280000
2104 493 1475280000
2104 188 1491868800
2104 3152 1491868800
2104 3151 1494892800
2105 3151 1388102400
2105 3155 1388102400
2105 1946 1390867200
2105 1946 1390867200
2105 3153 1390867200
2105 3154 1419811200
2106 1740 1424217600
2106 1747 1424217600
2106 1747 1424217600
2106 2708 1424217600
2106 1710 1506470400
2107 3156 1364774400
2107 2120 1374537600
2107 2120 1374537600
2107 1740 1383436800
2107 1729 1416614400
2108 757 1349654400
2108 1740 1383091200
2108 2708 1383091200
2108 2702 1469404800
2108 2702 1469404800
2109 2120 1271894400
2109 2120 1271894400
2109 1740 1289952000
2109 3158 1365379200
2109 3157 1384560000
2110 3161 1286409600
2110 1197 1337040000
2110 2535 1343260800
2110 3162 1343260800
2110 3160 1353628800
2110 3163 1353888000
2110 3163 1354924800
2110 3164 1354924800
2110 3119 1354924800
2110 2172 1354924800
2110 3159 1355011200
2110 2957 1355443200
2110 2468 1357257600
2110 1001 1408665600
2110 104 1527206400
2111 2426 1424649600
2111 23 1438646400
2111 3166 1442188800
2111 92 1442793600
2111 3167 1473379200
2111 44 1479859200
2111 3165 1485043200
2111 2957 1489276800
2111 1808 1493769600
2112 2957 1403654400
2112 3168 1404345600
2112 1013 1486425600
2112 44 1513641600
2112 3169 1523145600
2112 2085 1525910400
2113 219 1353801600
2113 190 1354233600
2113 190 1354233600
2113 190 1355097600
2113 1909 1369094400
2113 1909 1369094400
2113 3170 1392854400
2113 697 1393286400
2113 3172 1394668800
2113 3173 1394755200
2113 3171 1398643200
2113 3155 1417392000
2114 3171 1437350400
2114 1817 1440806400
2114 1817 1440806400
2114 697 1440806400
2114 938 1474848000
2114 3174 1474848000
2114 1943 1488412800
2114 2461 1503187200
2115 3176 1454889600
2115 1548 1463443200
2115 1605 1470873600
2115 598 1470873600
2115 620 1470873600
2115 3177 1470873600
2115 3175 1474675200
2115 119 1479945600
2116 1657 1406851200
2116 506 1406851200
2116 765 1406851200
2116 2522 1417392000
2116 1548 1433894400
2117 1548 1413417600
2117 2564 1413417600
2117 2339 1413417600
2117 3178 1413417600
2117 3179 1413417600
2118 2228 1376006400
2118 1134 1376006400
2118 1548 1405209600
2118 3182 1405209600
2118 1548 1405555200
2118 2466 1410912000
2118 187 1468713600
2118 3180 1477612800
2118 3181 1477612800
2119 1548 1258588800
2119 1548 1261958400
2119 1548 1273881600
2119 1548 1280966400
2119 3183 1285286400
2119 3184 1404604800
2120 17 1441756800
2120 1696 1443657600
2120 2684 1446163200
2120 2685 1446163200
2120 3185 1460764800
2121 1731 1478390400
2121 1077 1492646400
2121 1245 1493510400
2121 983 1493510400
2121 894 1505433600
2121 1260 1532995200
2122 1731 1457136000
2122 2557 1457136000
2122 1628 1457136000
2122 393 1457136000
2122 3186 1457136000
2122 673 1504483200
2123 1731 1422144000
2123 3012 1422144000
2123 3187 1422144000
2123 1970 1422144000
2123 44 1430697600
2123 210 1430697600
2124 2172 1356566400
2124 3188 1401062400
2124 2470 1442534400
2124 1568 1474329600
2124 596 1493251200
2124 2614 1494892800
2124 2234 1503878400
2124 3189 1503878400
2124 2 1520121600
2124 3190 1530316800
2125 3005 1427328000
2125 2 1444521600
2125 801 1479513600
2125 125 1501977600
2125 125 1501977600
2126 2870 1371081600
2126 2870 1371081600
2126 2950 1407888000
2126 2 1427760000
2126 2058 1440979200
2126 39 1448409600
2127 3191 1375920000
2127 2431 1442620800
2127 2431 1442620800
2127 287 1521504000
2127 1911 1521504000
2128 1537 1374537600
2128 129 1399334400
2128 129 1407369600
2128 287 1518912000
2128 845 1523145600
2129 2054 1473724800
2129 398 1473724800
2129 398 1473724800
2129 2588 1473724800
2129 287 1504656000
2129 801 1504656000
2130 2 1388102400
2130 442 1456876800
2130 442 1456876800
2130 445 1456876800
2130 3192 1482537600
2131 1896 1427241600
2131 1896 1427241600
2131 287 1499299200
2131 2836 1517616000
2131 1820 1527033600
2132 287 1293062400
2132 2 1369008000
2132 424 1479081600
2132 165 1479945600
2132 1467 1494979200
2133 1184 1373500800
2133 258 1392336000
2133 1636 1399420800
2133 3193 1399420800
2133 1438 1418860800
2133 1441 1435017600
2133 330 1454544000
2133 1112 1467072000
2133 1031 1467676800
2133 3049 1468368000
2133 351 1468800000
2133 905 1470009600
2133 371 1470700800
2133 1003 1483488000
2133 287 1487721600
2134 3194 1472860800
2134 287 1485734400
2134 1915 1485734400
2134 1970 1485734400
2134 465 1517097600
2135 2 1360713600
2135 658 1395273600
2135 1073 1444608000
2135 1349 1445558400
2135 85 1449014400
2135 934 1466035200
2135 1437 1472947200
2135 1022 1479340800
2135 1296 1516147200
2135 953 1534032000
2136 50 1269388800
2136 50 1273017600
2136 2 1355875200
2136 2366 1399680000
2136 51 1425081600
2136 2861 1451433600
2136 2950 1451433600
2136 999 1451865600
2136 2022 1473120000
2137 442 1333584000
2137 442 1333584000
2137 3195 1333584000
2137 445 1333584000
2137 2 1333756800
2138 442 1405296000
2138 442 1405296000
2138 445 1405296000
2138 287 1463097600
2138 599 1527120000
2139 287 1447372800
2139 386 1447372800
2139 3196 1447372800
2139 2464 1447372800
2139 3197 1447372800
2139 3198 1447372800
2140 3199 1419811200
2140 3199 1419811200
2140 3200 1419811200
2140 287 1439251200
2140 685 1491264000
2141 2464 1337472000
2141 1695 1374624000
2141 1695 1374624000
2141 287 1438473600
2141 1820 1438473600
2141 1645 1439856000
2141 3201 1439856000
2142 287 1430352000
2142 876 1430352000
2142 3202 1430352000
2142 876 1430352000
2142 3202 1430352000
2142 1467 1457308800
2143 287 1428278400
2143 1703 1441152000
2143 1703 1441152000
2143 1100 1486598400
2143 3203 1486598400
2143 1394 1486598400
2144 287 1423008000
2144 861 1492473600
2144 537 1502582400
2144 861 1502582400
2144 539 1502582400
2144 143 1502582400
2145 287 1410825600
2145 521 1511913600
2145 802 1511913600
2145 3204 1511913600
2145 136 1511913600
2145 3205 1511913600
2146 1143 1386547200
2146 1143 1386547200
2146 287 1406505600
2146 346 1428278400
2146 1536 1443744000
2147 287 1366761600
2147 3206 1420156800
2147 442 1471564800
2147 442 1471564800
2147 445 1471564800
2148 287 1291161600
2148 919 1409875200
2148 345 1416268800
2148 1069 1417651200
2148 1423 1422489600
2148 193 1422489600
2148 310 1422489600
2148 948 1422835200
2148 954 1422835200
2148 1150 1423440000
2148 3210 1423440000
2148 3208 1424390400
2148 59 1426204800
2148 2630 1426204800
2148 967 1426204800
2148 166 1427673600
2148 3207 1428969600
2148 1407 1433462400
2148 1352 1445212800
2148 995 1445731200
2148 1028 1447977600
2148 2427 1450396800
2148 2427 1450483200
2148 2427 1451952000
2148 2427 1452470400
2148 7 1455062400
2148 1448 1455667200
2148 3209 1456790400
2148 914 1457654400
2148 170 1457654400
2148 1149 1458086400
2148 367 1458086400
2148 277 1458691200
2148 563 1459555200
2148 351 1466726400
2148 895 1467849600
2148 905 1468800000
2148 959 1474934400
2148 1119 1479168000
2148 1009 1480550400
2148 796 1480896000
2148 1008 1480982400
2148 1175 1484524800
2148 824 1487203200
2148 1224 1489363200
2148 86 1489622400
2148 1077 1492473600
2148 1063 1492732800
2148 1133 1493078400
2148 1133 1493078400
2148 980 1493596800
2148 1058 1494201600
2148 299 1495065600
2148 1334 1501718400
2148 1145 1501718400
2148 84 1509494400
2148 1330 1523404800
2148 340 1529971200
2149 3212 1455494400
2149 3211 1474243200
2149 938 1510704000
2149 1177 1516752000
2149 782 1524700800
2149 551 1525046400
2149 235 1525651200
2149 1138 1525651200
2149 1259 1525651200
2149 1128 1527206400
2149 33 1529452800
2149 1144 1531612800
2150 1359 1416355200
2150 954 1424044800
2150 244 1428624000
2150 1061 1445472000
2150 1292 1445990400
2150 388 1450137600
2150 1104 1473292800
2150 78 1480032000
2150 1269 1480809600
2150 1250 1483488000
2150 1195 1491696000
2150 302 1492819200
2150 998 1492819200
2150 1124 1502150400
2150 248 1506902400
2150 282 1517529600
2150 235 1525305600
2150 249 1525737600
2150 1066 1526083200
2150 1270 1526169600
2151 2503 1318550400
2151 1701 1321833600
2151 1701 1321833600
2151 3073 1324339200
2151 3214 1339891200
2151 3213 1379635200
2151 3213 1379635200
2152 3215 1469491200
2152 2933 1478649600
2152 1726 1511568000
2152 3216 1524873600
2152 3216 1524960000
2152 2325 1530576000
2153 409 1375056000
2153 1858 1375056000
2153 1540 1375056000
2153 2479 1375056000
2153 1625 1471910400
2153 635 1471910400
2154 1487 1405468800
2154 416 1413331200
2154 1593 1413331200
2154 452 1413331200
2154 635 1413331200
2154 1625 1456790400
2155 1625 1423180800
2155 1487 1423180800
2155 3217 1423180800
2155 1593 1423180800
2155 1572 1423180800
2156 417 1363996800
2156 1625 1421280000
2156 416 1421280000
2156 1620 1421280000
2156 1530 1421280000
2156 452 1421280000
2157 1628 1418601600
2157 1625 1419897600
2157 728 1423008000
2157 2751 1423008000
2157 1487 1478476800
2158 1625 1387065600
2158 1631 1387065600
2158 8 1434412800
2158 25 1461110400
2158 25 1461110400
2158 12 1461110400
2158 1574 1461110400
2159 103 1405209600
2159 2406 1405209600
2159 2406 1405209600
2159 476 1405209600
2159 529 1405209600
2159 153 1473724800
2159 103 1484092800
2160 3212 1411862400
2160 3218 1411862400
2160 3219 1445385600
2160 3220 1445385600
2160 103 1460764800
2161 103 1439596800
2161 279 1439596800
2161 281 1439596800
2161 1092 1439596800
2161 3221 1439596800
2162 1441 1406764800
2162 163 1430611200
2162 3222 1430611200
2162 103 1432080000
2162 2928 1479686400
2162 2928 1479686400
2162 27 1509494400
2163 54 1387497600
2163 54 1387497600
2163 3227 1394323200
2163 3224 1397433600
2163 3228 1397433600
2163 103 1423267200
2163 597 1423267200
2163 863 1423267200
2163 3225 1423267200
2163 117 1423267200
2163 119 1426464000
2163 120 1426464000
2163 624 1426464000
2163 3223 1449100800
2163 2305 1462665600
2163 2782 1470268800
2163 3226 1470268800
2163 1810 1482192000
2163 104 1497398400
2163 153 1522368000
2163 3229 1531612800
2163 3230 1531612800
2163 3231 1531612800
2164 103 1406592000
2164 397 1416355200
2164 397 1416355200
2164 397 1416355200
2164 397 1416355200
2164 3232 1416355200
2164 421 1416355200
2164 1812 1472083200
2164 65 1494979200
2165 1709 1383609600
2165 1709 1383609600
2165 103 1400716800
2165 3233 1432684800
2165 1540 1456099200
2166 442 1374624000
2166 442 1374624000
2166 445 1374624000
2166 103 1391212800
2166 792 1446249600
2166 792 1446249600
2167 559 1389052800
2167 103 1389657600
2167 476 1393372800
2167 529 1393372800
2167 476 1401667200
2167 476 1401667200
2167 476 1401667200
2167 476 1401667200
2167 476 1401667200
2167 398 1420416000
2167 398 1420416000
2168 103 1358035200
2168 104 1363737600
2168 1989 1365811200
2168 793 1371600000
2168 3234 1418083200
2168 1567 1463875200
2169 103 1231286400
2169 1467 1316390400
2169 3236 1338336000
2169 3235 1355097600
2169 2321 1419724800
2170 442 1429574400
2170 442 1429574400
2170 3237 1485216000
2170 1823 1500508800
2170 789 1500508800
2171 650 1428537600
2171 64 1428537600
2171 656 1428537600
2171 462 1429056000
2171 2036 1443830400
2171 459 1449187200
2172 219 1326067200
2172 3238 1398729600
2172 461 1399766400
2172 462 1406160000
2172 1969 1408060800
2173 462 1405814400
2173 462 1405814400
2173 634 1408924800
2173 662 1420761600
2173 459 1430006400
2173 459 1430006400
2174 1864 1410393600
2174 3045 1410393600
2174 36 1419292800
2174 1024 1421971200
2174 2765 1456099200
2174 2765 1456099200
2174 482 1522540800
2174 1894 1522540800
2175 2472 1454284800
2175 3240 1454284800
2175 851 1455840000
2175 549 1455840000
2175 56 1455840000
2175 3239 1455840000
2176 851 1445385600
2176 504 1460073600
2176 3243 1468195200
2176 3242 1490745600
2176 3241 1523232000
2177 23 1376438400
2177 851 1441411200
2177 504 1441411200
2177 1343 1441411200
2177 442 1457136000
2177 442 1457136000
2177 445 1457136000
2177 31 1460073600
2177 99 1501200000
2177 125 1501200000
2177 125 1501200000
2177 1479 1518566400
2178 1302 1415664000
2178 806 1416096000
2178 219 1424217600
2178 851 1426118400
2178 244 1430611200
2178 1360 1438473600
2178 1136 1446076800
2178 367 1458432000
2178 1284 1461110400
2178 1033 1462752000
2178 351 1466899200
2178 271 1469491200
2178 895 1469491200
2178 363 1472947200
2178 371 1472947200
2178 1298 1490486400
2178 1298 1490486400
2178 1077 1494028800
2178 335 1499385600
2178 937 1523750400
2178 174 1524096000
2178 668 1528761600
2179 851 1418601600
2179 874 1418601600
2179 874 1418601600
2179 676 1418601600
2179 840 1418601600
2179 1595 1418601600
2179 3244 1418601600
2179 56 1418601600
2179 546 1418601600
2179 2360 1423958400
2180 3245 1376438400
2180 851 1398211200
2180 3248 1408579200
2180 3246 1432944000
2180 2395 1432944000
2180 2835 1433289600
2180 3247 1487030400
2180 1509 1514764800
2180 2583 1514764800
2180 2183 1514764800
2181 489 1371081600
2181 489 1371081600
2181 3251 1371081600
2181 851 1376524800
2181 3250 1405036800
2181 3249 1445126400
2182 504 1323993600
2182 851 1358726400
2182 874 1358726400
2182 874 1358726400
2182 126 1358726400
2183 3252 1330992000
2183 851 1342742400
2183 504 1342742400
2183 56 1342742400
2183 546 1353628800
2184 716 1448236800
2184 1965 1449100800
2184 3254 1449100800
2184 2861 1449532800
2184 566 1449532800
2184 3253 1449532800
2185 98 1384992000
2185 716 1396828800
2185 1372 1398124800
2185 520 1409961600
2185 520 1409961600
2185 392 1409961600
2185 479 1409961600
2185 3255 1409961600
2185 676 1426896000
2185 56 1426896000
2185 51 1452816000
2185 724 1484524800
2186 716 1367712000
2186 1630 1411603200
2186 3256 1433894400
2186 3256 1433894400
2186 3257 1435708800
2187 3021 1331856000
2187 716 1363824000
2187 275 1396310400
2187 1192 1403740800
2187 296 1414800000
2187 542 1467676800
2187 577 1483056000
2187 1336 1502755200
2188 3008 1473292800
2188 308 1473292800
2188 3258 1473292800
2188 3259 1473292800
2188 918 1477353600
2189 962 1425600000
2189 284 1426809600
2189 918 1432339200
2189 1266 1434326400
2189 1079 1508889600
2190 1044 1403136000
2190 918 1432252800
2190 1082 1446595200
2190 1376 1449360000
2190 955 1488153600
2190 313 1493078400
2190 311 1498953600
2190 1336 1503964800
2190 323 1524355200
2191 972 1418774400
2191 918 1432166400
2191 1117 1432166400
2191 995 1446422400
2191 1294 1459382400
2192 892 1392681600
2192 892 1392681600
2192 918 1431043200
2192 3260 1435536000
2192 219 1440288000
2192 220 1440288000
2193 357 1421884800
2193 1295 1429574400
2193 918 1430784000
2193 289 1430784000
2193 1434 1443052800
2193 337 1476921600
2193 1023 1478217600
2194 918 1430524800
2194 1462 1435363200
2194 1218 1444348800
2194 315 1444694400
2194 304 1445212800
2194 358 1445385600
2194 1294 1459296000
2194 245 1466640000
2194 667 1520899200
2195 2218 1390348800
2195 349 1400630400
2195 353 1400630400
2195 1267 1421452800
2195 918 1430438400
2195 289 1432771200
2195 318 1444608000
2195 1136 1448496000
2195 1223 1452297600
2196 1192 1403568000
2196 1126 1415923200
2196 1126 1415923200
2196 198 1421625600
2196 918 1430438400
2196 77 1442448000
2196 1219 1462752000
2196 45 1462752000
2196 319 1462752000
2196 959 1475539200
2196 1064 1482105600
2196 1428 1488931200
2196 1246 1489104000
2196 1239 1490227200
2196 248 1497916800
2196 311 1498262400
2196 938 1511308800
2196 1213 1522886400
2196 1182 1523664000
2196 668 1524355200
2196 342 1524614400
2196 1116 1529625600
2197 1044 1400025600
2197 534 1403136000
2197 1081 1415577600
2197 918 1430179200
2197 291 1431216000
2197 907 1495152000
2198 105 1358294400
2198 1280 1403136000
2198 918 1430006400
2198 2297 1438732800
2198 202 1439856000
2198 308 1444608000
2199 972 1418169600
2199 918 1430006400
2199 897 1430784000
2199 1230 1430784000
2199 1168 1431302400
2199 1082 1445040000
2199 942 1445990400
2200 1724 1509840000
2200 1726 1509840000
2200 1727 1509840000
2200 1992 1509840000
2200 1279 1509840000
2200 2078 1509840000
2201 1711 1428624000
2201 651 1465776000
2201 527 1482883200
2201 1724 1483488000
2201 27 1483488000
2202 1724 1454889600
2202 2076 1454889600
2202 1727 1454889600
2202 2078 1454889600
2202 3261 1454889600
2203 1724 1429142400
2203 497 1429142400
2203 2699 1429142400
2203 1664 1458691200
2203 1775 1458691200
2204 1724 1421712000
2204 497 1421712000
2204 1235 1421712000
2204 1235 1421712000
2204 2079 1421712000
2205 1724 1417392000
2205 1725 1417392000
2205 1238 1417392000
2205 1235 1425168000
2205 1235 1425168000
2205 1772 1425168000
2206 3262 1228176000
2206 3262 1228176000
2206 1785 1231891200
2206 2124 1355788800
2206 1724 1372809600
2206 2218 1389312000
2206 1392 1389657600
2206 1392 1389657600
2206 976 1392249600
2206 1307 1392595200
2206 1043 1400889600
2206 378 1402272000
2206 961 1404691200
2206 70 1405641600
2206 3264 1405728000
2206 3264 1405728000
2206 1779 1412035200
2206 1237 1413331200
2206 1235 1413417600
2206 1235 1413417600
2206 1457 1413763200
2206 1085 1414368000
2206 1433 1415836800
2206 1730 1417737600
2206 1286 1423526400
2206 1222 1437004800
2206 79 1437091200
2206 923 1438041600
2206 1053 1441670400
2206 1092 1447200000
2206 1130 1458691200
2206 1310 1470441600
2206 1093 1479340800
2206 1092 1502323200
2206 3263 1502323200
2207 2176 1345939200
2207 1727 1362182400
2207 1724 1367625600
2207 1726 1367625600
2207 1366 1367625600
2207 1429 1428278400
2208 2076 1473379200
2208 1725 1473379200
2208 2064 1473379200
2208 1737 1473379200
2208 2066 1473379200
2208 976 1490227200
2209 2076 1455494400
2209 1366 1455494400
2209 1237 1455494400
2209 1457 1455494400
2209 1992 1455494400
2209 1274 1455494400
2210 2076 1446940800
2210 1727 1446940800
2210 1737 1446940800
2210 378 1446940800
2210 497 1465344000
2211 3265 1421366400
2211 2076 1422748800
2211 378 1422748800
2211 2657 1481932800
2211 1846 1506988800
2212 2076 1420848000
2212 1366 1420848000
2212 1235 1420848000
2212 1772 1420848000
2212 1235 1420848000
2212 1772 1420848000
2213 757 1282953600
2213 2942 1372550400
2213 2319 1381881600
2213 2076 1399075200
2213 1237 1413417600
2213 1238 1414022400
2213 1053 1441497600
2213 1261 1479513600
2213 1123 1523059200
2214 2319 1366675200
2214 2076 1375401600
2214 1366 1375401600
2214 2064 1435190400
2214 2546 1522627200
2214 2546 1522627200
2215 2076 1368576000
2215 1790 1368576000
2215 1725 1381968000
2215 2129 1381968000
2215 1234 1381968000
2215 2923 1479340800
2216 3020 1430006400
2216 392 1430006400
2216 723 1430006400
2216 191 1432944000
2216 192 1432944000
2216 113 1458518400
2216 780 1458518400
2216 138 1469404800
2216 2065 1469404800
2216 3266 1471651200
2216 2430 1484524800
2216 592 1484524800
2216 2609 1488844800
2216 3267 1492905600
2216 3268 1492905600
2217 3269 1372118400
2217 3270 1372291200
2217 3274 1408320000
2217 530 1416268800
2217 2946 1417478400
2217 1159 1421280000
2217 1262 1424131200
2217 138 1430611200
2217 291 1431129600
2217 1459 1433203200
2217 1121 1433894400
2217 2417 1436659200
2217 3271 1437091200
2217 3272 1437091200
2217 1044 1437091200
2217 3273 1437091200
2217 2441 1438646400
2217 723 1438819200
2217 1007 1440460800
2217 825 1445472000
2217 1314 1447459200
2217 1303 1448668800
2217 795 1448928000
2217 261 1450051200
2217 1152 1452643200
2217 72 1452643200
2217 971 1453680000
2217 1284 1457913600
2217 135 1459382400
2217 485 1460764800
2217 1971 1463356800
2217 126 1463443200
2217 2183 1463529600
2217 373 1466467200
2217 1031 1467504000
2217 542 1467849600
2217 297 1468108800
2217 1202 1475020800
2217 2135 1478390400
2217 1142 1482624000
2217 1115 1513036800
2217 504 1519430400
2218 606 1368403200
2218 138 1408406400
2218 605 1488499200
2218 440 1488499200
2218 862 1488499200
2219 442 1329609600
2219 442 1329609600
2219 445 1329609600
2219 138 1403049600
2219 1407 1403049600
2219 2158 1455753600
2220 1989 1364860800
2220 138 1388102400
2220 2224 1416787200
2220 3275 1436227200
2220 3275 1436227200
2220 50 1442534400
2220 1777 1442966400
2220 1777 1442966400
2220 3269 1442966400
2220 3276 1442966400
2220 3270 1442966400
2220 158 1443052800
2221 138 1381449600
2221 368 1520726400
2221 3277 1520812800
2221 3278 1522627200
2221 2863 1522627200
2221 1029 1525564800
2222 3281 1325721600
2222 2393 1338854400
2222 3279 1339804800
2222 464 1340668800
2222 138 1381276800
2222 3280 1410480000
2222 3280 1410480000
2222 685 1499212800
2223 138 1334016000
2223 1271 1393632000
2223 1307 1393632000
2223 1155 1393632000
2223 1407 1433980800
2223 277 1459900800
2223 1156 1461628800
2223 1112 1466640000
2224 99 1220313600
2224 3282 1229990400
2224 2308 1377043200
2224 2308 1377043200
2224 1028 1447718400
2224 2379 1454457600
2224 1311 1457827200
2224 997 1469318400
2224 905 1470009600
2224 1012 1470182400
2224 1983 1473206400
2224 71 1488412800
2224 970 1488758400
2224 998 1488844800
2224 326 1502409600
2224 749 1503014400
2224 945 1503014400
2225 3283 1440288000
2225 3284 1440288000
2225 970 1455580800
2225 2088 1455580800
2225 2517 1455580800
2226 493 1363651200
2226 792 1380672000
2226 792 1380672000
2226 970 1443484800
2226 1717 1506729600
2227 676 1376956800
2227 1381 1436572800
2227 1380 1436918400
2227 1274 1437004800
2227 1255 1437177600
2227 295 1444694400
2227 67 1444780800
2227 1352 1445212800
2227 1223 1448064000
2227 1207 1448323200
2227 14 1455235200
2227 1199 1458518400
2227 1309 1461369600
2227 1418 1472083200
2227 974 1472860800
2227 974 1472860800
2227 1023 1474329600
2227 1070 1478649600
2227 341 1483142400
2227 970 1489708800
2227 226 1498262400
2227 1333 1501891200
2228 63 1398729600
2228 1462 1433548800
2228 1268 1437609600
2228 527 1441497600
2228 1421 1455494400
2228 1461 1463443200
2228 1183 1466208000
2228 268 1467244800
2228 669 1467763200
2228 1310 1468195200
2228 1752 1468195200
2228 1020 1468454400
2228 1984 1469404800
2228 905 1469404800
2228 997 1469750400
2228 1162 1474502400
2228 267 1475107200
2228 899 1485648000
2228 998 1488758400
2228 243 1488844800
2228 970 1489017600
2228 80 1490054400
2228 1036 1490659200
2228 1191 1492473600
2228 983 1492732800
2228 226 1497744000
2228 311 1498262400
2228 39 1498867200
2228 1056 1501545600
2228 985 1502841600
2228 1177 1517270400
2228 667 1517961600
2228 953 1534032000
2229 284 1424131200
2229 308 1444348800
2229 894 1447545600
2229 1087 1468540800
2229 307 1469577600
2229 1008 1482451200
2229 82 1488672000
2229 970 1488844800
2229 1197 1497916800
2229 83 1503446400
2230 1790 1507161600
2230 1727 1507161600
2230 2546 1509408000
2230 2546 1509408000
2230 2110 1509408000
2231 3285 1466985600
2231 79 1472860800
2231 1790 1473811200
2231 1366 1473811200
2231 1737 1473811200
2232 1790 1453939200
2232 1726 1453939200
2232 1366 1453939200
2232 2104 1453939200
2232 923 1453939200
2233 1790 1413763200
2233 1726 1464739200
2233 1366 1490054400
2233 2706 1490054400
2233 2705 1500595200
2234 570 1329091200
2234 3287 1329091200
2234 1790 1330560000
2234 507 1334188800
2234 3286 1385164800
2235 3289 1392076800
2235 3288 1397692800
2235 3288 1397692800
2235 722 1412035200
2235 722 1412035200
2235 2031 1417737600
2236 17 1382313600
2236 2031 1391558400
2236 129 1399507200
2236 2738 1407715200
2236 2738 1407715200
2237 372 1398124800
2237 921 1414972800
2237 289 1431302400
2237 669 1468800000
2237 532 1468800000
2238 372 1398038400
2238 263 1407196800
2238 1010 1415750400
2238 975 1416268800
2238 343 1442275200
2238 1218 1444348800
2238 1180 1446076800
2238 825 1446854400
2238 1135 1469318400
2238 255 1469664000
2238 2203 1475798400
2238 824 1487721600
2238 262 1490054400
2238 1100 1491523200
2238 1036 1493337600
2238 1102 1498003200
2238 1197 1501200000
2238 671 1504051200
2238 1048 1530144000
2239 372 1400457600
2239 352 1400457600
2239 1129 1401580800
2239 1153 1414800000
2239 1059 1415404800
2239 824 1445299200
2239 265 1460419200
2239 269 1478908800
2239 83 1503878400
2239 84 1511827200
2239 1115 1512604800
2239 1313 1513296000
2240 372 1400112000
2240 332 1400112000
2240 530 1415145600
2240 355 1419638400
2240 2513 1497225600
2241 372 1399420800
2241 940 1429574400
2241 1154 1442793600
2241 1017 1458691200
2241 1249 1459209600
2241 826 1467331200
2241 297 1467763200
2241 669 1468108800
2241 369 1468368000
2241 974 1473638400
2241 974 1473638400
2241 904 1473638400
2241 1299 1476057600
2241 270 1478217600
2241 335 1497916800
2241 1313 1513123200
2241 1330 1525046400
2242 372 1398902400
2242 1118 1416182400
2242 960 1423353600
2242 306 1444867200
2242 69 1444953600
2242 1388 1446681600
2242 1028 1449187200
2242 1304 1460160000
2242 954 1460160000
2242 1105 1468108800
2242 1191 1494892800
2242 963 1518739200
2242 1095 1527984000
2242 1404 1533427200
2243 372 1398643200
2243 1738 1409702400
2243 1457 1413158400
2243 1237 1413763200
2243 1126 1415664000
2243 1126 1415664000
2243 1201 1416268800
2243 193 1422835200
2243 2328 1430870400
2243 1314 1446768000
2243 1303 1450828800
2243 1309 1462838400
2243 826 1467244800
2244 3290 1374278400
2244 372 1398643200
2244 1457 1413072000
2244 1127 1414540800
2244 355 1414800000
2244 967 1427328000
2244 292 1428796800
2245 372 1398470400
2245 1220 1415404800
2245 1159 1420934400
2245 1360 1437091200
2245 1352 1445731200
2245 199 1453507200
2245 297 1468713600
2245 269 1484956800
2245 1253 1485820800
2245 933 1492300800
2245 1242 1492905600
2246 372 1398297600
2246 173 1414108800
2246 1081 1415318400
2246 1190 1415923200
2246 1172 1430956800
2246 1266 1432771200
2247 372 1398211200
2247 349 1398211200
2247 353 1398211200
2247 198 1421280000
2247 268 1467417600
2247 1115 1513382400
2248 3291 1313798400
2248 3292 1318377600
2248 3292 1318377600
2248 2464 1339718400
2248 1872 1344038400
2248 465 1493337600
2248 2735 1493337600
2249 3291 1299283200
2249 711 1369094400
2249 529 1393286400
2249 1271 1473552000
2249 1462 1474761600
2249 2640 1499126400
2249 1537 1507593600
2250 92 1242432000
2250 2976 1421193600
2250 2564 1432339200
2250 1838 1432339200
2250 3295 1432339200
2250 3294 1456272000
2250 3293 1461542400
2250 3296 1461542400
2251 3297 1386028800
2251 1857 1468886400
2251 1212 1474502400
2251 3298 1492819200
2251 323 1500422400
2252 1857 1454976000
2252 237 1454976000
2252 1537 1454976000
2252 471 1454976000
2252 1540 1454976000
2252 450 1454976000
2252 3299 1454976000
2253 1857 1431561600
2253 2386 1431561600
2253 33 1465257600
2253 2601 1469145600
2253 3300 1469145600
2253 617 1469145600
2254 1857 1418083200
2254 3301 1418083200
2254 1851 1418083200
2254 2861 1418083200
2254 1590 1418083200
2255 2765 1379289600
2255 2765 1379289600
2255 1857 1382054400
2255 50 1419033600
2255 2950 1443052800
2256 1838 1336867200
2256 3178 1438214400
2256 44 1447113600
2256 3184 1455580800
2256 896 1467244800
2256 3303 1508630400
2256 3302 1517270400
2256 1157 1522540800
2257 1872 1453766400
2257 1700 1469059200
2257 301 1469059200
2257 125 1471564800
2257 125 1471564800
2257 1838 1481932800
2257 2054 1481932800
2257 182 1481932800
2257 409 1483747200
2257 472 1523232000
2257 1493 1526256000
2258 3304 1403654400
2258 3304 1403654400
2258 1178 1414886400
2258 1838 1454716800
2258 1536 1454716800
2259 1698 1405641600
2259 2387 1405641600
2259 1474 1405641600
2259 575 1405641600
2259 471 1405641600
2259 1540 1405641600
2259 1838 1444780800
2260 181 1325808000
2260 417 1356134400
2260 1838 1364947200
2260 1543 1365033600
2260 2007 1428105600
2260 3305 1440374400
2260 1578 1447804800
2261 346 1406592000
2261 1358 1415145600
2261 1276 1416873600
2261 1423 1423008000
2261 1117 1431993600
2261 3306 1454976000
2261 1202 1475107200
2261 1057 1511827200
2261 1116 1530662400
2262 333 1392249600
2262 357 1420675200
2262 967 1427500800
2262 1117 1430352000
2262 261 1445040000
2262 1104 1472428800
2262 1188 1474416000
2263 1302 1415145600
2263 1433 1418515200
2263 1117 1430179200
2263 201 1435017600
2263 681 1441584000
2263 681 1441584000
2263 79 1442448000
2263 1240 1447286400
2263 1147 1458259200
2263 1038 1482969600
2263 1191 1499472000
2264 1117 1430092800
2264 1053 1440374400
2264 551 1477267200
2264 1113 1485993600
2264 1139 1486252800
2264 1215 1488758400
2264 311 1497484800
2264 1213 1522368000
2264 1138 1526601600
2265 1043 1400716800
2265 1126 1417651200
2265 1126 1417651200
2265 1117 1430006400
2265 219 1440806400
2265 220 1440806400
2265 1258 1445990400
2265 1136 1446768000
2265 957 1489536000
2265 1313 1514851200
2266 1010 1415836800
2266 1160 1421280000
2266 3307 1425945600
2266 1117 1430006400
2266 289 1430784000
2266 318 1444608000
2266 1258 1445385600
2266 45 1445817600
2266 825 1446076800
2266 995 1446768000
2266 321 1451433600
2266 330 1453420800
2266 277 1458259200
2266 1083 1459814400
2266 944 1460592000
2266 1132 1466640000
2266 1019 1468281600
2266 898 1481155200
2266 917 1485734400
2266 1242 1488499200
2266 619 1488499200
2266 1285 1493424000
2266 1285 1493424000
2266 311 1498089600
2266 944 1502064000
2266 1095 1524441600
2266 33 1525737600
2267 1286 1423180800
2267 1117 1429920000
2267 1395 1446422400
2267 896 1457740800
2267 670 1464652800
2267 1285 1493510400
2267 1285 1493510400
2267 1075 1507593600
2267 1115 1512691200
2267 1293 1519171200
2267 323 1523491200
2267 1270 1525824000
2268 1120 1375920000
2268 1131 1430179200
2268 1294 1459728000
2268 1023 1474588800
2268 1426 1487289600
2268 619 1507680000
2269 203 1415232000
2269 1258 1445299200
2269 1388 1445644800
2269 1314 1446336000
2269 769 1448755200
2269 1335 1454803200
2269 1294 1459209600
2269 485 1459728000
2269 1357 1461024000
2269 1110 1473465600
2269 1110 1473465600
2269 551 1476835200
2269 3308 1484006400
2269 172 1485561600
2269 1425 1489708800
2269 943 1496620800
2269 1063 1507766400
2269 1293 1518652800
2270 74 1403481600
2270 3312 1403654400
2270 3311 1404259200
2270 1294 1405123200
2270 3310 1410307200
2270 3313 1421107200
2270 3314 1421107200
2270 965 1422576000
2270 3309 1423440000
2270 3016 1424217600
2270 348 1427414400
2271 2239 1357257600
2271 757 1363305600
2271 1413 1388707200
2271 1294 1392768000
2271 1846 1424131200
2272 2872 1375660800
2272 2872 1375660800
2272 1294 1387497600
2272 1918 1387497600
2272 2433 1432425600
2272 1927 1461542400
2273 2872 1242000000
2273 2872 1242000000
2273 2113 1242604800
2273 1294 1260057600
2273 280 1260057600
2273 3309 1261958400
2273 379 1263772800
2273 1413 1450310400
2274 3016 1431907200
2274 3315 1448064000
2274 3316 1465516800
2274 3317 1466899200
2274 3318 1466899200
2274 3322 1476835200
2274 3321 1486684800
2274 3319 1494633600
2274 3320 1497312000
2275 3323 1373500800
2275 2670 1375660800
2275 3315 1439596800
2275 3101 1442361600
2275 3102 1442361600
2276 643 1228435200
2276 2597 1228608000
2276 2262 1334620800
2276 1080 1457654400
2276 1404 1535673600
2277 2424 1391558400
2277 2597 1411603200
2277 2360 1418688000
2277 676 1447718400
2277 135 1448928000
2278 2597 1391040000
2278 1932 1391040000
2278 3324 1391040000
2278 1430 1403568000
2278 757 1403568000
2278 1413 1403568000
2279 988 1397692800
2279 1410 1421971200
2279 1423 1423612800
2279 1407 1433721600
2279 1427 1455580800
2279 1080 1458259200
2279 1093 1479168000
2279 84 1510531200
2280 961 1404259200
2280 1423 1423180800
2280 1407 1433721600
2280 1134 1447372800
2280 1028 1449878400
2280 542 1468281600
2281 1236 1392249600
2281 346 1405900800
2281 1423 1423094400
2281 3325 1433894400
2281 1445 1458259200
2281 1355 1463961600
2281 1169 1481241600
2281 80 1490659200
2282 196 1403308800
2282 1051 1403308800
2282 1358 1415491200
2282 1423 1423008000
2282 1174 1455840000
2282 953 1531526400
2283 3326 1398211200
2283 2320 1398211200
2283 3327 1398211200
2283 3328 1398211200
2283 3329 1398211200
2283 2433 1398211200
2283 3301 1419552000
2284 3301 1388275200
2284 651 1456963200
2284 652 1466380800
2284 157 1471996800
2284 760 1509840000
2284 1116 1509840000
2285 1258 1457481600
2285 3330 1458259200
2285 3330 1458259200
2285 1349 1458604800
2285 3331 1458950400
2286 1085 1389571200
2286 2714 1439683200
2286 1349 1446249600
2286 1449 1455408000
2286 19 1455840000
2286 1033 1459814400
2287 966 1415750400
2287 1201 1415836800
2287 1286 1423180800
2287 1053 1440460800
2287 1349 1445817600
2288 2308 1377216000
2288 2308 1377216000
2288 923 1438041600
2288 1349 1445731200
2288 1355 1463702400
2288 1379 1464480000
2289 1067 1371081600
2289 951 1429660800
2289 1349 1445731200
2289 1452 1448582400
2289 504 1453766400
2289 1047 1467417600
2289 1225 1469318400
2289 370 1471219200
2289 907 1493078400
2289 323 1525046400
2290 219 1440374400
2290 220 1440374400
2290 1218 1444867200
2290 1349 1445472000
2290 240 1468886400
2290 904 1475539200
2290 1224 1492819200
2290 1128 1527552000
2291 442 1302393600
2291 442 1302393600
2291 445 1302393600
2291 921 1415059200
2291 1010 1415664000
2291 1158 1416873600
2291 922 1418256000
2291 960 1423008000
2291 315 1443398400
2291 1414 1443830400
2291 1349 1445299200
2291 140 1446249600
2291 498 1450396800
2291 321 1452988800
2291 1209 1453248000
2291 551 1454112000
2291 271 1468022400
2291 1105 1468368000
2291 1012 1470182400
2291 307 1471046400
2291 1202 1474156800
2291 1188 1474156800
2291 78 1479081600
2291 270 1479427200
2291 172 1487635200
2291 1164 1487635200
2291 39 1500595200
2291 335 1500595200
2291 311 1500595200
2291 1919 1520294400
2291 1144 1533168000
2291 953 1537660800
2292 1092 1391817600
2292 332 1401840000
2292 1051 1403654400
2292 534 1403913600
2292 74 1406160000
2292 806 1415404800
2292 948 1422921600
2292 1349 1445126400
2292 1028 1448064000
2292 1152 1451088000
2292 1170 1453161600
2292 551 1455494400
2292 939 1457395200
2292 1135 1466553600
2292 373 1466553600
2292 1112 1467072000
2292 344 1473724800
2292 974 1473724800
2292 344 1473724800
2292 974 1473724800
2292 788 1485993600
2292 1204 1489017600
2292 907 1491955200
2292 80 1491955200
2292 1124 1501718400
2292 1378 1511568000
2292 175 1522540800
2292 323 1523836800
2292 235 1525910400
2292 1048 1531353600
2293 3332 1129593600
2293 1946 1155945600
2293 1946 1155945600
2293 3326 1391472000
2293 467 1401753600
2293 2473 1402012800
2294 3334 1395878400
2294 2320 1405555200
2294 3333 1454371200
2294 518 1467244800
2294 3335 1476230400
2295 3336 1424995200
2295 3337 1424995200
2295 3339 1436313600
2295 3338 1471305600
2295 1973 1480982400
2296 3336 1389830400
2296 3337 1389830400
2296 3340 1418428800
2296 3340 1418428800
2296 3341 1418428800
2297 965 1515628800
2297 2737 1515628800
2297 1742 1515628800
2297 3342 1515628800
2297 847 1515628800
2298 1092 1473638400
2298 965 1495324800
2298 276 1503273600
2298 1721 1503273600
2298 2660 1508976000
2299 336 1417996800
2299 2328 1430956800
2299 965 1432166400
2299 308 1443398400
2299 1314 1447804800
2299 826 1468800000
2299 370 1470787200
2299 2203 1474156800
2299 337 1475539200
2299 262 1490054400
2299 824 1495411200
2299 83 1503446400
2299 985 1503964800
2300 352 1403049600
2300 921 1414800000
2300 806 1415318400
2300 922 1420329600
2300 965 1430784000
2300 940 1430784000
2300 306 1445385600
2300 1258 1445644800
2300 1432 1447718400
2300 1304 1458950400
2300 1357 1459814400
2300 934 1466121600
2300 826 1467936000
2300 1103 1468108800
2300 959 1475798400
2300 898 1501545600
2300 936 1516147200
2300 1216 1517616000
2301 1236 1392422400
2301 965 1430352000
2301 305 1443916800
2301 1379 1464739200
2301 363 1473206400
2302 919 1410566400
2302 1157 1420329600
2302 965 1430179200
2302 923 1438560000
2302 358 1443571200
2302 1033 1458086400
2302 1984 1469577600
2302 1106 1474675200
2302 950 1492300800
2303 1157 1419724800
2303 965 1430179200
2303 281 1430179200
2303 306 1446336000
2303 1199 1459555200
2303 1445 1461369600
2303 1379 1465344000
2304 2218 1390176000
2304 1271 1394236800
2304 715 1420675200
2304 965 1430092800
2304 1353 1447545600
2305 1068 1373760000
2305 965 1430092800
2305 1249 1461283200
2305 1039 1475539200
2305 1119 1481155200
2306 339 1393459200
2306 1043 1401840000
2306 2081 1415318400
2306 1010 1416528000
2306 965 1430006400
2306 302 1495324800
2306 226 1498348800
2306 1330 1527984000
2306 1048 1531008000
2307 965 1418688000
2307 1729 1418688000
2307 3343 1418688000
2307 728 1420848000
2307 1721 1463616000
2307 1092 1463616000
2308 2872 1368489600
2308 2872 1368489600
2308 965 1412467200
2308 2433 1412467200
2308 1711 1430697600
2309 3344 1325548800
2309 397 1461196800
2309 397 1461196800
2309 104 1461196800
2309 421 1461196800
2309 3345 1464566400
2310 3344 1319155200
2310 516 1320278400
2310 1363 1350172800
2310 3006 1374278400
2310 339 1392681600
2310 339 1392681600
2310 333 1393372800
2310 1043 1402358400
2310 1129 1402358400
2310 972 1418774400
2310 1159 1420761600
2310 280 1457481600
2310 1149 1458777600
2310 365 1459036800
2310 485 1460160000
2310 935 1466726400
2310 297 1468195200
2310 1008 1482969600
2310 1109 1488499200
2310 977 1510704000
2310 1094 1524441600
2310 22 1525046400
2310 1029 1525305600
2310 1097 1527206400
2311 1631 1463270400
2311 3346 1496707200
2311 1631 1496707200
2311 3197 1496707200
2311 2169 1496707200
2312 791 1402790400
2312 3347 1475452800
2312 133 1483401600
2312 3346 1483660800
2312 3348 1522627200
2313 3349 1350172800
2313 1350 1423094400
2313 729 1423094400
2313 3190 1493596800
2313 723 1527292800
2314 3350 1359331200
2314 3351 1359331200
2314 112 1472601600
2314 694 1472601600
2314 3352 1472601600
2314 693 1472601600
2314 3353 1472601600
2314 3354 1472601600
2315 3355 1347667200
2315 2458 1360540800
2315 2458 1360540800
2315 3355 1397952000
2315 3356 1460851200
2315 2900 1494720000
2315 3357 1496880000
2316 398 1482278400
2316 398 1482278400
2316 1932 1482710400
2316 125 1482710400
2316 125 1482710400
2316 3358 1482710400
2316 652 1482710400
2317 65 1418428800
2317 1932 1431734400
2317 1289 1445558400
2317 303 1494288000
2317 946 1507852800
2317 1123 1523577600
2318 442 1360540800
2318 442 1360540800
2318 445 1360540800
2318 2770 1395014400
2318 1932 1406937600
2319 2601 1374192000
2319 3359 1384128000
2319 692 1384128000
2319 3360 1384128000
2319 1932 1390608000
2319 2092 1472688000
2320 2566 1440720000
2320 3361 1457827200
2320 3362 1457827200
2320 3363 1457827200
2320 1613 1524096000
2321 3364 1332288000
2321 3162 1417910400
2321 873 1438905600
2321 873 1438905600
2321 2436 1441065600
2321 1699 1441065600
2321 1626 1441065600
2321 1626 1441065600
2321 1632 1441065600
2321 3361 1443052800
2321 658 1466899200
2321 3365 1484265600
2322 3361 1441843200
2322 3280 1441843200
2322 3280 1441843200
2322 1905 1441843200
2322 2438 1441843200
2322 3366 1441843200
2323 3361 1439424000
2323 1699 1439424000
2323 1626 1439424000
2323 1626 1439424000
2323 2992 1450915200
2323 706 1450915200
2324 3361 1438732800
2324 1613 1438732800
2324 2436 1438732800
2324 3367 1438732800
2324 3367 1438732800
2324 59 1438732800
2324 599 1438732800
2324 830 1438732800
2324 2915 1438732800
2324 3368 1438732800
2324 3369 1438732800
2325 3361 1431561600
2325 383 1431561600
2325 1632 1431561600
2325 3370 1431561600
2325 3280 1499385600
2326 3361 1415577600
2326 2436 1415577600
2326 3280 1415577600
2326 3280 1415577600
2326 383 1415577600
2326 3362 1415577600
2327 3371 1332720000
2327 3371 1332720000
2327 1613 1367366400
2327 3361 1389657600
2327 768 1389744000
2327 409 1440115200
2327 141 1443052800
2328 3361 1373500800
2328 3280 1373500800
2328 1719 1373500800
2328 3280 1373500800
2328 1719 1373500800
2328 3369 1373500800
2329 2723 1377648000
2329 597 1421193600
2329 2524 1433721600
2329 12 1437523200
2329 1476 1460246400
2329 1109 1491264000
2330 2606 1414022400
2330 2606 1414022400
2330 1476 1437350400
2330 39 1448236800
2330 2160 1501718400
2330 2160 1501718400
2331 1476 1411430400
2331 409 1424563200
2331 942 1427932800
2331 3373 1438819200
2331 2363 1441497600
2331 704 1454976000
2331 191 1454976000
2331 2268 1462233600
2331 498 1462233600
2331 498 1485129600
2331 3372 1492992000
2332 423 1427414400
2332 2372 1427414400
2332 1896 1433635200
2332 1896 1433635200
2332 1493 1467072000
2332 3374 1467072000
2332 3375 1467072000
2332 1520 1522281600
2333 3376 1415577600
2333 537 1443312000
2333 539 1443312000
2333 1493 1451433600
2333 3377 1512086400
2334 1493 1391040000
2334 474 1391040000
2334 537 1408579200
2334 1620 1408579200
2334 539 1408579200
2334 1622 1414281600
2334 56 1419897600
2334 1482 1419897600
2334 3378 1461888000
2335 1493 1385683200
2335 474 1388966400
2335 1482 1388966400
2335 183 1427068800
2335 1482 1427068800
2336 2152 1398988800
2336 541 1405555200
2336 3379 1405555200
2336 205 1405555200
2336 1667 1405555200
2337 541 1372550400
2337 205 1375142400
2337 2617 1380672000
2337 3380 1422230400
2337 2801 1431129600
2338 3381 1341964800
2338 474 1344211200
2338 183 1349308800
2338 1482 1349913600
2338 1494 1372723200
2338 1620 1401753600
2339 223 1449705600
2339 1612 1462060800
2339 90 1468108800
2339 91 1468108800
2339 538 1472428800
2340 1612 1420502400
2340 459 1427760000
2340 6 1428710400
2340 3382 1438300800
2340 476 1443657600
2340 529 1444521600
2340 476 1445904000
2340 476 1453507200
2341 873 1457740800
2341 873 1457740800
2341 2243 1457740800
2341 622 1457740800
2341 858 1468022400
2341 1613 1504310400
2342 1616 1441152000
2342 1613 1465516800
2342 1699 1465516800
2342 873 1465516800
2342 873 1465516800
2342 3383 1465516800
2343 2312 1371427200
2343 2312 1371427200
2343 1613 1455580800
2343 2437 1455580800
2343 2437 1455580800
2343 241 1455580800
2344 3384 1412208000
2344 2243 1447718400
2344 1613 1450742400
2344 2437 1450742400
2344 2437 1450742400
2345 3356 1420070400
2345 873 1421452800
2345 2437 1421452800
2345 873 1421452800
2345 2437 1421452800
2345 383 1421452800
2345 386 1421452800
2345 3385 1421452800
2345 1613 1421971200
2345 1626 1493596800
2346 1613 1417305600
2346 1591 1419984000
2346 1616 1432512000
2346 728 1440547200
2346 2894 1444003200
2346 3386 1444003200
2347 1613 1414800000
2347 873 1414800000
2347 1626 1414800000
2347 873 1414800000
2347 1626 1414800000
2348 1699 1396656000
2348 1626 1396656000
2348 1626 1396656000
2348 1615 1396656000
2348 1253 1396656000
2348 1613 1407283200
2348 873 1407283200
2348 873 1407283200
2348 383 1407283200
2348 3387 1473897600
2349 1613 1375660800
2349 873 1375660800
2349 1626 1375660800
2349 873 1375660800
2349 1626 1375660800
2349 1615 1375660800
2349 1639 1375660800
2349 1616 1375660800
2349 3388 1375660800
2350 538 1453248000
2350 1486 1456790400
2350 537 1466208000
2350 539 1466208000
2350 427 1500508800
2351 537 1456876800
2351 539 1456876800
2351 180 1492992000
2351 180 1492992000
2351 1514 1492992000
2352 537 1446595200
2352 180 1446595200
2352 180 1446595200
2352 538 1446595200
2352 539 1446595200
2353 537 1428537600
2353 539 1428537600
2353 459 1435017600
2353 3100 1481760000
2353 1047 1481760000
2353 2216 1487462400
2354 2433 1389139200
2354 537 1407369600
2354 1509 1407369600
2354 160 1407369600
2354 539 1407369600
2355 290 1432512000
2355 343 1443830400
2355 148 1458950400
2355 3111 1465257600
2355 982 1493596800
2355 226 1498608000
2355 1334 1502928000
2355 977 1511222400
2355 668 1524441600
2356 1192 1404518400
2356 915 1411257600
2356 343 1443571200
2356 1154 1443916800
2356 1223 1450915200
2356 366 1459555200
2356 369 1470268800
2356 1091 1488499200
2356 1393 1491436800
2356 84 1509408000
2357 949 1370649600
2357 973 1400544000
2357 350 1402963200
2357 1220 1416528000
2357 1157 1419120000
2357 343 1442966400
2357 257 1467849600
2357 997 1470873600
2358 1059 1416960000
2358 197 1423440000
2358 1281 1432080000
2358 343 1442793600
2358 45 1446336000
2358 1421 1457654400
2358 373 1469059200
2359 1273 1442016000
2359 343 1442534400
2359 295 1445212800
2359 1264 1445644800
2359 1207 1447891200
2359 498 1449792000
2359 1135 1466726400
2359 905 1469145600
2359 1041 1473811200
2359 1041 1473811200
2359 299 1477353600
2359 1122 1483142400
2359 1175 1484697600
2359 311 1500508800
2359 335 1501286400
2359 239 1524528000
2360 296 1414886400
2360 1118 1416441600
2360 1160 1421452800
2360 981 1430352000
2360 343 1442361600
2360 1111 1446076800
2360 944 1460592000
2360 1135 1466985600
2360 373 1466985600
2360 86 1488758400
2361 1050 1372204800
2361 343 1442275200
2361 1073 1446336000
2361 276 1473724800
2361 86 1488412800
2361 968 1490227200
2362 290 1431993600
2362 343 1442102400
2362 1209 1452038400
2362 277 1458691200
2362 1135 1467590400
2362 1101 1473897600
2363 929 1415664000
2363 929 1415664000
2363 343 1442016000
2363 896 1457481600
2363 344 1473552000
2363 344 1473552000
2363 1250 1483056000
2363 1285 1493337600
2363 1285 1493337600
2364 343 1442016000
2364 299 1445990400
2364 321 1451520000
2364 1448 1454976000
2364 1135 1466294400
2364 373 1466294400
2364 1112 1466553600
2364 1183 1466553600
2365 352 1401494400
2365 75 1405123200
2365 343 1441929600
2365 1141 1450483200
2365 373 1466553600
2365 375 1469318400
2365 1036 1491436800
2365 226 1499904000
2365 226 1500508800
2365 311 1500595200
2365 39 1500681600
2366 1441 1367539200
2366 1441 1367539200
2366 343 1441929600
2366 3389 1441929600
2366 1240 1445731200
2366 1432 1447027200
2366 1083 1460246400
2366 1355 1463356800
2366 257 1467936000
2366 997 1468540800
2366 1202 1473811200
2366 1188 1474329600
2366 27 1474934400
2366 1070 1479254400
2366 1079 1483056000
2366 917 1486857600
2366 1204 1488931200
2366 1058 1494201600
2366 551 1494288000
2366 1071 1501632000
2366 947 1513641600
2367 2383 1411516800
2367 1059 1416960000
2367 310 1422921600
2367 343 1441670400
2367 306 1445126400
2367 261 1445817600
2367 334 1447977600
2367 1135 1467590400
2367 1261 1479427200
2367 1330 1523923200
2368 343 1441584000
2368 81 1460505600
2368 959 1475020800
2368 1037 1489622400
2368 39 1503360000
2369 2921 1423094400
2369 3390 1424649600
2369 3390 1424649600
2369 281 1431561600
2369 1335 1458086400
2369 1379 1467676800
2370 2183 1504396800
2370 925 1514332800
2370 706 1519603200
2370 999 1519603200
2370 3391 1519603200
2371 217 1487635200
2371 218 1487635200
2371 925 1489017600
2371 794 1489017600
2371 3392 1489017600
2371 651 1494720000
2372 925 1469318400
2372 3330 1469318400
2372 3330 1469318400
2372 3005 1469318400
2372 195 1470700800
2372 195 1470700800
2373 90 1417046400
2373 91 1417046400
2373 925 1431216000
2373 599 1431216000
2373 3393 1431216000
2374 925 1379203200
2374 2861 1441238400
2374 231 1460505600
2374 1363 1460505600
2374 3394 1522368000
2375 1259 1497052800
2375 392 1507507200
2375 2464 1507507200
2375 1275 1516406400
2375 2166 1516406400
2375 3330 1516406400
2375 3330 1516406400
2375 2183 1516406400
2375 1467 1517616000
2376 1275 1488758400
2376 520 1488758400
2376 520 1488758400
2376 3395 1499731200
2376 3396 1517011200
2377 3397 1450224000
2377 3398 1450224000
2377 1412 1465171200
2377 1275 1486944000
2377 3399 1486944000
2378 1275 1462233600
2378 3401 1462233600
2378 3402 1462233600
2378 3403 1462233600
2378 3400 1482969600
2379 1275 1451088000
2379 3330 1451088000
2379 195 1451088000
2379 3330 1451088000
2379 195 1451088000
2380 182 1425081600
2380 987 1425081600
2380 3405 1425081600
2380 791 1445731200
2380 3404 1446422400
2380 1275 1447632000
2380 827 1447632000
2380 827 1447632000
2381 1275 1447027200
2381 3406 1447027200
2381 827 1447027200
2381 3406 1447027200
2381 827 1447027200
2381 1412 1447027200
2382 1275 1413936000
2382 3407 1413936000
2382 56 1439337600
2382 2360 1439337600
2382 2227 1439337600
2382 783 1442880000
2383 3330 1387756800
2383 3330 1387756800
2383 3005 1387756800
2383 1275 1388534400
2383 1814 1394150400
2383 1805 1394150400
2383 2101 1442793600
2383 3408 1487203200
2384 676 1375833600
2384 3410 1395187200
2384 3075 1395187200
2384 1002 1407974400
2384 680 1428883200
2384 3412 1434844800
2384 3411 1437091200
2384 2407 1437091200
2384 3409 1486166400
2385 1851 1431907200
2385 3414 1434931200
2385 599 1488412800
2385 3413 1518825600
2385 1530 1525046400
2386 1686 1436918400
2386 397 1436918400
2386 1686 1436918400
2386 397 1436918400
2386 1870 1443398400
2386 397 1456617600
2386 397 1456617600
2386 421 1456617600
2386 59 1468972800
2386 104 1489536000
2386 2220 1489536000
2386 3413 1490227200
2386 689 1490227200
2386 3415 1493596800
2386 61 1513036800
2387 3137 1386201600
2387 3247 1454284800
2387 2559 1467072000
2387 2385 1485475200
2387 1911 1485475200
2388 3416 1354579200
2388 749 1355270400
2388 2901 1355270400
2388 2901 1355270400
2388 741 1422316800
2388 741 1422316800
2389 3416 1459555200
2389 3417 1459555200
2389 749 1459555200
2389 2250 1459555200
2389 741 1459555200
2389 741 1459555200
2389 3418 1459555200
2389 3419 1459555200
2389 3420 1459555200
2389 751 1459555200
2389 3421 1459555200
2389 745 1459555200
2389 1680 1459555200
2390 3416 1411257600
2390 749 1411257600
2390 749 1411257600
2390 2250 1411257600
2390 2267 1411257600
2391 3422 1438128000
2391 3423 1438128000
2391 3423 1438128000
2391 3424 1438128000
2391 3108 1438128000
2391 3425 1475884800
2392 3422 1352073600
2392 3424 1352073600
2392 3426 1400112000
2392 741 1444521600
2392 741 1444521600
2393 8 1279065600
2393 2557 1356307200
2393 25 1374105600
2393 25 1374105600
2393 3417 1388361600
2394 2088 1483056000
2394 2653 1483056000
2394 2517 1483056000
2394 195 1483056000
2394 195 1483056000
2394 613 1483056000
2394 3144 1483056000
2394 2494 1483056000
2395 2239 1415491200
2395 2240 1415491200
2395 1430 1415491200
2395 2415 1439769600
2395 2415 1439769600
2395 2088 1469059200
2396 1413 1397865600
2396 1846 1434240000
2396 1784 1448409600
2396 2088 1457222400
2396 757 1457222400
2396 1735 1468713600
2397 2239 1438128000
2397 2415 1438128000
2397 2415 1438128000
2397 2088 1447200000
2397 2517 1447200000
2398 2089 1438214400
2398 2088 1438732800
2398 1413 1438732800
2398 2657 1451606400
2398 2924 1487635200
2399 2088 1414800000
2399 1734 1419465600
2399 2240 1486684800
2399 2415 1486684800
2399 2415 1486684800
2399 1785 1508025600
2400 2088 1355616000
2400 2517 1355616000
2400 728 1358467200
2400 2088 1392422400
2400 2653 1392422400
2401 2088 1371513600
2401 2088 1373414400
2401 2088 1373673600
2401 1784 1373673600
2401 2855 1373673600
2402 3427 1417996800
2402 1430 1417996800
2402 3428 1417996800
2402 2657 1417996800
2402 1413 1417996800
2403 1735 1426464000
2403 1726 1439942400
2403 2240 1444780800
2403 3429 1444780800
2403 3430 1444780800
2403 2517 1482364800
2404 2239 1362960000
2404 3431 1390867200
2404 1413 1390867200
2404 1413 1452902400
2404 3432 1456704000
2405 2546 1342224000
2405 2546 1342224000
2405 2319 1390089600
2405 2517 1443744000
2405 2859 1463875200
2406 3433 1414713600
2406 3434 1452124800
2406 333 1456358400
2406 2891 1459382400
2406 2891 1459382400
2406 1783 1470700800
2407 1783 1462406400
2407 1784 1462406400
2407 1785 1462406400
2407 2855 1462406400
2407 3435 1462406400
2407 223 1462406400
2408 2239 1419552000
2408 1783 1436140800
2408 3436 1436140800
2408 493 1523923200
2408 1510 1524355200
2409 1783 1289520000
2409 1784 1289520000
2409 1785 1289520000
2409 2375 1289520000
2409 1785 1341705600
2410 2652 1469145600
2410 1784 1475452800
2410 1735 1489449600
2410 1785 1504569600
2410 575 1522886400
2410 580 1522886400
2411 2936 1423094400
2411 757 1424908800
2411 1784 1457568000
2411 1785 1457654400
2411 2240 1458345600
2412 1785 1412380800
2412 3437 1412380800
2412 2415 1437523200
2412 2415 1437523200
2412 2239 1482364800
2412 3428 1506470400
2413 1784 1381795200
2413 3438 1381795200
2413 2128 1383177600
2413 1430 1383177600
2413 2855 1383436800
2414 1784 1334361600
2414 2935 1362009600
2414 1237 1393632000
2414 1366 1433376000
2414 2064 1433376000
2414 2120 1441497600
2414 2120 1441497600
2415 2239 1398470400
2415 947 1410048000
2415 2703 1411776000
2415 2239 1424822400
2415 3439 1430265600
2416 1730 1465776000
2416 2258 1465776000
2416 1711 1465776000
2416 3440 1475107200
2416 1710 1516406400
2416 1785 1517875200
2417 1729 1411257600
2417 3441 1453852800
2417 2901 1453852800
2417 2901 1453852800
2417 1785 1482019200
2418 3442 1425254400
2418 504 1425254400
2418 2388 1433116800
2418 3444 1433203200
2418 3447 1435104000
2418 3445 1439942400
2418 3446 1451952000
2418 3443 1454284800
2418 3443 1454284800
2419 293 1214784000
2419 293 1214784000
2419 1055 1463788800
2419 670 1464566400
2419 240 1466035200
2419 1087 1466035200
2419 935 1466035200
2419 1418 1471996800
2419 1133 1494892800
2419 1133 1494892800
2419 1257 1503964800
2419 1296 1516060800
2419 340 1529366400
2419 1048 1530403200
2420 293 1463616000
2420 3448 1492041600
2420 3448 1516406400
2420 3449 1516406400
2420 2737 1516492800
2420 3450 1523059200
2421 1271 1392249600
2421 293 1434758400
2421 2308 1439164800
2421 2308 1439164800
2421 1082 1447027200
2421 1119 1480204800
2421 1169 1480204800
2422 293 1433980800
2422 202 1438473600
2422 1221 1471392000
2422 1107 1484697600
2422 1060 1486598400
2422 1293 1520640000
2423 988 1397692800
2423 1157 1418688000
2423 1069 1419984000
2423 1262 1424563200
2423 293 1433894400
2423 527 1443657600
2423 1292 1447459200
2423 1432 1449446400
2424 1086 1389052800
2424 63 1399248000
2424 530 1415577600
2424 345 1416528000
2424 715 1418688000
2424 293 1433894400
2424 1027 1491696000
2424 39 1498608000
2424 311 1498953600
2424 1071 1503964800
2424 1115 1514851200
2424 938 1517097600
2424 984 1524182400
2425 3451 1423958400
2425 219 1426118400
2425 293 1433808000
2425 897 1434240000
2425 1230 1434240000
2425 1111 1446681600
2425 273 1450051200
2425 904 1473033600
2426 1392 1391299200
2426 1392 1391299200
2426 329 1391990400
2426 988 1399248000
2426 1185 1413072000
2426 3452 1414195200
2426 1247 1415232000
2426 530 1415664000
2426 1118 1416096000
2426 274 1427414400
2426 291 1432944000
2426 293 1433808000
2426 2417 1480723200
2427 293 1433635200
2427 1360 1436054400
2427 1082 1447545600
2427 294 1448323200
2427 1304 1459555200
2427 670 1464912000
2427 1232 1528156800
2428 345 1418515200
2428 967 1427500800
2428 293 1433376000
2428 1149 1458000000
2428 670 1465171200
2428 1261 1479254400
2428 1119 1479427200
2428 1285 1494201600
2428 1285 1494201600
2429 1392 1393718400
2429 1392 1393718400
2429 256 1393718400
2429 355 1414972800
2429 1930 1431043200
2429 293 1433289600
2429 347 1442966400
2429 315 1444953600
2429 299 1446163200
2429 1749 1457481600
2429 1301 1457913600
2429 670 1465084800
2429 1142 1483747200
2429 80 1493078400
2429 39 1498953600
2429 824 1505692800
2429 84 1510444800
2429 282 1515196800
2430 293 1433030400
2430 3454 1433030400
2430 275 1433030400
2430 1273 1437609600
2430 3453 1438473600
2431 293 1417219200
2431 3455 1417219200
2431 1209 1417219200
2431 3456 1417219200
2431 275 1417219200
2432 3252 1447027200
2432 2092 1447027200
2432 2558 1447027200
2432 2737 1447027200
2432 2929 1501718400
2433 2980 1466640000
2433 729 1466640000
2433 667 1466640000
2433 1305 1466640000
2433 3457 1466640000
2434 3459 1361404800
2434 3459 1361404800
2434 2980 1419638400
2434 3458 1419638400
2434 729 1422403200
2435 478 1385078400
2435 478 1385078400
2435 3460 1389052800
2435 478 1418688000
2435 478 1418688000
2436 1288 1310256000
2436 1578 1342483200
2436 3462 1365292800
2436 445 1374364800
2436 123 1393113600
2436 1711 1394150400
2436 149 1396224000
2436 3463 1459382400
2436 3345 1459641600
2436 3461 1467590400
2437 2089 1470873600
2437 2657 1489968000
2437 2921 1492041600
2437 2703 1496361600
2437 2657 1512259200
2438 1846 1389139200
2438 3464 1426636800
2438 2623 1459296000
2438 2930 1478131200
2438 2921 1490486400
2438 2920 1518480000
2439 1413 1437523200
2439 1846 1437523200
2439 757 1438473600
2439 3465 1438473600
2439 3465 1438473600
2439 3465 1438473600
2439 3465 1438473600
2439 3465 1438473600
2439 3465 1438473600
2439 3465 1438473600
2439 3465 1438473600
2439 3465 1438473600
2439 3465 1438473600
2439 3465 1438473600
2439 3465 1438473600
2439 3465 1438473600
2439 3465 1438473600
2439 3465 1438473600
2439 3465 1438473600
2439 3465 1438473600
2439 3465 1438473600
2439 3465 1438473600
2439 3465 1438473600
2439 3465 1438473600
2439 3465 1438473600
2439 3465 1438473600
2439 3465 1438473600
2439 3465 1438473600
2439 3465 1438473600
2439 3465 1438473600
2439 3465 1438473600
2439 3465 1438473600
2439 3465 1438473600
2439 3465 1438473600
2439 3465 1438473600
2439 3465 1438473600
2439 3465 1438473600
2439 3465 1438473600
2439 3465 1438473600
2439 3465 1438473600
2439 3465 1438473600
2439 3465 1438473600
2439 3465 1438473600
2439 3465 1438473600
2439 3465 1438473600
2439 3465 1438473600
2439 3465 1438473600
2439 3465 1438473600
2439 3465 1438473600
2439 3465 1438473600
2439 3465 1438473600
2439 3465 1438473600
2439 3465 1438473600
2439 3465 1438473600
2439 3465 1438473600
2439 3465 1438473600
2439 3465 1438473600
2439 3465 1438473600
2439 3465 1438473600
2439 3465 1438473600
2439 3465 1438473600
2439 3465 1438473600
2439 3465 1438473600
2439 3465 1438473600
2439 3465 1438473600
2439 3465 1438473600
2439 3465 1438473600
2439 3465 1438473600
2439 3465 1438473600
2439 3465 1438473600
2439 3465 1438473600
2439 3465 1438473600
2439 3465 1438473600
2439 3465 1438473600
2439 3465 1438473600
2439 3465 1438473600
2439 3465 1438473600
2439 3465 1438473600
2439 3465 1438473600
2439 3465 1438473600
2439 3465 1438473600
2439 3465 1438473600
2439 3465 1438473600
2439 3465 1438473600
2439 3465 1438473600
2439 3465 1438473600
2439 3465 1438473600
2439 3465 1438473600
2439 3465 1438473600
2439 3465 1438473600
2439 3465 1438473600
2439 3465 1438473600
2439 3465 1438473600
2439 3465 1438473600
2439 3465 1438473600
2439 3465 1438473600
2439 3465 1438473600
2439 3465 1438473600
2439 3465 1438473600
2439 3465 1438473600
2439 3465 1438473600
2439 3465 1438473600
2439 3465 1438473600
2439 3465 1438473600
2439 3465 1438473600
2439 3465 1438473600
2439 3465 1438473600
2439 3465 1438473600
2439 3465 1438473600
2439 3465 1438473600
2439 3465 1438473600
2439 3465 1438473600
2439 3465 1438473600
2439 3465 1438473600
2439 3465 1438473600
2439 3465 1438473600
2439 3465 1438473600
2439 3465 1438473600
2439 3465 1438473600
2439 3465 1438473600
2439 3465 1438473600
2439 3465 1438473600
2439 3465 1438473600
2439 3465 1438473600
2439 3465 1438473600
2439 2113 1451520000
2439 2921 1489968000
2439 2936 1489968000
2440 1068 1378944000
2440 2942 1378944000
2440 1155 1392940800
2440 1722 1407888000
2440 1274 1436918400
2440 1255 1437004800
2440 1241 1437091200
2440 1268 1437350400
2440 79 1437609600
2440 1222 1437955200
2440 923 1437955200
2440 1053 1440633600
2440 2921 1454284800
2440 1087 1466121600
2440 1752 1468281600
2440 1103 1468454400
2440 276 1474243200
2440 1119 1479081600
2440 1169 1479168000
2440 3466 1493769600
2440 71 1494115200
2440 1356 1499904000
2440 1092 1517011200
2441 398 1420156800
2441 398 1420156800
2441 3468 1420156800
2441 3467 1428192000
2441 1951 1428192000
2442 70 1382572800
2442 1363 1435795200
2442 1711 1440374400
2442 3471 1440374400
2442 3469 1448323200
2442 1399 1465603200
2442 127 1465603200
2442 3470 1465603200
2443 3472 1441065600
2443 3473 1441065600
2443 3474 1441065600
2443 3476 1441065600
2443 3477 1482364800
2443 3387 1488499200
2443 3475 1505347200
2444 873 1465603200
2444 873 1465603200
2444 383 1465603200
2444 3480 1465603200
2444 3387 1465689600
2444 1626 1465689600
2444 1626 1465689600
2444 1616 1465689600
2444 3478 1465689600
2444 3384 1465689600
2444 3479 1465689600
2445 3387 1463702400
2445 873 1463702400
2445 1626 1463702400
2445 873 1463702400
2445 1626 1463702400
2446 3384 1401408000
2446 3481 1401408000
2446 3385 1401408000
2446 3387 1444608000
2446 1626 1444608000
2446 1626 1444608000
2447 3371 1271376000
2447 3371 1271376000
2447 2243 1354060800
2447 858 1377129600
2447 3387 1443052800
2448 3482 1455235200
2448 231 1462320000
2448 1162 1477008000
2448 1725 1506816000
2448 1251 1507248000
2448 1241 1532390400
2449 1053 1461196800
2449 1820 1464307200
2449 1725 1480723200
2449 2546 1490745600
2449 2546 1490745600
2450 1725 1357430400
2450 1726 1357430400
2450 1366 1357430400
2450 442 1357430400
2450 442 1357430400
2450 2079 1357430400
2450 1737 1357430400
2450 445 1357430400
2451 1725 1306281600
2451 757 1313020800
2451 1767 1417305600
2451 1737 1426896000
2451 1726 1496275200
2452 256 1391299200
2452 1433 1415836800
2452 962 1422921600
2452 359 1423180800
2452 291 1430697600
2452 923 1436745600
2452 824 1445731200
2452 294 1445990400
2452 1388 1446422400
2452 1173 1449705600
2452 321 1451692800
2452 1147 1458000000
2452 1249 1458777600
2452 1461 1463616000
2452 373 1466294400
2452 1135 1466380800
2452 1106 1473120000
2452 325 1475539200
2452 252 1478649600
2452 1356 1478649600
2452 1037 1482105600
2452 1253 1485648000
2452 83 1502928000
2452 947 1512604800
2452 249 1525305600
2453 249 1476835200
2453 250 1476835200
2453 3483 1476835200
2453 3485 1476835200
2453 3484 1494806400
2454 3486 1423094400
2454 3487 1423094400
2454 250 1423094400
2454 3488 1423094400
2454 249 1430956800
2454 3489 1430956800
2455 1361 1510704000
2455 2285 1510704000
2455 1509 1517356800
2455 180 1517356800
2455 180 1517356800
2456 3490 1404604800
2456 180 1440201600
2456 180 1440201600
2456 1614 1448755200
2456 1509 1483488000
2457 3492 1475884800
2457 1509 1480032000
2457 180 1480032000
2457 180 1480032000
2457 2722 1480032000
2457 3491 1480032000
2457 1603 1480032000
2458 1433 1346025600
2458 3213 1458518400
2458 254 1466380800
2458 1509 1471046400
2458 2887 1491004800
2459 497 1393545600
2459 1509 1466812800
2459 1482 1466812800
2459 1603 1466812800
2459 3493 1501027200
2459 3494 1501632000
2460 1482 1441238400
2460 1868 1451001600
2460 188 1451001600
2460 191 1451001600
2460 1509 1458259200
2461 1968 1392595200
2461 1968 1392595200
2461 1583 1428883200
2461 1592 1442966400
2461 1509 1451952000
2461 1487 1484784000
2461 1642 1501027200
2461 427 1506038400
2462 397 1371600000
2462 397 1371600000
2462 421 1371600000
2462 397 1372032000
2462 397 1372032000
2462 1687 1402531200
2462 1687 1402531200
2462 1509 1435622400
2463 90 1425427200
2463 91 1425427200
2463 1509 1425945600
2463 1518 1426896000
2463 90 1428105600
2463 846 1428105600
2463 1670 1428105600
2463 1510 1428105600
2463 91 1428105600
2464 1509 1418256000
2464 1601 1418256000
2464 143 1418256000
2464 184 1426550400
2464 474 1426550400
2464 1482 1426550400
2465 1509 1408233600
2465 2339 1424649600
2465 3305 1424908800
2465 1869 1424908800
2465 50 1427673600
2465 1102 1427673600
2466 860 1390780800
2466 1509 1398902400
2466 1486 1398902400
2466 1520 1409184000
2466 3084 1415836800
2467 1509 1394841600
2467 1413 1394841600
2467 757 1438041600
2467 1846 1438041600
2467 180 1444176000
2467 180 1444176000
2468 846 1346630400
2468 1509 1388620800
2468 467 1388620800
2468 1691 1430524800
2468 3224 1436918400
2469 1509 1377820800
2469 749 1377820800
2469 3495 1377820800
2469 741 1391299200
2469 741 1391299200
2470 1502 1458691200
2470 180 1458691200
2470 180 1458691200
2470 3180 1458691200
2470 1542 1458691200
2471 1502 1441843200
2471 472 1441843200
2471 160 1441843200
2471 183 1441843200
2471 1658 1441843200
2471 184 1444867200
2472 1502 1434326400
2472 1965 1434326400
2472 1603 1434326400
2472 1211 1447891200
2472 184 1454198400
2473 606 1353369600
2473 2305 1354233600
2473 597 1356566400
2473 605 1356566400
2473 3159 1404259200
2473 3496 1404259200
2474 3497 1392854400
2474 3499 1418688000
2474 3498 1447200000
2474 3500 1447200000
2474 3501 1447200000
2474 1464 1464220800
2474 1490 1488931200
2475 1440 1263340800
2475 2691 1263340800
2475 1185 1412985600
2475 1457 1413072000
2475 357 1421107200
2475 345 1422057600
2475 3502 1437350400
2475 1399 1437350400
2475 260 1445990400
2475 1388 1445990400
2475 299 1446595200
2475 1314 1447200000
2475 1495 1447459200
2475 1376 1448582400
2475 1022 1479081600
2475 1191 1491350400
2475 90 1491609600
2475 1197 1497657600
2475 226 1498176000
2475 311 1498521600
2475 944 1501113600
2475 1145 1501113600
2475 1124 1501804800
2475 1331 1502409600
2475 248 1504310400
2475 937 1523577600
2475 242 1524182400
2475 33 1528416000
2475 1128 1528416000
2475 1259 1529366400
2475 340 1530835200
2476 2345 1356048000
2476 3503 1356048000
2476 31 1439596800
2476 520 1453420800
2476 520 1453420800
2477 3160 1376092800
2477 3504 1447891200
2477 1911 1447891200
2477 3505 1447891200
2477 2420 1497225600
2478 225 1317168000
2478 390 1317340800
2478 1372 1317340800
2478 3506 1317600000
2478 3507 1317686400
2479 618 1337731200
2479 390 1362355200
2479 3069 1362355200
2479 2016 1363737600
2479 3279 1411084800
2480 390 1354665600
2480 2145 1368403200
2480 2145 1368403200
2480 1127 1398211200
2480 3508 1526428800
2481 53 1433548800
2481 3509 1440288000
2481 195 1440892800
2481 649 1440892800
2481 195 1440892800
2481 649 1440892800
2481 2614 1476662400
2481 1191 1476835200
2481 1464 1501718400
2481 3162 1501718400
2482 529 1425254400
2482 3476 1431302400
2482 476 1450828800
2482 476 1461110400
2482 1464 1472601600
2482 3163 1487635200
2482 2464 1492387200
2483 219 1358985600
2483 2251 1360972800
2483 1205 1423958400
2483 3510 1426118400
2483 1464 1428537600
2483 652 1428537600
2483 3511 1429747200
2483 467 1438646400
2483 2366 1447200000
2483 259 1477958400
2484 397 1384819200
2484 397 1384819200
2484 421 1384819200
2484 1872 1386374400
2484 1464 1402358400
2484 3513 1402963200
2484 3512 1412294400
2484 1197 1421971200
2484 2468 1421971200
2484 3514 1435536000
2485 2619 1350950400
2485 129 1399161600
2485 529 1415404800
2485 3515 1423958400
2485 947 1456617600
2485 476 1468368000
2486 1482 1439164800
2486 3516 1469318400
2486 160 1469318400
2486 3517 1469318400
2486 1483 1469318400
2487 133 1504742400
2487 2992 1513123200
2487 680 1513123200
2487 1279 1513123200
2487 118 1513123200
2487 1296 1518307200
2487 1523 1518307200
2487 2321 1521763200
2487 498 1522540800
2487 3518 1522540800
2487 1473 1524787200
2487 1131 1524787200
2487 3519 1524787200
2487 125 1525219200
2487 125 1525219200
2487 550 1525219200
2487 3520 1529971200
2488 2992 1506902400
2488 1315 1506902400
2488 3521 1506902400
2488 2263 1506902400
2488 3522 1506902400
2488 450 1506902400
2488 3523 1506902400
2488 3524 1506902400
2488 3299 1506902400
2489 442 1494720000
2489 442 1494720000
2489 445 1494720000
2489 3525 1495929600
2489 2992 1497052800
2489 3526 1513814400
2490 2992 1485129600
2490 2314 1485129600
2490 2314 1485129600
2490 3527 1485129600
2490 3122 1485129600
2491 2263 1317772800
2491 1157 1418515200
2491 59 1419638400
2491 65 1420848000
2491 359 1423440000
2491 402 1431475200
2491 728 1432857600
2491 391 1444348800
2491 45 1445644800
2491 1388 1446249600
2491 824 1446595200
2491 952 1447804800
2491 14 1455408000
2491 1312 1457481600
2491 1312 1457481600
2491 240 1465344000
2491 1112 1466121600
2491 895 1466899200
2491 371 1469750400
2491 2992 1471737600
2491 1550 1471996800
2491 904 1472256000
2491 347 1475539200
2491 896 1477612800
2491 899 1485993600
2491 1133 1494288000
2491 1133 1494288000
2491 551 1494374400
2491 299 1494720000
2491 943 1496707200
2491 944 1501459200
2491 251 1502150400
2491 83 1502928000
2491 270 1503100800
2491 175 1521849600
2491 1405 1526342400
2491 1066 1526860800
2492 1306 1415059200
2492 3522 1419379200
2492 450 1419379200
2492 2992 1451952000
2492 1361 1451952000
2492 1704 1453507200
2493 2992 1405468800
2493 3529 1435363200
2493 2945 1503705600
2493 3528 1507248000
2493 3521 1511308800
2494 2992 1351209600
2494 3531 1351209600
2494 1208 1480204800
2494 3530 1484611200
2494 1013 1515542400
2494 3532 1517097600
2495 17 1304208000
2495 1900 1304208000
2495 1537 1306454400
2495 1037 1323820800
2495 1486 1327190400
2495 2262 1328486400
2496 3533 1411862400
2496 1384 1447113600
2496 33 1464220800
2496 1486 1502409600
2496 3534 1502409600
2496 749 1516147200
2497 31 1425600000
2497 180 1449360000
2497 180 1449360000
2497 1486 1485475200
2497 2634 1485475200
2498 3536 1456963200
2498 3535 1473811200
2498 31 1481414400
2498 1486 1485129600
2498 2274 1485129600
2498 3516 1485129600
2499 1128 1439251200
2499 1486 1466553600
2499 180 1468800000
2499 180 1468800000
2499 3537 1468800000
2499 3538 1486512000
2499 3127 1519862400
2500 3539 1366243200
2500 1486 1431648000
2500 182 1431648000
2500 1611 1432857600
2500 132 1435968000
2501 24 1364947200
2501 24 1364947200
2501 1486 1430265600
2501 3540 1430265600
2501 3541 1495324800
2502 180 1426896000
2502 180 1426896000
2502 1486 1430006400
2502 467 1430006400
2502 183 1433203200
2503 188 1411776000
2503 191 1411776000
2503 1486 1413849600
2503 2626 1461801600
2503 3542 1517616000
2504 3543 1369526400
2504 3379 1371945600
2504 2437 1407974400
2504 2437 1407974400
2504 873 1420588800
2504 873 1420588800
2504 873 1494547200
2504 873 1494547200
2504 858 1494547200
2505 3379 1353283200
2505 2801 1374796800
2505 3545 1386374400
2505 1197 1397520000
2505 883 1403654400
2505 3365 1403654400
2505 3544 1406073600
2505 2269 1423699200
2505 2008 1442102400
2506 1460 1299024000
2506 3547 1387584000
2506 885 1404950400
2506 2612 1405036800
2506 3546 1425859200
2506 1253 1435104000
2507 2366 1359244800
2507 3548 1359244800
2507 50 1370995200
2507 2612 1391817600
2507 1535 1458518400
2507 1113 1458518400
2508 2396 1346025600
2508 2588 1352678400
2508 1976 1360108800
2508 54 1369612800
2508 54 1369612800
2509 757 1450656000
2509 3549 1457913600
2509 3550 1484611200
2509 606 1484697600
2509 3012 1486166400
2510 98 1470873600
2510 546 1498262400
2510 3551 1498262400
2510 3552 1498262400
2510 2135 1498262400
2510 364 1499212800
2510 2183 1499212800
2511 98 1462233600
2511 1065 1462233600
2511 2006 1462233600
2511 3553 1462233600
2511 28 1462233600
2511 99 1462320000
2512 98 1436745600
2512 3554 1436745600
2512 3555 1436745600
2512 1911 1436745600
2512 2478 1461542400
2513 98 1396915200
2513 3556 1396915200
2513 2676 1406592000
2513 99 1438128000
2513 180 1438128000
2513 180 1438128000
2514 98 1372723200
2514 3558 1395187200
2514 1570 1428883200
2514 1571 1428883200
2514 3557 1431561600
2515 1434 1293753600
2515 2094 1325030400
2515 3275 1325030400
2515 1777 1325030400
2515 2094 1325030400
2515 3275 1325030400
2515 1777 1325030400
2515 98 1326499200
2516 3559 1470960000
2516 1413 1478304000
2516 2489 1479945600
2516 2113 1479945600
2516 2451 1479945600
2516 2924 1479945600
2516 2668 1484265600
2517 8 1468627200
2517 3560 1497657600
2517 1065 1506211200
2517 241 1506211200
2517 245 1506211200
2517 148 1534896000
2518 1065 1469059200
2518 1369 1469059200
2518 1369 1469059200
2518 1037 1469059200
2518 769 1469059200
2518 3561 1500681600
2519 1065 1462924800
2519 1689 1462924800
2519 26 1462924800
2519 8 1463011200
2519 643 1463529600
2520 1369 1415491200
2520 1369 1415491200
2520 1411 1415491200
2520 764 1423440000
2520 1065 1458604800
2520 45 1465430400
2521 1595 1414972800
2521 3244 1414972800
2521 56 1414972800
2521 2472 1414972800
2521 791 1414972800
2521 1065 1427760000
2521 1689 1427760000
2521 2360 1427760000
2522 8 1400976000
2522 129 1400976000
2522 1343 1403654400
2522 1065 1426723200
2522 440 1428537600
2523 1065 1421971200
2523 1689 1422662400
2523 2819 1424044800
2523 3563 1430697600
2523 2016 1431907200
2523 2985 1472774400
2523 3562 1485043200
2523 1890 1487030400
2523 1029 1506211200
2523 899 1525046400
2524 3565 1410134400
2524 1178 1410134400
2524 1178 1424217600
2524 3564 1461283200
2524 605 1461283200
2524 2292 1523750400
2525 3566 1391212800
2525 3567 1391212800
2525 2494 1423353600
2525 2120 1423353600
2525 2120 1423353600
2526 3568 1374019200
2526 2130 1374019200
2526 1786 1374019200
2526 2494 1399420800
2526 2126 1399420800
2526 976 1413417600
2527 2108 1443916800
2527 3569 1494806400
2527 3569 1494806400
2527 398 1502323200
2527 398 1502323200
2528 2109 1431043200
2528 256 1431043200
2528 1237 1431043200
2528 1727 1431561600
2528 3020 1432512000
2529 2109 1388707200
2529 1737 1388707200
2529 976 1388707200
2529 2111 1388707200
2529 1238 1395273600
2529 333 1395273600
2530 1737 1493424000
2530 1274 1493424000
2530 1726 1505865600
2530 2546 1514419200
2530 2546 1514419200
2531 1727 1493510400
2531 1737 1493510400
2531 1241 1493510400
2531 1992 1493510400
2531 1274 1493510400
2531 1726 1505260800
2532 1721 1300060800
2532 194 1300060800
2532 1722 1300665600
2532 1086 1389052800
2532 1274 1436832000
2532 1255 1436918400
2532 923 1437177600
2532 1241 1437264000
2532 1268 1437868800
2532 1053 1441324800
2532 299 1476748800
2532 1113 1485907200
2532 1726 1489881600
2533 1366 1414972800
2533 2546 1414972800
2533 2546 1414972800
2533 3265 1414972800
2533 1726 1486166400
2534 1238 1414022400
2534 1114 1415923200
2534 1039 1474243200
2534 1163 1477094400
2534 979 1479427200
2534 275 1480291200
2534 1726 1480377600
2534 1077 1493683200
2535 497 1437350400
2535 471 1451433600
2535 1726 1460419200
2535 398 1460419200
2535 398 1460419200
2535 3570 1460419200
2535 1457 1460419200
2535 2078 1460419200
2535 2660 1475366400
2535 711 1488672000
2536 1235 1386720000
2536 1772 1386720000
2536 1235 1386720000
2536 1772 1386720000
2536 1737 1386720000
2536 1726 1413849600
2537 1767 1355443200
2537 1726 1359072000
2537 1482 1366934400
2537 3215 1372809600
2537 427 1384560000
2537 633 1391472000
2538 2120 1376438400
2538 2120 1376438400
2538 2128 1427155200
2538 1771 1427155200
2538 1771 1427155200
2539 1366 1345507200
2539 3149 1351641600
2539 1413 1366588800
2539 2114 1372464000
2539 3571 1400630400
2539 2009 1431043200
2540 733 1353888000
2540 497 1386806400
2540 329 1392336000
2540 1092 1393891200
2540 1457 1413331200
2540 1235 1415577600
2540 1235 1415577600
2540 1992 1435795200
2540 1268 1437004800
2540 1241 1437436800
2540 1366 1474934400
2540 1119 1480550400
2540 1771 1495756800
2541 1366 1451520000
2541 2064 1451520000
2541 956 1451520000
2541 1703 1451692800
2541 1703 1451692800
2542 1366 1410566400
2542 226 1416787200
2542 2909 1416787200
2542 2473 1419206400
2542 3572 1438646400
2543 329 1447286400
2543 1729 1447286400
2543 1737 1447286400
2543 765 1447372800
2543 2659 1447372800
2544 329 1399248000
2544 1441 1438387200
2544 1110 1473120000
2544 1110 1473120000
2544 269 1483401600
2544 322 1485216000
2544 899 1487289600
2544 311 1500336000
2544 33 1526601600
2544 302 1527552000
2544 303 1528070400
2544 316 1528156800
2544 1058 1529193600
2544 39 1529280000
2545 329 1394841600
2545 66 1415059200
2545 1059 1415664000
2545 1276 1415664000
2545 1459 1433289600
2546 329 1394150400
2546 1051 1403481600
2546 1438 1419033600
2546 2328 1432425600
2546 824 1446336000
2546 1152 1453939200
2546 896 1458432000
2546 226 1498089600
2546 1102 1519776000
2546 796 1526515200
2547 329 1392249600
2547 1148 1404691200
2547 919 1409875200
2547 65 1418342400
2547 229 1445299200
2547 1711 1504656000
2547 1315 1510876800
2548 497 1329696000
2548 194 1380153600
2548 329 1391990400
2548 1457 1413244800
2548 1237 1414022400
2548 920 1417651200
2548 1986 1417651200
2548 922 1420156800
2548 923 1436745600
2548 79 1437177600
2548 1222 1437436800
2548 1255 1440806400
2548 1268 1440892800
2548 304 1444262400
2548 1082 1445126400
2548 358 1445731200
2548 1248 1448150400
2548 312 1448236800
2548 930 1449619200
2548 1078 1453075200
2548 1083 1459900800
2548 1187 1463616000
2548 257 1467331200
2548 375 1469145600
2548 307 1471824000
2548 535 1478563200
2548 1064 1478649600
2548 1009 1482192000
2548 1008 1483056000
2548 1246 1489363200
2548 1393 1492128000
2548 1239 1492300800
2548 302 1493164800
2548 1077 1493769600
2548 311 1500681600
2548 1071 1503273600
2548 749 1503360000
2548 945 1503360000
2548 316 1503532800
2548 1300 1504656000
2548 938 1513123200
2548 1212 1520467200
2549 949 1371081600
2549 329 1391472000
2549 1185 1413072000
2549 1970 1413676800
2549 1358 1414886400
2549 975 1415318400
2549 1267 1421280000
2549 1159 1421452800
2549 1380 1441670400
2549 297 1468800000
2549 3419 1516579200
2550 329 1391385600
2550 715 1418428800
2550 1262 1423785600
2550 1198 1457481600
2550 1199 1459123200
2550 1304 1459555200
2550 1014 1460937600
2550 959 1474934400
2550 982 1492732800
2551 329 1391212800
2551 1114 1415145600
2551 975 1416873600
2551 1201 1417132800
2551 195 1430784000
2551 195 1430784000
2551 939 1456617600
2551 1198 1457913600
2551 1052 1459209600
2551 935 1467936000
2551 299 1501286400
2551 242 1523404800
2551 1076 1534032000
2552 3121 1462233600
2552 442 1462233600
2552 442 1462233600
2552 445 1462233600
2552 3573 1465603200
2552 3573 1465603200
2552 135 1491696000
2553 3121 1403654400
2553 442 1403654400
2553 442 1403654400
2553 166 1403654400
2553 445 1403654400
2554 3574 1138752000
2554 941 1410134400
2554 1161 1410220800
2554 715 1418169600
2554 1002 1423353600
2554 1168 1434412800
2554 1255 1439856000
2554 306 1445558400
2554 170 1457827200
2554 3575 1461542400
2554 1103 1467849600
2554 270 1467849600
2554 271 1467936000
2554 1984 1469577600
2554 1163 1479513600
2554 1226 1487203200
2554 1204 1489622400
2554 1008 1499299200
2554 1338 1524960000
2555 711 1320192000
2555 3577 1386806400
2555 3576 1393200000
2555 3579 1393200000
2555 3578 1401494400
2555 2558 1414454400
2555 2558 1420243200
2556 3580 1355270400
2556 3581 1355270400
2556 3582 1355270400
2556 1544 1355270400
2556 1694 1355270400
2556 1533 1355270400
2556 2346 1355270400
2556 3583 1355270400
2556 3579 1355270400
2556 1968 1365638400
2556 1968 1365638400
2556 3576 1368748800
2556 2334 1373068800
2557 3580 1325635200
2557 3582 1325635200
2557 1544 1325635200
2557 417 1348358400
2557 419 1348358400
2557 3583 1355529600
2558 1694 1381276800
2558 3585 1381276800
2558 3584 1386374400
2558 3249 1386374400
2558 586 1424476800
2558 586 1424476800
2558 126 1425945600
2559 3586 1372723200
2559 3586 1372723200
2559 3584 1376784000
2559 658 1376784000
2559 790 1489622400
2560 2054 1380758400
2560 876 1385769600
2560 876 1385769600
2560 3587 1386374400
2560 3587 1386374400
2560 3280 1412467200
2560 3280 1412467200
2560 3588 1422144000
2560 3406 1431129600
2560 3406 1431129600
2560 1533 1456531200
2560 2334 1491609600
2561 2334 1466294400
2561 3576 1466294400
2561 3580 1466294400
2561 3582 1466294400
2561 3579 1466294400
2561 2838 1486684800
2561 1208 1486684800
2562 3589 1390867200
2562 2976 1396137600
2562 692 1396137600
2562 1533 1430870400
2562 2334 1433980800
2563 17 1257379200
2563 2334 1401926400
2563 2976 1401926400
2563 3591 1401926400
2563 3592 1419724800
2563 3590 1430006400
2563 3593 1433635200
2563 3594 1433635200
2564 1441 1364428800
2564 1544 1407542400
2564 3595 1423094400
2564 3596 1462406400
2564 1447 1491436800
2564 1533 1501632000
2565 37 1425340800
2565 37 1425340800
2565 3589 1426377600
2565 1533 1426377600
2565 3577 1426982400
2566 1533 1415491200
2566 3581 1415491200
2566 1544 1444780800
2566 1533 1470787200
2566 1143 1471651200
2566 1143 1471651200
2567 1533 1452729600
2567 2242 1452729600
2567 2243 1452729600
2567 11 1452729600
2567 3580 1452729600
2568 1533 1374883200
2568 1143 1402185600
2568 1143 1402185600
2568 779 1402185600
2568 288 1423958400
2569 1533 1368921600
2569 3597 1455494400
2569 1259 1491523200
2569 195 1493251200
2569 195 1493251200
2570 3037 1236384000
2570 209 1274140800
2570 209 1274140800
2570 3157 1392681600
2570 3036 1400976000
2571 3157 1354147200
2571 652 1370563200
2571 3396 1405728000
2571 3598 1410739200
2571 2089 1498953600
2571 3599 1500422400
2572 728 1448668800
2572 3601 1463788800
2572 3603 1463788800
2572 692 1469232000
2572 3602 1477785600
2572 1104 1480032000
2572 3600 1483920000
2572 497 1499558400
2572 423 1517616000
2573 3604 1463011200
2573 3604 1463011200
2573 3347 1469750400
2573 687 1470700800
2573 687 1470700800
2573 423 1478304000
2573 1723 1479340800
2573 1839 1501545600
2573 1839 1501545600
2573 3605 1501545600
2574 3607 1398297600
2574 793 1437782400
2574 3606 1455667200
2574 423 1456012800
2574 1904 1456012800
2574 2170 1486252800
2575 1337 1369267200
2575 2466 1386460800
2575 3525 1439251200
2575 423 1452729600
2575 2407 1452729600
2576 423 1436486400
2576 801 1436486400
2576 3608 1436486400
2576 1402 1436486400
2576 196 1436486400
2576 1247 1436486400
2576 3609 1436486400
2577 423 1417996800
2577 1488 1417996800
2577 1488 1417996800
2577 1488 1417996800
2577 1488 1417996800
2577 549 1521158400
2578 3613 1379203200
2578 423 1409702400
2578 3611 1409702400
2578 3612 1409702400
2578 2200 1409702400
2578 3610 1474156800
2578 321 1481155200
2579 1067 1376524800
2579 526 1395014400
2579 526 1395014400
2579 988 1397779200
2579 1161 1408233600
2579 1190 1414886400
2579 1286 1424649600
2579 681 1440460800
2579 681 1440460800
2579 1141 1451347200
2579 299 1494720000
2579 311 1499904000
2579 311 1499904000
2579 1123 1529366400
2580 922 1418428800
2580 1286 1423267200
2580 308 1443830400
2580 669 1467590400
2580 368 1469145600
2580 269 1479859200
2580 71 1488412800
2580 1178 1488844800
2580 262 1489968000
2580 303 1494115200
2580 1243 1495843200
2580 1008 1499126400
2580 2944 1511222400
2580 282 1515888000
2580 58 1519603200
2580 187 1523836800
2580 1330 1524182400
2581 1286 1423180800
2581 319 1443916800
2581 1216 1481932800
2581 898 1481932800
2581 1107 1484006400
2582 1126 1415491200
2582 1126 1415491200
2582 1286 1423094400
2582 1441 1441411200
2582 1395 1446595200
2582 1082 1447545600
2582 1249 1459036800
2582 265 1461024000
2582 257 1466899200
2582 368 1468713600
2582 1984 1469145600
2582 27 1474761600
2582 1202 1474761600
2582 90 1491436800
2582 91 1491436800
2582 39 1498435200
2582 753 1502582400
2583 1238 1413244800
2583 1302 1415232000
2583 203 1416787200
2583 1286 1423008000
2583 1078 1454025600
2583 670 1464220800
2584 618 1448496000
2584 3614 1477094400
2584 1350 1482192000
2584 2101 1484092800
2584 3408 1484784000
2584 3615 1484784000
2585 1350 1410480000
2585 3616 1410480000
2585 276 1485302400
2585 1162 1491264000
2585 2123 1491264000
2586 3279 1357257600
2586 2393 1370476800
2586 2057 1427760000
2586 2803 1477612800
2586 3617 1484611200
2587 3618 1291334400
2587 2115 1356048000
2587 2803 1392422400
2587 1411 1407283200
2587 3619 1435536000
2587 2379 1435536000
2588 1956 1364947200
2588 3226 1410998400
2588 2393 1417651200
2588 2782 1417651200
2588 3620 1420070400
2589 1823 1428451200
2589 575 1428451200
2589 482 1447459200
2589 471 1448755200
2589 2535 1450051200
2589 3621 1453420800
2589 3622 1453420800
2589 3623 1453420800
2590 2535 1205539200
2590 3604 1475366400
2590 3604 1475366400
2590 3625 1475366400
2590 3624 1495670400
2591 3626 1499990400
2591 1703 1500508800
2591 1703 1500508800
2591 1248 1500508800
2591 482 1509926400
2592 3627 1157846400
2592 528 1390608000
2592 1267 1420761600
2592 1931 1422748800
2592 1380 1437609600
2592 670 1464048000
2592 78 1477440000
2592 1122 1482019200
2592 303 1493510400
2592 482 1503792000
2592 1115 1512172800
2592 1143 1522713600
2593 1478 1389052800
2593 1478 1389052800
2593 226 1425772800
2593 1317 1456272000
2593 482 1472083200
2594 3014 1327536000
2594 2363 1371427200
2594 3628 1390521600
2594 2449 1428883200
2594 1719 1447200000
2594 1719 1447200000
2594 2949 1526515200
2595 1709 1465516800
2595 1709 1465516800
2595 1897 1465516800
2595 606 1465689600
2595 3014 1469059200
2596 1098 1439942400
2596 59 1458432000
2596 3629 1462060800
2596 2985 1462060800
2596 1219 1462060800
2597 416 1487203200
2597 1628 1487203200
2597 392 1490832000
2597 1530 1490832000
2597 1915 1490832000
2597 1583 1498435200
2598 3630 1409788800
2598 3630 1409788800
2598 3371 1411862400
2598 3371 1411862400
2598 599 1432857600
2598 2915 1432857600
2598 416 1470787200
2598 1487 1470787200
2598 1628 1470787200
2599 442 1374364800
2599 442 1374364800
2599 445 1374364800
2599 1627 1376956800
2599 416 1388275200
2599 3631 1402012800
2599 191 1413331200
2600 416 1366243200
2600 438 1377043200
2600 438 1377043200
2600 1671 1395964800
2600 1671 1395964800
2601 3633 1389744000
2601 3632 1391212800
2601 3632 1391212800
2601 2676 1391731200
2601 3459 1394409600
2601 3459 1394409600
2601 2131 1394668800
2601 3434 1394668800
2601 3459 1398384000
2601 3459 1398384000
2601 1786 1398384000
2601 1786 1401235200
2601 1778 1423440000
2601 3423 1433116800
2601 3423 1433116800
2601 2228 1433980800
2601 549 1451520000
2601 59 1485648000
2602 1398 1483056000
2602 1037 1490745600
2602 947 1515628800
2602 1090 1526428800
2602 782 1526947200
2602 1144 1531958400
2603 355 1415232000
2603 299 1445817600
2603 1258 1445990400
2603 1379 1465084800
2603 1356 1478908800
2603 1037 1485648000
2603 1091 1488585600
2603 947 1515456000
2603 551 1519257600
2603 1096 1528416000
2604 987 1445558400
2604 1352 1446163200
2604 19 1455148800
2604 947 1513728000
2604 342 1526342400
2605 1073 1444608000
2605 1289 1445558400
2605 1287 1457049600
2605 1226 1486771200
2605 947 1513209600
2605 1194 1524787200
2606 966 1415145600
2606 1158 1415232000
2606 527 1443225600
2606 1110 1472601600
2606 1110 1472601600
2606 276 1473292800
2606 1162 1474416000
2606 672 1501891200
2606 910 1507248000
2606 947 1512864000
2606 668 1523491200
2607 1163 1476316800
2607 1037 1481932800
2607 2373 1488326400
2607 1178 1488758400
2607 1062 1489881600
2607 1245 1493078400
2607 982 1493078400
2607 248 1497312000
2607 299 1501804800
2607 1056 1501804800
2607 947 1512345600
2607 551 1523923200
2607 1315 1525564800
2607 1144 1530057600
2607 1048 1530057600
2608 133 1435017600
2608 133 1435017600
2608 947 1487548800
2608 217 1492992000
2608 218 1492992000
2609 2985 1436313600
2609 234 1436313600
2609 930 1436313600
2609 947 1462406400
2609 1537 1470009600
2609 508 1470009600
2609 2224 1481846400
2610 1619 1424822400
2610 947 1425168000
2610 942 1444694400
2610 2213 1446595200
2610 141 1469318400
2611 232 1416873600
2611 1098 1416873600
2611 3634 1416873600
2611 947 1419638400
2611 94 1483056000
2611 1111 1486080000
2612 3637 1343606400
2612 1618 1344384000
2612 3636 1396051200
2612 769 1400112000
2612 947 1416960000
2612 2224 1418947200
2612 1471 1419638400
2612 511 1420329600
2612 3635 1424908800
2612 3638 1425168000
2612 1369 1425254400
2612 1369 1425254400
2612 2179 1465344000
2612 705 1467244800
2612 334 1467244800
2612 1098 1469923200
2612 2365 1480896000
2613 141 1495324800
2613 2224 1495324800
2613 511 1495324800
2613 511 1495324800
2613 1851 1495324800
2613 3639 1495324800
2614 1098 1481068800
2614 106 1481068800
2614 141 1486684800
2614 1369 1486684800
2614 1369 1486684800
2614 939 1486684800
2614 45 1486684800
2615 409 1464480000
2615 2241 1464480000
2615 1102 1464480000
2615 1481 1464480000
2615 3641 1464480000
2615 141 1474243200
2615 1618 1474243200
2615 3640 1474243200
2616 704 1473811200
2616 129 1473811200
2616 939 1473811200
2616 3629 1473811200
2616 485 1530489600
2617 141 1419811200
2617 1037 1424390400
2617 704 1472947200
2617 409 1472947200
2617 2268 1472947200
2618 704 1469232000
2618 3643 1469232000
2618 3642 1526428800
2618 58 1526428800
2618 187 1526428800
2619 1037 1359072000
2619 1682 1359072000
2619 2208 1359331200
2619 704 1359504000
2619 1116 1470441600
2619 133 1479340800
2619 45 1479427200
2620 3644 1460678400
2620 459 1460678400
2620 644 1473120000
2620 644 1473120000
2620 259 1473120000
2621 3644 1362009600
2621 3645 1362009600
2621 301 1366329600
2621 711 1366329600
2621 676 1368489600
2622 409 1452384000
2622 398 1452384000
2622 398 1452384000
2622 125 1461456000
2622 125 1461456000
2623 3264 1392508800
2623 816 1394668800
2623 692 1395187200
2623 409 1412553600
2623 3642 1412553600
2624 1671 1429920000
2624 1671 1429920000
2624 1573 1432684800
2624 1642 1432684800
2624 417 1432684800
2624 1593 1470009600
2625 1671 1421107200
2625 1671 1421107200
2625 1573 1428883200
2625 439 1428883200
2625 1343 1428883200
2625 1344 1428883200
2625 3363 1431043200
2626 292 1428624000
2626 1203 1433289600
2626 1053 1440720000
2626 69 1445212800
2626 348 1448582400
2626 252 1478908800
2626 1213 1523404800
2626 1270 1526428800
2627 1170 1453766400
2627 1355 1463270400
2627 978 1464307200
2627 1171 1474156800
2627 252 1478476800
2627 171 1485734400
2627 1404 1532995200
2628 74 1407801600
2628 75 1409356800
2628 967 1427673600
2628 304 1445472000
2628 358 1445817600
2628 1047 1466985600
2628 307 1470268800
2628 252 1478217600
2628 90 1494633600
2628 311 1504396800
2628 1034 1506124800
2628 619 1506297600
2628 1305 1520380800
2628 22 1525824000
2628 1144 1532131200
2629 310 1422921600
2629 960 1423612800
2629 252 1478131200
2629 1070 1479254400
2629 1393 1491264000
2629 1422 1523577600
2630 892 1391385600
2630 892 1391385600
2630 1092 1391385600
2630 969 1443052800
2630 260 1445472000
2630 280 1457049600
2630 1310 1467936000
2630 826 1468195200
2630 1038 1477785600
2630 252 1478131200
2630 1070 1478822400
2630 1298 1485475200
2630 1298 1485475200
2630 1428 1490140800
2630 80 1491436800
2630 248 1511568000
2631 1343 1403740800
2631 1384 1404432000
2631 252 1417910400
2631 1246 1439769600
2631 3646 1502582400
2632 715 1476921600
2632 324 1483747200
2632 322 1485388800
2632 1197 1498348800
2632 226 1498953600
2632 1336 1503100800
2632 270 1503705600
2632 749 1520812800
2632 1090 1525305600
2632 1095 1525564800
2632 1096 1525824000
2632 1076 1532995200
2632 1404 1533168000
2633 3647 1443484800
2633 3648 1447977600
2633 2060 1499817600
2633 1116 1512259200
2633 749 1520208000
2634 749 1515196800
2634 237 1515196800
2634 753 1515196800
2634 985 1515196800
2634 945 1515196800
2635 3649 1427932800
2635 2901 1428624000
2635 2901 1428624000
2635 3426 1428624000
2635 753 1491436800
2635 749 1508889600
2635 749 1508889600
2635 749 1508889600
2635 741 1508889600
2635 741 1508889600
2635 751 1508889600
2635 3422 1524787200
2636 1044 1403136000
2636 1005 1403136000
2636 1235 1413590400
2636 1235 1413590400
2636 200 1423699200
2636 1484 1442793600
2636 1376 1449964800
2636 1287 1459641600
2636 276 1474243200
2636 749 1508284800
2636 945 1508284800
2636 175 1524355200
2636 1048 1531353600
2637 1126 1416528000
2637 1126 1416528000
2637 1438 1421193600
2637 967 1427414400
2637 308 1443398400
2637 1079 1488931200
2637 749 1506470400
2637 1751 1506470400
2637 279 1514332800
2638 929 1415145600
2638 929 1415145600
2638 1433 1416700800
2638 274 1418860800
2638 1429 1423526400
2638 291 1432166400
2638 77 1444089600
2638 995 1445385600
2638 1142 1485820800
2638 902 1485820800
2638 955 1488758400
2638 749 1505779200
2638 1751 1505779200
2639 1358 1416096000
2639 1069 1418860800
2639 1125 1423094400
2639 219 1424995200
2639 981 1430006400
2639 932 1453852800
2639 939 1457136000
2639 1003 1481932800
2639 71 1488412800
2639 1246 1490745600
2639 998 1493510400
2639 749 1505779200
2639 945 1505779200
2639 323 1525046400
2639 1330 1526256000
2640 528 1391126400
2640 292 1428364800
2640 942 1445558400
2640 1357 1459382400
2640 1156 1461542400
2640 532 1468108800
2640 1253 1485388800
2640 311 1497916800
2640 1102 1497916800
2640 39 1499212800
2640 749 1503792000
2640 945 1503792000
2640 1260 1532908800
2641 1236 1392508800
2641 1046 1404864000
2641 1201 1416355200
2641 229 1446768000
2641 273 1448582400
2641 1209 1451692800
2641 1149 1457740800
2641 1309 1460851200
2641 1156 1461024000
2641 1187 1463011200
2641 1225 1467936000
2641 371 1469577600
2641 1299 1477008000
2641 252 1479427200
2641 1250 1483488000
2641 243 1485561600
2641 1071 1502668800
2641 749 1503705600
2641 1751 1503705600
2641 246 1526688000
2641 1404 1532476800
2642 1184 1377043200
2642 946 1487548800
2642 749 1503705600
2642 945 1503705600
2642 910 1508889600
2642 1123 1523232000
2643 1172 1432166400
2643 1202 1475107200
2643 1243 1494633600
2643 39 1497484800
2643 749 1503532800
2643 1751 1503532800
2643 753 1516147200
2644 1120 1376438400
2644 528 1392249600
2644 2383 1411344000
2644 1114 1414540800
2644 1434 1442448000
2644 1395 1446768000
2644 542 1466985600
2644 669 1467849600
2644 1031 1467936000
2644 375 1468972800
2644 302 1492473600
2644 749 1503446400
2644 945 1503446400
2644 1108 1511222400
2644 963 1516579200
2644 1144 1531267200
2644 1076 1533513600
2644 953 1534032000
2645 258 1392854400
2645 1129 1400112000
2645 1358 1415232000
2645 972 1419033600
2645 219 1440460800
2645 220 1440460800
2645 69 1444867200
2645 240 1466985600
2645 245 1467072000
2645 542 1468454400
2645 1012 1470528000
2645 341 1482969600
2645 80 1490572800
2645 226 1498176000
2645 749 1503446400
2645 945 1503446400
2645 577 1507766400
2645 1257 1515369600
2646 1043 1399420800
2646 349 1401321600
2646 353 1401321600
2646 1274 1436832000
2646 79 1437696000
2646 1258 1445472000
2646 943 1446076800
2646 1098 1447459200
2646 1206 1458777600
2646 1135 1466726400
2646 1112 1466985600
2646 895 1467244800
2646 669 1467936000
2646 371 1469318400
2646 551 1477612800
2646 262 1490313600
2646 311 1498348800
2646 749 1503446400
2646 945 1503446400
2646 175 1524182400
2646 1095 1525996800
2647 619 1486166400
2647 1056 1501632000
2647 749 1503014400
2647 1751 1503014400
2647 901 1511308800
2647 667 1517875200
2647 668 1524787200
2648 1236 1390348800
2648 975 1415491200
2648 1309 1459900800
2648 1253 1486339200
2648 226 1497657600
2648 749 1502668800
2648 945 1502668800
2649 530 1414800000
2649 199 1415059200
2649 1121 1433203200
2649 1484 1441929600
2649 835 1442102400
2649 1289 1445385600
2649 140 1445990400
2649 1136 1446336000
2649 498 1449532800
2649 2341 1459641600
2649 245 1460505600
2649 240 1465084800
2649 1112 1466553600
2649 532 1467763200
2649 998 1488412800
2649 1428 1488412800
2649 749 1502496000
2649 945 1502496000
2649 901 1510704000
2649 1177 1516406400
2650 749 1487376000
2650 2424 1487376000
2650 707 1493078400
2650 2888 1493596800
2650 3421 1505692800
2650 1336 1530144000
2651 3650 1480464000
2651 749 1484006400
2651 741 1484006400
2651 741 1484006400
2651 3108 1484006400
2651 743 1484006400
2652 3651 1371600000
2652 2901 1381017600
2652 2901 1381017600
2652 3426 1381017600
2652 749 1460332800
2652 741 1460332800
2652 741 1460332800
2653 22 1426896000
2653 3507 1427155200
2653 427 1442534400
2653 17 1448841600
2653 3084 1448841600
2653 1060 1457654400
2653 749 1458950400
2654 749 1438387200
2654 2901 1438387200
2654 2901 1438387200
2654 741 1447027200
2654 741 1447027200
2654 749 1456876800
2654 751 1456876800
2654 3421 1457308800
2655 749 1428624000
2655 1128 1428624000
2655 397 1458604800
2655 397 1458604800
2655 2386 1458604800
2656 2901 1405814400
2656 2901 1405814400
2656 749 1407283200
2656 749 1407283200
2656 741 1407283200
2656 741 1407283200
2657 749 1395100800
2657 749 1395100800
2657 3441 1395100800
2657 2250 1395100800
2657 741 1395100800
2657 741 1395100800
2657 3633 1403136000
2658 749 1394841600
2658 2901 1394841600
2658 741 1394841600
2658 2901 1394841600
2658 741 1394841600
2659 1990 1411603200
2659 1748 1411603200
2659 378 1411603200
2659 1721 1454803200
2659 1265 1478131200
2660 1721 1413936000
2660 1235 1420502400
2660 1772 1420502400
2660 1235 1420502400
2660 1772 1420502400
2660 1086 1452556800
2661 166 1465948800
2661 1893 1465948800
2661 3652 1465948800
2661 564 1496966400
2661 1253 1496966400
2661 1060 1497225600
2662 564 1489795200
2662 559 1489795200
2662 398 1489795200
2662 398 1489795200
2662 3378 1489795200
2662 1512 1489795200
2663 3653 1421712000
2663 2853 1421712000
2663 564 1473465600
2663 2185 1489104000
2663 2185 1489104000
2664 564 1473206400
2664 125 1473206400
2664 125 1473206400
2664 56 1473206400
2664 794 1473206400
2665 564 1465344000
2665 1719 1465344000
2665 1719 1465344000
2665 2630 1465344000
2665 2962 1465344000
2666 2647 1425859200
2666 564 1435708800
2666 1719 1471564800
2666 398 1471564800
2666 1719 1471564800
2666 398 1471564800
2667 564 1432166400
2667 3578 1432166400
2667 3655 1432166400
2667 1635 1441756800
2667 3654 1465430400
2668 3657 1400025600
2668 3657 1400025600
2668 564 1423180800
2668 559 1423180800
2668 3656 1423180800
2668 398 1423180800
2668 3656 1423180800
2668 398 1423180800
2668 2185 1428537600
2668 2185 1428537600
2668 92 1428537600
2669 658 1388793600
2669 3658 1393113600
2669 564 1401580800
2669 1862 1441843200
2669 2962 1447632000
2670 1741 1453939200
2670 3256 1453939200
2670 3256 1453939200
2670 3535 1473292800
2670 3659 1475366400
2670 3660 1475366400
2670 3661 1478217600
2670 3662 1478217600
2670 3663 1478217600
2670 2887 1483920000
2670 1709 1484956800
2670 1709 1484956800
2670 549 1486252800
2670 2420 1488844800
2670 2802 1488844800
2670 1707 1497139200
2670 2887 1497139200
2670 707 1517961600
2671 1741 1390780800
2671 2886 1390780800
2671 2120 1390780800
2671 1747 1390780800
2671 2886 1390780800
2671 2120 1390780800
2671 1747 1390780800
2671 2131 1390780800
2671 1786 1390780800
2671 3664 1390780800
2672 992 1376179200
2672 2663 1430956800
2672 2927 1430956800
2672 453 1432598400
2672 3666 1433116800
2672 3665 1473552000
2673 3152 1466208000
2673 3668 1467244800
2673 3669 1467244800
2673 1727 1467936000
2673 2696 1467936000
2673 123 1467936000
2673 2363 1467936000
2673 659 1467936000
2673 3667 1467936000
2673 677 1467936000
2673 190 1510099200
2673 3670 1510099200
2674 1711 1451952000
2674 1727 1460937600
2674 1730 1463011200
2674 3440 1475020800
2674 1710 1496275200
2675 1727 1417824000
2675 1737 1417824000
2675 3671 1417824000
2675 1241 1433721600
2675 333 1479254400
2675 2104 1482105600
2675 1992 1482105600
2676 1727 1339632000
2676 1235 1339632000
2676 1235 1339632000
2676 2064 1340496000
2676 1737 1347235200
2676 378 1363996800
2676 3672 1371686400
2676 1457 1375228800
2676 497 1401840000
2677 1706 1271289600
2677 3673 1347235200
2677 1059 1521936000
2677 1315 1522108800
2677 3674 1529020800
2678 724 1480723200
2678 1706 1484870400
2678 2054 1486425600
2678 388 1518220800
2678 125 1522281600
2678 125 1522281600
2679 1312 1168905600
2679 1312 1168905600
2679 17 1241395200
2679 123 1389312000
2679 1588 1389312000
2679 1085 1403136000
2679 1148 1407283200
2679 3027 1418515200
2679 1706 1429401600
2680 1706 1399075200
2680 388 1399075200
2680 388 1401926400
2680 245 1408406400
2680 2909 1414022400
2680 2167 1455840000
2681 1808 1272153600
2681 685 1287100800
2681 1706 1305244800
2681 3675 1305244800
2681 3675 1305244800
2681 3676 1472083200
2681 3677 1493251200
2682 168 1406419200
2682 2360 1406419200
2682 3194 1406419200
2682 1719 1414886400
2682 1719 1414886400
2683 1487 1355443200
2683 188 1357516800
2683 168 1400284800
2683 132 1450224000
2683 1804 1450224000
2683 1814 1450224000
2683 1562 1450224000
2684 1938 1343433600
2684 168 1344470400
2684 1407 1424390400
2684 195 1438128000
2684 195 1438128000
2684 2960 1523318400
2685 398 1277510400
2685 398 1277510400
2685 2369 1299024000
2685 168 1316304000
2685 1981 1321833600
2685 1981 1321833600
2685 3097 1352678400
2685 162 1362614400
2685 3678 1428883200
2685 3679 1477612800
2685 1932 1520121600
2686 168 1195257600
2686 1358 1415404800
2686 1311 1457568000
2686 1301 1458086400
2686 1058 1494806400
2687 1114 1414454400
2687 1190 1414713600
2687 66 1415059200
2687 274 1419638400
2687 1125 1423267200
2687 68 1435881600
2687 315 1444867200
2687 304 1445558400
2687 1134 1449446400
2687 1163 1480032000
2688 1125 1422835200
2688 1930 1430697600
2688 86 1488672000
2688 1075 1508889600
2688 1259 1525651200
2689 2703 1487376000
2689 2089 1488758400
2689 3680 1514592000
2689 1430 1514678400
2689 2925 1517616000
2690 2930 1494806400
2690 3682 1494806400
2690 3681 1507766400
2690 2089 1509408000
2690 1430 1510876800
2691 1430 1399939200
2691 1413 1420761600
2691 2319 1420761600
2691 1846 1517616000
2691 2924 1517616000
2692 2064 1380240000
2692 757 1380931200
2692 1430 1393286400
2692 1413 1410566400
2692 757 1433116800
2692 3465 1433116800
2693 873 1200355200
2693 873 1200355200
2693 2242 1200355200
2693 565 1328400000
2693 3235 1328486400
2694 2833 1326499200
2694 119 1524873600
2694 120 1524873600
2694 3225 1524873600
2694 3683 1524873600
2695 2346 1361059200
2695 1968 1365292800
2695 1968 1365292800
2695 680 1413763200
2695 8 1413763200
2695 243 1482883200
2696 2346 1430611200
2696 2072 1430611200
2696 1968 1430611200
2696 2072 1430611200
2696 1968 1430611200
2697 1655 1367452800
2697 2115 1392336000
2697 2346 1423440000
2697 1400 1423440000
2697 3684 1498608000
2697 861 1516060800
2698 1402 1418688000
2698 3685 1431302400
2698 3687 1431302400
2698 3686 1465603200
2698 863 1510272000
2699 352 1400112000
2699 296 1414886400
2699 77 1443830400
2699 952 1450742400
2699 998 1491264000
2699 2115 1492041600
2700 865 1429142400
2700 2115 1463788800
2700 1672 1463788800
2700 610 1463788800
2700 835 1492646400
2701 132 1405382400
2701 1814 1405382400
2701 2204 1436486400
2701 2115 1458345600
2701 885 1458345600
2701 1692 1470355200
2702 2115 1449100800
2702 26 1449100800
2702 1482 1449100800
2702 1517 1449100800
2702 551 1470700800
2703 2115 1440892800
2703 1968 1440892800
2703 1968 1440892800
2703 617 1440892800
2703 825 1487203200
2703 2346 1499212800
2703 2027 1499212800
2704 497 1405728000
2704 2066 1405728000
2704 378 1409961600
2704 1737 1421971200
2704 2115 1429401600
2705 2115 1405641600
2705 42 1405641600
2705 42 1405641600
2705 2305 1405641600
2705 1818 1405641600
2705 3212 1405641600
2705 3688 1405641600
2705 863 1405641600
2705 3689 1405641600
2705 3690 1405641600
2706 2505 1362268800
2706 1837 1394064000
2706 398 1445644800
2706 398 1445644800
2706 3691 1456704000
2707 2532 1395187200
2707 113 1441411200
2707 1642 1478908800
2707 1530 1478908800
2707 1594 1478908800
2707 30 1480550400
2708 1642 1468195200
2708 1487 1468195200
2708 1627 1468195200
2708 419 1468195200
2708 1584 1468195200
2709 1642 1422230400
2709 417 1422230400
2709 673 1422230400
2709 673 1422230400
2709 1627 1422230400
2710 1642 1409616000
2710 417 1409616000
2710 2576 1409616000
2710 1663 1409616000
2710 3692 1439769600
2711 1642 1380672000
2711 1578 1380672000
2711 1530 1380672000
2711 1530 1380672000
2711 1487 1385510400
2712 397 1395705600
2712 397 1395705600
2712 421 1395705600
2712 3694 1397001600
2712 1686 1398297600
2712 1686 1398297600
2712 3693 1431993600
2713 3695 1291075200
2713 3695 1291075200
2713 3696 1294012800
2713 1400 1356566400
2713 384 1403222400
2713 1537 1407888000
2713 2181 1532995200
2714 1654 1377820800
2714 3697 1425081600
2714 489 1450137600
2714 489 1450137600
2714 1900 1450137600
2714 801 1483142400
2714 685 1503792000
2714 2539 1503792000
2715 791 1405900800
2715 685 1414972800
2715 3698 1418342400
2715 885 1419984000
2715 129 1499472000
2716 685 1219795200
2716 17 1235952000
2716 219 1340668800
2716 2406 1413936000
2716 2406 1413936000
2716 2473 1426204800
2716 3699 1434326400
2716 3700 1492473600
2716 219 1500854400
2716 220 1500854400
2717 3702 1299628800
2717 481 1300320000
2717 481 1300320000
2717 1406 1303862400
2717 3706 1312588800
2717 3701 1358812800
2717 1524 1358812800
2717 1989 1360022400
2717 2588 1360022400
2717 3705 1364428800
2717 24 1366848000
2717 24 1366848000
2717 24 1367798400
2717 24 1367798400
2717 1405 1369958400
2717 1401 1370563200
2717 3703 1370563200
2717 1820 1370563200
2717 3704 1375315200
2717 397 1377302400
2717 397 1377302400
2717 402 1380931200
2717 2765 1381017600
2717 2765 1381017600
2717 2766 1381017600
2717 1538 1388966400
2717 3264 1394755200
2717 1962 1395100800
2717 1963 1395273600
2717 2359 1396569600
2717 2227 1404086400
2717 3650 1405036800
2717 1943 1406937600
2717 3707 1407024000
2717 2354 1429920000
2717 950 1459382400
2718 1128 1466035200
2718 33 1466035200
2718 99 1525651200
2718 788 1525651200
2718 171 1525651200
2718 899 1525651200
2719 2250 1453939200
2719 2250 1453939200
2719 3708 1453939200
2719 1852 1453939200
2719 3709 1453939200
2719 853 1454025600
2719 3036 1454025600
2720 2250 1453075200
2720 3420 1453075200
2720 3423 1453075200
2720 3710 1466208000
2720 745 1471219200
2721 2965 1391644800
2721 1871 1391644800
2721 2250 1424736000
2721 741 1424736000
2721 741 1424736000
2721 1305 1424736000
2721 2183 1534723200
2722 3711 1482883200
2722 1913 1498176000
2722 30 1498176000
2722 2385 1498176000
2722 1009 1510617600
2722 99 1522108800
2723 1179 1518825600
2723 1548 1518825600
2723 983 1520121600
2723 2625 1520208000
2723 45 1521331200
2723 99 1521763200
2723 2776 1522368000
2723 129 1523145600
2723 811 1523232000
2723 479 1523491200
2723 2342 1523577600
2723 3712 1523836800
2723 2760 1525046400
2723 119 1525651200
2723 3713 1525910400
2723 620 1525996800
2723 598 1525996800
2723 1717 1531440000
2723 866 1531872000
2723 3714 1535068800
2724 37 1416355200
2724 37 1416355200
2724 2268 1433376000
2724 512 1456444800
2724 99 1521244800
2725 1253 1367971200
2725 1253 1372291200
2725 3548 1383868800
2725 50 1421452800
2725 2384 1432252800
2725 3715 1461196800
2725 99 1480896000
2726 99 1455667200
2726 2146 1458172800
2726 2097 1460678400
2726 3716 1474675200
2726 475 1513814400
2726 162 1515196800
2727 99 1371254400
2727 2631 1423180800
2727 2631 1423180800
2727 3717 1423180800
2727 2295 1457049600
2727 2457 1519516800
2728 99 1361664000
2728 52 1385424000
2728 790 1385424000
2728 2894 1414454400
2728 3718 1417478400
2728 859 1500508800
2729 1672 1381795200
2729 1968 1381795200
2729 1968 1381795200
2729 1066 1427846400
2729 3719 1492646400
2730 1638 1346371200
2730 3721 1364688000
2730 160 1370044800
2730 3720 1437523200
2730 2996 1440979200
2730 3256 1443830400
2730 3256 1443830400
2730 3660 1479772800
2730 3659 1483660800
2730 509 1487980800
2730 2366 1488326400
2731 765 1377043200
2731 427 1405555200
2731 489 1411948800
2731 489 1411948800
2731 802 1423440000
2731 2145 1427155200
2731 2145 1427155200
2731 3722 1435104000
2731 398 1438819200
2731 398 1438819200
2731 2366 1486252800
2731 162 1494979200
2731 1376 1525305600
2732 3723 1405641600
2732 160 1451692800
2732 2366 1463184000
2732 3548 1494028800
2732 2091 1515801600
2733 3218 1390867200
2733 3212 1397779200
2733 2366 1462320000
2733 180 1462320000
2733 180 1462320000
2733 3724 1508803200
2734 1869 1388707200
2734 50 1402012800
2734 1805 1402012800
2734 2950 1402704000
2734 3472 1406937600
2734 2366 1407369600
2734 643 1407369600
2734 1869 1407369600
2735 3548 1261526400
2735 427 1394323200
2735 427 1394323200
2735 2366 1403740800
2735 50 1403740800
2735 51 1403740800
2736 2366 1390521600
2736 50 1390521600
2736 427 1461456000
2736 3472 1480204800
2736 2666 1480204800
2737 2366 1340755200
2737 1707 1466553600
2737 821 1466553600
2737 766 1469577600
2737 2680 1469577600
2737 1374 1491350400
2737 1554 1501718400
2738 2366 1340236800
2738 50 1340236800
2738 440 1373068800
2738 3725 1373068800
2738 3726 1373068800
2739 2338 1372636800
2739 2338 1372636800
2739 1143 1379721600
2739 1143 1379721600
2739 175 1379721600
2739 3728 1394668800
2739 1590 1397174400
2739 1539 1397174400
2739 516 1421971200
2739 3727 1430179200
2739 346 1465430400
2739 2344 1465430400
2739 3729 1465430400
2739 2341 1473984000
2740 3727 1379808000
2740 33 1466812800
2740 1709 1479081600
2740 1709 1479081600
2740 2887 1479081600
2740 707 1510358400
2741 1653 1357516800
2741 3727 1366329600
2741 3731 1405987200
2741 625 1415577600
2741 3730 1437177600
2741 1698 1461369600
2742 59 1407888000
2742 3732 1407888000
2742 2064 1409702400
2742 534 1421193600
2742 1241 1483488000
2742 378 1483833600
2743 3069 1380931200
2743 3163 1396742400
2743 3733 1397779200
2743 3163 1402099200
2743 50 1458086400
2743 3162 1518220800
2744 1815 1164585600
2744 3734 1244246400
2744 3735 1244246400
2744 28 1317772800
2744 27 1333152000
2744 1441 1333152000
2744 332 1397865600
2744 274 1418688000
2744 1267 1422489600
2744 310 1423094400
2744 551 1452556800
2744 1424 1459814400
2744 1112 1466899200
2744 1020 1468713600
2744 174 1523491200
2745 193 1423094400
2745 217 1425859200
2745 218 1425859200
2745 285 1448928000
2745 1241 1451520000
2745 1078 1453420800
2745 3736 1468368000
2745 3049 1471824000
2745 243 1494028800
2745 672 1502236800
2745 938 1510790400
2745 323 1524182400
2745 1029 1525737600
2746 1120 1375401600
2746 2383 1411171200
2746 530 1415059200
2746 975 1415664000
2746 193 1422921600
2746 290 1431129600
2746 1223 1448409600
2746 769 1450137600
2746 330 1453420800
2746 7 1455494400
2747 193 1423872000
2747 289 1434153600
2747 1301 1458000000
2747 1331 1507334400
2747 272 1527984000
2748 372 1401753600
2748 929 1414800000
2748 929 1414800000
2748 975 1415491200
2748 1190 1415750400
2748 336 1416268800
2748 193 1423526400
2748 527 1444262400
2748 824 1444953600
2748 1240 1446422400
2748 954 1458691200
2748 905 1469404800
2748 78 1477612800
2748 338 1479686400
2748 320 1499558400
2748 335 1501372800
2748 311 1501459200
2749 193 1423526400
2749 1150 1424649600
2749 1203 1433116800
2749 987 1445040000
2749 1099 1457827200
2749 311 1498780800
2749 1282 1499558400
2749 335 1499558400
2749 226 1500508800
2749 311 1500508800
2749 39 1500940800
2749 279 1511222400
2749 1293 1527206400
2750 956 1403827200
2750 1201 1417737600
2750 193 1423353600
2750 244 1430006400
2750 1078 1454284800
2750 1311 1458172800
2751 193 1423094400
2751 3260 1433462400
2751 1360 1435968000
2751 67 1444780800
2751 1082 1445040000
2751 1335 1454976000
2751 280 1457481600
2751 1284 1458086400
2751 338 1479340800
2751 1142 1484006400
2751 1060 1486857600
2751 90 1495670400
2751 91 1495670400
2751 311 1499040000
2751 335 1501459200
2751 311 1501545600
2752 275 1397606400
2752 988 1397952000
2752 530 1414627200
2752 1276 1415059200
2752 345 1416528000
2752 350 1422230400
2752 1429 1422835200
2752 1168 1430956800
2752 1462 1433548800
2752 1255 1437091200
2752 1146 1446768000
2752 825 1447200000
2752 273 1447977600
2752 1141 1448668800
2752 1173 1448928000
2752 1152 1451347200
2752 257 1466467200
2752 297 1467676800
2752 532 1467849600
2752 1020 1468195200
2752 369 1468281600
2752 1225 1468368000
2752 375 1468627200
2752 997 1468713600
2752 1140 1473465600
2752 959 1475193600
2752 1064 1478736000
2752 1139 1485734400
2752 1393 1491523200
2753 484 1462492800
2753 3738 1469577600
2753 3737 1488240000
2753 28 1488240000
2753 219 1517443200
2753 220 1517443200
2754 2006 1479427200
2754 3595 1480809600
2754 1441 1481328000
2754 1711 1481932800
2754 3740 1482105600
2754 28 1482451200
2754 1710 1482624000
2754 347 1482710400
2754 3737 1482883200
2754 3739 1492387200
2754 481 1492646400
2754 481 1492646400
2754 728 1492819200
2754 481 1492992000
2754 481 1492992000
2754 2214 1524700800
2754 535 1532476800
2755 29 1422489600
2755 28 1471392000
2755 3737 1475107200
2755 3740 1475107200
2755 3741 1486771200
2756 1320 1431907200
2756 3744 1431907200
2756 3745 1431907200
2756 3737 1432598400
2756 3742 1432598400
2756 3595 1432598400
2756 28 1432598400
2756 3743 1432598400
2757 3737 1423958400
2757 3553 1423958400
2757 3747 1423958400
2757 28 1423958400
2757 2091 1436745600
2757 3746 1436745600
2757 347 1436745600
2757 3748 1436745600
2757 3749 1436745600
2758 1081 1415404800
2758 1220 1416182400
2758 336 1416182400
2758 3260 1435449600
2758 1258 1445731200
2758 45 1445731200
2758 1309 1460160000
2758 1105 1469059200
2758 1282 1498348800
2758 311 1498348800
2758 3012 1503878400
2759 2870 1369612800
2759 2870 1369612800
2759 3750 1425340800
2759 3751 1425340800
2759 1723 1461456000
2759 3012 1501027200
2760 3752 1437264000
2760 3753 1437264000
2760 3440 1439078400
2760 3469 1444867200
2760 3012 1476835200
2761 2258 1461456000
2761 728 1466208000
2761 2195 1489190400
2761 3754 1494633600
2761 36 1506902400
2762 206 1432944000
2762 234 1432944000
2762 45 1432944000
2762 680 1433289600
2762 3755 1478736000
2762 3756 1492214400
2762 36 1502323200
2762 508 1502323200
2762 50 1518912000
2762 3757 1526947200
2763 36 1499126400
2763 2640 1499126400
2763 3189 1503273600
2763 3758 1525392000
2763 1820 1525996800
2764 117 1455235200
2764 676 1483833600
2764 1379 1483833600
2764 36 1484006400
2764 2939 1484438400
2765 442 1460592000
2765 442 1460592000
2765 445 1460592000
2765 603 1477353600
2765 36 1481587200
2766 2640 1436832000
2766 206 1440201600
2766 36 1463702400
2766 125 1463702400
2766 125 1463702400
2766 2306 1463702400
2766 3657 1470614400
2766 3657 1470614400
2767 17 1380067200
2767 2430 1424908800
2767 189 1424908800
2767 1320 1425513600
2767 613 1425513600
2767 36 1436572800
2768 36 1432771200
2768 3423 1432771200
2768 3423 1432771200
2768 3759 1432771200
2768 3760 1432771200
2768 1468 1432771200
2768 3761 1432771200
2768 752 1432771200
2768 1698 1444608000
2769 717 1424390400
2769 1770 1442188800
2769 2360 1448236800
2769 420 1449964800
2769 768 1449964800
2769 1460 1449964800
2769 2724 1449964800
2769 1862 1451088000
2769 205 1452902400
2770 2530 1398470400
2770 478 1398470400
2770 478 1398470400
2770 3762 1398470400
2770 478 1431043200
2770 478 1431043200
2770 205 1438992000
2770 30 1456790400
2770 3763 1492905600
2771 504 1399593600
2771 3764 1412812800
2771 1971 1417996800
2771 999 1417996800
2771 205 1432166400
2771 717 1432166400
2772 497 1520467200
2772 243 1520467200
2772 1711 1520467200
2772 1100 1520467200
2772 3203 1520467200
2772 3765 1520467200
2773 795 1481932800
2773 398 1488240000
2773 398 1488240000
2773 516 1488412800
2773 125 1512518400
2773 125 1512518400
2773 549 1512518400
2773 497 1516752000
2774 2930 1466380800
2774 3283 1466380800
2774 3766 1487721600
2774 497 1487808000
2774 3767 1510272000
2775 217 1449619200
2775 217 1449619200
2775 218 1449619200
2775 218 1449619200
2775 497 1480982400
2776 1656 1438041600
2776 497 1463875200
2776 125 1463875200
2776 125 1463875200
2776 3768 1463875200
2777 497 1449792000
2777 2448 1460764800
2777 3769 1460764800
2777 3152 1460764800
2777 3435 1516147200
2778 497 1438732800
2778 24 1438732800
2778 24 1438732800
2778 24 1438732800
2778 24 1438732800
2779 1722 1516838400
2779 2660 1516838400
2779 1992 1516838400
2779 3770 1516838400
2779 1274 1516838400
2780 2219 1367712000
2780 94 1367712000
2780 2984 1374105600
2780 129 1381708800
2780 497 1388448000
2780 3771 1421798400
2781 275 1396483200
2781 1355 1463702400
2781 1461 1463702400
2781 1310 1467936000
2781 1041 1475193600
2781 1041 1475193600
2781 1307 1494892800
2781 1722 1510790400
2782 3772 1325289600
2782 497 1357516800
2782 1085 1390780800
2782 534 1402272000
2782 1238 1413849600
2782 1131 1431302400
2782 1136 1445990400
2783 256 1356048000
2783 497 1356566400
2783 3295 1392940800
2783 3773 1392940800
2783 350 1453507200
2784 497 1347926400
2784 166 1410652800
2784 791 1426464000
2784 1877 1428278400
2784 1411 1428969600
2784 812 1428969600
2784 2094 1439078400
2784 2094 1439078400
2784 2401 1439078400
2784 2549 1480291200
2785 497 1314835200
2785 1747 1314835200
2785 1747 1314835200
2785 3774 1314835200
2785 1068 1316044800
2786 3775 1384905600
2786 843 1390262400
2786 1722 1485302400
2786 2305 1489017600
2786 1100 1491523200
2786 907 1491523200
2786 1393 1497830400
2786 2614 1500940800
2786 549 1502582400
2786 3203 1502582400
2786 1820 1520208000
2786 3703 1520208000
2786 1128 1526428800
2786 2766 1526428800
2787 1722 1419811200
2787 728 1512259200
2787 3777 1522454400
2787 3778 1522454400
2787 3776 1524441600
2788 2935 1370304000
2788 1327 1372464000
2788 3779 1383523200
2788 3779 1383523200
2788 1722 1419638400
2788 3780 1419638400
2789 2737 1389571200
2789 3783 1402617600
2789 1722 1406246400
2789 3782 1408579200
2789 3785 1457222400
2789 1361 1458259200
2789 3781 1460678400
2789 3784 1462492800
2789 3786 1462579200
2789 847 1475020800
2790 736 1450310400
2790 3789 1450310400
2790 3787 1464393600
2790 3788 1464393600
2790 3308 1464393600
2790 3790 1464393600
2790 3003 1464393600
2790 3791 1468713600
2790 3532 1480982400
2790 3792 1480982400
2790 3793 1517184000
2791 3794 1364860800
2791 1709 1411776000
2791 1709 1411776000
2791 3787 1418169600
2791 559 1443571200
2792 3796 1408492800
2792 3796 1408492800
2792 9 1431388800
2792 3795 1483315200
2792 3797 1484265600
2793 3799 1466467200
2793 3801 1466467200
2793 3798 1484092800
2793 3800 1484092800
2793 1367 1510617600
2794 1367 1421539200
2794 3802 1421539200
2794 3804 1421539200
2794 3130 1449878400
2794 3798 1468713600
2794 3803 1468713600
2795 3798 1411171200
2795 3805 1411171200
2795 2160 1411171200
2795 3805 1411171200
2795 2160 1411171200
2795 2161 1429488000
2795 2161 1429488000
2796 559 1407542400
2796 108 1455580800
2796 3058 1519689600
2796 398 1525392000
2796 398 1525392000
2796 498 1525392000
2797 3806 1450137600
2797 686 1469836800
2797 3120 1469836800
2797 1054 1490313600
2797 3807 1490313600
2798 686 1426032000
2798 3037 1426032000
2798 2698 1445385600
2798 3511 1445385600
2798 3808 1462060800
2798 1205 1498089600
2799 129 1407542400
2799 766 1407542400
2799 686 1407628800
2799 2054 1407628800
2799 2209 1407888000
2799 2209 1407888000
2800 686 1377820800
2800 3059 1443571200
2800 493 1449273600
2800 3809 1455667200
2800 2059 1455667200
2801 686 1369526400
2801 1695 1472860800
2801 1695 1472860800
2801 3810 1499299200
2801 3811 1529712000
2802 3279 1361836800
2802 1976 1361836800
2802 586 1451952000
2802 586 1451952000
2802 613 1451952000
2803 472 1395273600
2803 2750 1407110400
2803 3812 1452556800
2803 31 1459382400
2803 3347 1506211200
2803 943 1507507200
2803 467 1523836800
2803 1474 1524960000
2804 3812 1376784000
2804 1197 1376784000
2804 3815 1376784000
2804 2227 1431907200
2804 3814 1458086400
2804 3813 1498694400
2805 1413 1398297600
2805 2319 1398297600
2805 2114 1398297600
2805 3433 1398384000
2805 2928 1412812800
2805 2928 1412812800
2805 2703 1412812800
2806 202 1435622400
2806 1141 1449532800
2806 1445 1458259200
2806 240 1465948800
2806 1409 1472515200
2806 643 1482624000
2807 3619 1425081600
2807 2379 1425081600
2807 2472 1434067200
2807 3194 1434067200
2807 643 1436572800
2808 2114 1425513600
2808 3439 1426118400
2808 2655 1426118400
2808 1413 1435881600
2808 1846 1435881600
2809 45 1447027200
2809 1142 1483488000
2809 1027 1492732800
2809 2513 1492732800
2809 1191 1492905600
2809 335 1497657600
2809 39 1497830400
2809 39 1497830400
2809 326 1503878400
2809 316 1504224000
2810 1410 1421193600
2810 290 1431475200
2810 1304 1459123200
2810 1110 1472774400
2810 1110 1472774400
2810 1453 1472774400
2810 1142 1483401600
2811 892 1393459200
2811 892 1393459200
2811 973 1400716800
2811 352 1402185600
2811 1051 1403395200
2811 346 1405641600
2811 1235 1413936000
2811 1235 1413936000
2811 199 1416355200
2811 284 1424563200
2811 923 1437350400
2811 1053 1440720000
2811 1054 1441324800
2811 824 1445990400
2811 1388 1445990400
2811 903 1446681600
2811 299 1447200000
2811 1303 1449619200
2811 1141 1449705600
2811 1173 1451347200
2811 72 1452470400
2811 1078 1453075200
2811 1170 1453852800
2811 551 1454371200
2811 1301 1457481600
2811 266 1458691200
2811 944 1460678400
2811 265 1461024000
2811 1014 1461542400
2811 1112 1467158400
2811 1103 1468281600
2811 363 1469750400
2811 370 1470528000
2811 270 1477526400
2811 1261 1479772800
2811 1169 1479772800
2811 1024 1482364800
2811 1142 1483056000
2811 172 1486944000
2811 324 1487548800
2811 950 1491264000
2811 1133 1493769600
2811 1133 1493769600
2811 980 1494460800
2811 943 1496275200
2811 251 1503964800
2811 1092 1509148800
2811 1313 1513296000
2811 1213 1524009600
2811 239 1526169600
2811 1270 1526601600
2811 1260 1532476800
2812 1540 1399852800
2812 3178 1412985600
2812 471 1423267200
2812 1367 1480896000
2812 939 1480896000
2812 2930 1527206400
2813 3816 1427241600
2813 478 1427241600
2813 478 1427241600
2813 225 1427241600
2813 2974 1427241600
2813 478 1432598400
2813 478 1432598400
2814 1067 1371254400
2814 892 1392854400
2814 892 1392854400
2814 1280 1398124800
2814 728 1418774400
2814 391 1427846400
2814 1538 1427846400
2814 273 1447891200
2814 498 1449187200
2814 367 1458864000
2814 1304 1459382400
2814 6 1466726400
2814 427 1476835200
2814 1197 1497312000
2814 39 1497657600
2814 1145 1502236800
2815 1703 1429747200
2815 1703 1429747200
2815 687 1429833600
2815 687 1429833600
2815 6 1461628800
2816 27 1425427200
2816 6 1443398400
2816 89 1443398400
2816 522 1443398400
2816 3595 1452038400
2816 3817 1458000000
2816 724 1487030400
2816 2687 1529539200
2817 6 1428364800
2817 398 1428364800
2817 398 1428364800
2817 3286 1428364800
2817 56 1428364800
2817 546 1428364800
2817 1971 1428364800
2817 791 1428364800
2818 1719 1408406400
2818 1719 1408406400
2818 151 1423180800
2818 3818 1424822400
2818 884 1424822400
2818 6 1425513600
2818 226 1468195200
2819 550 1449187200
2819 585 1449273600
2819 459 1449273600
2819 459 1449273600
2819 459 1449273600
2819 609 1449273600
2819 1296 1458345600
2820 603 1402012800
2820 604 1402012800
2820 6 1403481600
2820 2283 1464739200
2820 744 1474761600
2820 3819 1490313600
2821 6 1318032000
2821 1911 1411171200
2821 42 1414886400
2821 42 1414886400
2821 2183 1500854400
2822 398 1464566400
2822 398 1464566400
2822 2683 1466985600
2822 125 1469836800
2822 125 1469836800
2823 2096 1387411200
2823 461 1388188800
2823 3607 1393113600
2823 2683 1441929600
2823 465 1506384000
2824 1588 1415145600
2824 2227 1452297600
2824 1435 1468972800
2824 363 1468972800
2824 2089 1492560000
2825 546 1389484800
2825 129 1408233600
2825 1037 1409961600
2825 676 1410048000
2825 2089 1490054400
2826 50 1418601600
2826 2089 1452384000
2826 442 1452384000
2826 442 1452384000
2826 445 1452384000
2827 2113 1430352000
2827 2089 1433548800
2827 757 1438905600
2827 1846 1456531200
2827 1413 1458691200
2827 1379 1489017600
2828 2263 1338508800
2828 471 1338508800
2828 552 1341532800
2828 3718 1485129600
2828 2196 1485129600
2829 1715 1457395200
2829 2362 1472428800
2829 3822 1472428800
2829 3820 1478995200
2829 3821 1486944000
2830 3823 1476316800
2830 1709 1501113600
2830 1709 1501113600
2830 2490 1505606400
2830 2899 1505606400
2830 3823 1505606400
2830 3824 1505606400
2830 3825 1505606400
2831 2490 1488412800
2831 520 1488412800
2831 520 1488412800
2831 392 1488412800
2831 3824 1488412800
2831 333 1488412800
2831 2063 1488412800
2831 3826 1488412800
2832 2490 1448582400
2832 2492 1448582400
2832 195 1464566400
2832 195 1464566400
2832 3406 1505779200
2832 3406 1505779200
2833 2209 1331596800
2833 2209 1331596800
2833 2490 1443744000
2833 3824 1443744000
2833 3057 1524268800
2834 1913 1413331200
2834 618 1421366400
2834 2490 1431561600
2834 3363 1438473600
2834 3827 1475798400
2835 2490 1411516800
2835 2166 1411516800
2835 3824 1411516800
2835 861 1517875200
2835 1554 1517875200
2835 2022 1520985600
2836 2490 1391904000
2836 3824 1391904000
2836 44 1406505600
2836 3828 1465776000
2836 1292 1471651200
2836 1264 1471651200
2836 1695 1489190400
2836 1695 1489190400
2836 992 1489190400
2837 1865 1308528000
2837 3829 1326672000
2837 2269 1335312000
2837 2490 1376611200
2837 2492 1376611200
2837 3831 1405296000
2837 263 1409097600
2837 2406 1441584000
2837 2406 1441584000
2837 2011 1441584000
2837 801 1450396800
2837 3443 1461888000
2837 3443 1461888000
2837 3832 1465862400
2837 125 1469836800
2837 125 1469836800
2837 3587 1469836800
2837 3830 1481846400
2838 3779 1282262400
2838 3779 1282262400
2838 2490 1360281600
2838 3458 1425945600
2838 3833 1531267200
2839 3709 1358985600
2839 3075 1363392000
2839 1703 1394668800
2839 1703 1394668800
2839 3834 1403222400
2839 386 1421971200
2840 1904 1444176000
2840 420 1444176000
2840 1503 1444176000
2840 1138 1444176000
2840 3835 1444176000
2841 281 1373328000
2841 1109 1416182400
2841 1904 1432080000
2841 489 1432080000
2841 489 1432080000
2842 760 1359331200
2842 1904 1397174400
2842 196 1401667200
2842 130 1419206400
2842 2101 1419206400
2842 2263 1488758400
2843 1904 1391817600
2843 50 1397433600
2843 51 1397433600
2843 31 1444435200
2843 1460 1444435200
2844 3837 1405814400
2844 100 1431129600
2844 3836 1433462400
2844 2820 1464566400
2844 2413 1489881600
2845 100 1360108800
2845 1913 1360108800
2845 3374 1412380800
2845 1537 1412380800
2845 3838 1478217600
2845 507 1478217600
2846 2340 1325808000
2846 1253 1363910400
2846 26 1413331200
2846 1085 1449187200
2846 2530 1505001600
2847 2530 1428883200
2847 625 1428883200
2847 3839 1457395200
2847 3839 1457395200
2847 265 1469491200
2847 266 1469491200
2848 559 1469750400
2848 2146 1503792000
2848 2097 1503792000
2848 398 1519689600
2848 398 1519689600
2848 1537 1520899200
2849 489 1415664000
2849 489 1415664000
2849 658 1415664000
2849 389 1415664000
2849 195 1421020800
2849 195 1421020800
2849 1229 1484006400
2849 2146 1496016000
2849 2097 1496016000
2850 398 1219536000
2850 398 1219536000
2850 559 1223510400
2850 3347 1225756800
2850 922 1473379200
2851 3841 1431216000
2851 3347 1497830400
2851 2223 1497830400
2851 2223 1497830400
2851 3840 1497830400
2852 1700 1486857600
2852 3347 1492905600
2852 3569 1492905600
2852 3569 1492905600
2852 1317 1492992000
2852 346 1492992000
2853 3347 1491782400
2853 2209 1491782400
2853 398 1491782400
2853 2209 1491782400
2853 398 1491782400
2854 3843 1472515200
2854 3842 1475625600
2854 3347 1482019200
2854 559 1482019200
2854 506 1483142400
2855 3347 1470960000
2855 3202 1470960000
2855 3202 1470960000
2855 3844 1470960000
2855 3845 1470960000
2855 3786 1470960000
2856 1892 1327708800
2856 398 1358985600
2856 398 1358985600
2856 3846 1415318400
2856 3347 1448668800
2857 687 1421107200
2857 1816 1421107200
2857 687 1421107200
2857 1816 1421107200
2857 1317 1520035200
2858 1317 1519689600
2858 398 1519689600
2858 398 1519689600
2858 1888 1519689600
2858 1891 1519689600
2859 125 1505347200
2859 125 1505347200
2859 3847 1505692800
2859 1816 1506211200
2859 1816 1506211200
2859 1317 1518998400
2860 1317 1490572800
2860 2054 1490572800
2860 125 1490572800
2860 398 1490572800
2860 125 1490572800
2860 398 1490572800
2861 1317 1490400000
2861 2209 1490400000
2861 125 1490400000
2861 2209 1490400000
2861 125 1490400000
2862 1317 1481328000
2862 559 1481328000
2862 217 1481328000
2862 1888 1481328000
2862 1888 1481328000
2862 218 1481328000
2862 3276 1485043200
2862 1478 1490054400
2862 1478 1490054400
2863 1317 1477612800
2863 559 1477612800
2863 125 1477612800
2863 125 1477612800
2863 3848 1477612800
2864 1317 1475366400
2864 364 1478995200
2864 1478 1479513600
2864 1478 1479513600
2864 1701 1479945600
2864 124 1479945600
2864 1701 1479945600
2864 124 1479945600
2865 549 1465344000
2865 1317 1465862400
2865 559 1465862400
2865 3849 1465862400
2865 3849 1465862400
2866 1700 1456185600
2866 1888 1456185600
2866 1888 1456185600
2866 1317 1456790400
2866 559 1456790400
2867 1317 1447632000
2867 2054 1447632000
2867 3443 1447632000
2867 591 1447632000
2867 3443 1447632000
2867 591 1447632000
2867 3850 1456704000
2867 3850 1456704000
2867 125 1471996800
2867 125 1471996800
2868 3195 1432166400
2868 1317 1437955200
2868 2061 1455926400
2868 1562 1466294400
2868 2186 1494892800
2869 398 1426809600
2869 398 1426809600
2869 1317 1434067200
2869 559 1434067200
2869 2185 1434067200
2869 2185 1434067200
2869 3851 1434067200
2870 1891 1432252800
2870 1891 1432252800
2870 1317 1432684800
2870 1888 1432684800
2870 3849 1432684800
2870 2943 1432684800
2870 1888 1432684800
2870 3849 1432684800
2870 2943 1432684800
2871 1317 1430784000
2871 1893 1431561600
2871 1306 1448236800
2871 3852 1448236800
2871 606 1487376000
2871 3853 1530921600
2872 1317 1425427200
2872 398 1428451200
2872 398 1428451200
2872 2440 1447372800
2872 2440 1447372800
2872 1389 1460332800
2872 1537 1464220800
2872 1816 1466985600
2872 1816 1466985600
2872 125 1490745600
2872 125 1490745600
2873 232 1418428800
2873 1369 1418428800
2873 1369 1418428800
2873 1317 1423526400
2873 3854 1423526400
2873 398 1426464000
2873 398 1426464000
2874 1317 1419120000
2874 1888 1419120000
2874 1888 1419120000
2874 3573 1419206400
2874 398 1419206400
2874 3573 1419206400
2874 398 1419206400
2874 559 1433548800
2874 1892 1433548800
2874 3855 1433548800
2875 1317 1416528000
2875 1701 1419206400
2875 1701 1419206400
2875 590 1426550400
2875 590 1426550400
2875 1891 1464652800
2875 1891 1464652800
2876 1317 1409097600
2876 2363 1432598400
2876 128 1435536000
2876 3856 1473897600
2876 45 1477612800
2876 1279 1494633600
2876 999 1494720000
2876 3857 1525996800
2877 1317 1408665600
2877 398 1408665600
2877 398 1408665600
2877 816 1408665600
2877 3858 1408665600
2878 1317 1401321600
2878 398 1411948800
2878 398 1411948800
2878 791 1411948800
2878 1877 1411948800
2879 3573 1492473600
2879 3573 1492473600
2879 2185 1510185600
2879 2185 1510185600
2879 559 1510272000
2879 398 1510272000
2879 398 1510272000
2880 559 1498953600
2880 1703 1498953600
2880 991 1498953600
2880 1703 1498953600
2880 991 1498953600
2881 398 1411171200
2881 398 1411171200
2881 559 1491782400
2881 935 1513814400
2881 178 1521417600
2882 398 1480464000
2882 398 1480464000
2882 1891 1483315200
2882 591 1483315200
2882 1891 1483315200
2882 591 1483315200
2882 559 1489363200
2882 234 1499817600
2883 125 1488153600
2883 125 1488153600
2883 559 1488844800
2883 398 1488844800
2883 398 1488844800
2884 559 1484784000
2884 398 1484784000
2884 398 1484784000
2884 1892 1484784000
2884 1893 1484784000
2884 45 1484784000
2884 3859 1484784000
2884 3656 1484784000
2884 974 1484784000
2885 559 1483488000
2885 3657 1493337600
2885 3657 1493337600
2885 2898 1515110400
2885 1889 1524614400
2886 3860 1391212800
2886 559 1482192000
2886 2406 1482192000
2886 2406 1482192000
2886 1723 1482192000
2887 125 1470009600
2887 125 1470009600
2887 1797 1470009600
2887 559 1476748800
2887 398 1476748800
2887 398 1476748800
2888 2943 1408233600
2888 2943 1408233600
2888 398 1446940800
2888 398 1446940800
2888 125 1467072000
2888 125 1467072000
2888 559 1467590400
2889 398 1453161600
2889 398 1453161600
2889 790 1453161600
2889 559 1466467200
2889 1888 1466467200
2889 1888 1466467200
2889 2870 1466467200
2889 3861 1466467200
2890 1888 1456358400
2890 1888 1456358400
2890 559 1465257600
2890 398 1465257600
2890 398 1465257600
2891 1891 1441324800
2891 1891 1441324800
2891 3510 1441324800
2891 3235 1441411200
2891 3656 1454198400
2891 3656 1454198400
2891 3862 1454198400
2891 801 1463270400
2891 2697 1463270400
2891 559 1463788800
2891 398 1463788800
2891 398 1463788800
2892 559 1458864000
2892 3849 1458864000
2892 398 1458864000
2892 3849 1458864000
2892 398 1458864000
2893 559 1452211200
2893 1342 1459296000
2893 3864 1462320000
2893 2873 1464739200
2893 498 1468800000
2893 324 1480982400
2893 3863 1482192000
2893 3865 1483660800
2893 3866 1483660800
2894 559 1449273600
2894 1703 1449273600
2894 1891 1449273600
2894 1703 1449273600
2894 1891 1449273600
2895 559 1447718400
2895 442 1447718400
2895 442 1447718400
2895 3867 1447718400
2895 445 1447718400
2896 559 1447545600
2896 801 1447545600
2896 2898 1447545600
2896 2898 1447545600
2896 676 1447545600
2897 559 1437609600
2897 801 1439769600
2897 3443 1439769600
2897 3443 1439769600
2897 1891 1459209600
2897 1891 1459209600
2897 2087 1468540800
2898 991 1432598400
2898 991 1432598400
2898 559 1434067200
2898 2236 1444780800
2898 29 1465084800
2899 559 1429488000
2899 398 1429488000
2899 398 1429488000
2899 3869 1482364800
2899 801 1522540800
2899 3868 1522540800
2900 559 1427328000
2900 644 1427328000
2900 1891 1427328000
2900 398 1427328000
2900 644 1427328000
2900 1891 1427328000
2900 398 1427328000
2900 1892 1427328000
2901 559 1419897600
2901 2406 1419897600
2901 2406 1419897600
2901 493 1419897600
2901 2861 1419897600
2901 3021 1420070400
2901 2549 1438819200
2902 559 1418169600
2902 2775 1418169600
2902 801 1418169600
2902 398 1418169600
2902 398 1418169600
2903 559 1405728000
2903 2775 1405728000
2903 801 1405728000
2903 398 1405728000
2903 398 1405728000
2904 559 1404777600
2904 2898 1404777600
2904 398 1404777600
2904 2898 1404777600
2904 398 1404777600
2904 3539 1404777600
2904 1851 1404777600
2904 1999 1521244800
2904 991 1521590400
2904 3657 1521676800
2905 559 1403222400
2905 644 1403222400
2905 1703 1403222400
2905 3657 1403222400
2905 644 1403222400
2905 1703 1403222400
2905 3657 1403222400
2906 559 1398988800
2906 2898 1398988800
2906 3656 1398988800
2906 2898 1398988800
2906 3656 1398988800
2906 3870 1398988800
2907 991 1385251200
2907 991 1385251200
2907 1703 1388016000
2907 1703 1388016000
2907 559 1390521600
2908 1478 1362009600
2908 1478 1362009600
2908 559 1363392000
2908 1703 1363392000
2908 1701 1363392000
2908 1703 1363392000
2908 1701 1363392000
2908 398 1369440000
2908 398 1369440000
2908 1202 1420934400
2908 3723 1420934400
2909 559 1362528000
2909 801 1362528000
2909 2054 1362528000
2909 2209 1362528000
2909 2209 1362528000
2910 2339 1336003200
2910 2770 1337904000
2910 559 1358121600
2910 3657 1358121600
2910 3657 1358121600
2911 559 1323734400
2911 2223 1406592000
2911 2223 1406592000
2911 991 1503532800
2911 586 1513209600
2911 1889 1513209600
2912 1669 1411430400
2912 673 1411430400
2912 673 1411430400
2912 1628 1411430400
2912 1641 1411430400
2912 1530 1418947200
2912 1530 1434412800
2912 26 1473033600
2912 493 1485302400
2912 1868 1485734400
2912 3277 1493337600
2912 243 1516924800
2913 2179 1449100800
2913 192 1449100800
2913 189 1455926400
2913 3871 1471478400
2913 1868 1483747200
2913 187 1483747200
2914 148 1458604800
2914 1461 1463356800
2914 542 1467676800
2914 269 1479254400
2914 335 1497484800
2914 1331 1501804800
2914 1315 1525996800
2915 895 1467417600
2915 1020 1468108800
2915 363 1470268800
2915 1009 1481241600
2915 619 1488412800
2915 1428 1488412800
2915 894 1504742400
2915 1378 1511740800
2915 3242 1513209600
2915 1029 1524355200
2915 242 1524355200
2915 1315 1525996800
2916 1237 1413849600
2916 1127 1414368000
2916 1970 1414540800
2916 1159 1420502400
2916 987 1422489600
2916 956 1422489600
2916 1002 1423008000
2916 1150 1423958400
2916 1380 1436659200
2916 2417 1436832000
2916 295 1444694400
2916 1353 1445212800
2916 67 1445212800
2916 1314 1447286400
2916 952 1448409600
2916 285 1448582400
2916 1199 1458432000
2916 125 1465171200
2916 125 1465171200
2916 795 1465171200
2916 542 1467072000
2916 309 1467763200
2916 369 1468108800
2916 1225 1468368000
2916 375 1468540800
2916 1019 1468800000
2916 371 1469577600
2916 344 1473033600
2916 974 1473033600
2916 344 1473033600
2916 974 1473033600
2916 3873 1474329600
2916 3872 1474502400
2916 267 1475020800
2916 1299 1476230400
2916 957 1485216000
2916 335 1499644800
2916 1282 1499990400
2916 1336 1501545600
2916 84 1509408000
2916 279 1509840000
2916 1315 1515974400
2916 668 1523836800
2916 340 1531180800
2917 440 1339632000
2917 3451 1423267200
2917 1263 1439164800
2917 1111 1445644800
2917 45 1445904000
2917 1052 1458172800
2917 485 1460332800
2917 1188 1473897600
2917 347 1475020800
2917 916 1478563200
2917 1070 1478908800
2917 1062 1490140800
2917 226 1497398400
2917 1181 1497484800
2917 226 1498176000
2917 39 1498176000
2917 311 1498348800
2917 39 1498608000
2917 1145 1501977600
2917 910 1508976000
2917 1315 1513123200
2917 668 1525392000
2917 1232 1529452800
2918 2872 1416096000
2918 2872 1416096000
2918 1315 1511827200
2918 3216 1511827200
2918 3874 1518998400
2919 63 1399507200
2919 1235 1412899200
2919 1235 1412899200
2919 1160 1420848000
2919 68 1435881600
2919 1218 1443312000
2919 1180 1445299200
2919 512 1446163200
2919 85 1449100800
2919 1749 1457308800
2919 1199 1458518400
2919 257 1466899200
2919 1984 1469059200
2919 370 1469232000
2919 943 1499299200
2919 1181 1499385600
2919 311 1502409600
2919 39 1502496000
2919 335 1502496000
2919 226 1503100800
2919 1315 1511136000
2919 1177 1519430400
2919 668 1524873600
2919 1270 1526601600
2920 1239 1485648000
2920 1243 1494201600
2920 279 1509148800
2920 1315 1511136000
2920 1919 1518393600
2920 984 1519430400
2921 299 1493856000
2921 1282 1497139200
2921 39 1498348800
2921 1257 1503619200
2921 1257 1503619200
2921 894 1504915200
2921 1315 1510531200
2921 1057 1511740800
2921 668 1524009600
2922 118 1464393600
2922 2902 1464393600
2922 1315 1467072000
2922 1672 1467072000
2922 3493 1492992000
2923 3875 1424044800
2923 3023 1473638400
2923 2869 1473638400
2923 2869 1473638400
2923 947 1525824000
2924 1655 1412726400
2924 2869 1424044800
2924 2869 1424044800
2924 2869 1426291200
2924 2869 1426291200
2924 3023 1473379200
2925 3876 1369180800
2925 1814 1387152000
2925 3023 1403740800
2925 560 1503446400
2925 737 1506384000
2926 105 1353283200
2926 476 1377993600
2926 219 1425686400
2926 298 1446249600
2926 1141 1449792000
2926 245 1465344000
2926 240 1466640000
2926 1202 1482537600
2926 313 1506556800
2926 1036 1506643200
2926 86 1506643200
2927 296 1414800000
2927 921 1415404800
2927 897 1431561600
2927 1230 1431561600
2927 1360 1435968000
2927 298 1448409600
2927 1303 1449100800
2927 1049 1464739200
2927 297 1467849600
2927 1020 1468454400
2927 1163 1476230400
2927 243 1485734400
2927 39 1497571200
2927 264 1498176000
2927 335 1498262400
2927 311 1498435200
2927 1300 1501891200
2927 316 1502755200
2927 1313 1512518400
2927 1177 1516060800
2927 668 1523491200
2927 1260 1531958400
2928 361 1440892800
2928 69 1444780800
2928 1098 1445299200
2928 1111 1445558400
2928 1054 1445731200
2928 1289 1446163200
2928 298 1448409600
2928 1173 1449014400
2928 251 1502928000
2929 534 1403395200
2929 1002 1425427200
2929 347 1442966400
2929 304 1445385600
2929 358 1446163200
2929 1054 1446163200
2929 312 1448150400
2929 298 1448409600
2929 930 1449532800
2929 148 1458777600
2930 75 1407801600
2930 312 1448150400
2930 298 1448323200
2930 69 1452211200
2930 971 1453680000
2930 896 1457740800
2930 1014 1461110400
2930 351 1466899200
2930 307 1471824000
2930 1001 1472947200
2930 252 1485388800
2930 1298 1492560000
2930 1298 1492560000
2930 1124 1530835200
2931 988 1397174400
2931 973 1402358400
2931 1302 1415318400
2931 298 1448323200
2931 971 1452902400
2931 1047 1467849600
2931 1079 1483920000
2932 69 1444780800
2932 298 1448150400
2932 1173 1450656000
2932 1301 1458691200
2932 1017 1458864000
2932 485 1460419200
2932 363 1470614400
2932 1041 1473465600
2932 1041 1473465600
2932 78 1477699200
2932 322 1485648000
2932 2513 1490486400
2932 943 1496620800
2932 335 1498262400
2932 977 1512345600
2933 2218 1390348800
2933 728 1411862400
2933 1235 1416441600
2933 1235 1416441600
2933 1302 1416873600
2933 967 1427500800
2933 1281 1430697600
2933 304 1444521600
2933 315 1444780800
2933 1154 1445558400
2933 298 1447632000
2933 1264 1448150400
2933 366 1460160000
2933 669 1468281600
2933 351 1469923200
2933 905 1473033600
2933 344 1475625600
2933 344 1475625600
2933 1034 1487376000
2933 998 1488844800
2933 311 1515196800
2934 194 1377302400
2934 1155 1393545600
2934 715 1417651200
2934 922 1419465600
2934 1281 1429833600
2934 1222 1436832000
2934 361 1439596800
2934 79 1439856000
2934 923 1439942400
2934 1241 1440115200
2934 1255 1440288000
2934 1053 1443398400
2934 304 1444089600
2934 358 1444262400
2934 1353 1444867200
2934 1179 1445644800
2934 298 1446681600
2934 317 1448496000
2934 1134 1448668800
2934 995 1448668800
2934 67 1448668800
2934 894 1448841600
2934 1248 1448841600
2934 229 1449014400
2935 2861 1426291200
2935 3877 1466899200
2935 465 1504396800
2935 2166 1518307200
2935 379 1523836800
2936 3878 1474243200
2936 3880 1503360000
2936 2166 1508198400
2936 39 1508198400
2936 3879 1508198400
2937 481 1477008000
2937 481 1477008000
2937 2166 1487203200
2937 3300 1487376000
2937 3881 1487376000
2937 236 1493510400
2937 2160 1517702400
2938 2166 1444348800
2938 25 1491523200
2938 25 1491523200
2938 1637 1491523200
2938 30 1511049600
2938 33 1511049600
2939 3374 1435881600
2939 3375 1435881600
2939 2166 1439424000
2939 3882 1450310400
2939 65 1512518400
2940 2166 1425340800
2940 476 1425340800
2940 476 1425340800
2940 476 1425340800
2940 529 1425340800
2941 3884 1358467200
2941 1617 1359936000
2941 1617 1359936000
2941 3885 1359936000
2941 2166 1393459200
2941 493 1435017600
2941 3883 1435017600
2941 2019 1486425600
2942 2166 1376784000
2942 1487 1376784000
2942 1608 1376784000
2942 1608 1376784000
2942 1513 1474070400
2943 3657 1303776000
2943 398 1303776000
2943 3657 1303776000
2943 398 1303776000
2943 1703 1309996800
2943 1703 1309996800
2943 2943 1310601600
2943 2943 1310601600
2943 2166 1327017600
2944 2166 1279497600
2944 3734 1279497600
2944 420 1307836800
2944 778 1307836800
2944 2260 1324512000
2944 2215 1350604800
2944 3887 1372723200
2944 1478 1376352000
2944 1478 1376352000
2944 3886 1424563200
2945 1872 1477526400
2945 3888 1484179200
2945 2899 1484179200
2945 2967 1484179200
2945 2162 1484179200
2946 2124 1375401600
2946 1235 1375401600
2946 1772 1375401600
2946 1235 1375401600
2946 1772 1375401600
2947 253 1374019200
2947 1307 1392681600
2947 2114 1400025600
2947 1118 1417046400
2947 336 1417046400
2947 948 1423008000
2947 201 1434931200
2947 1122 1483315200
2948 253 1379289600
2948 274 1419206400
2948 1209 1451952000
2948 1101 1473206400
2948 1393 1505174400
2948 980 1526860800
2948 303 1526860800
2948 311 1532390400
2949 253 1378512000
2949 1161 1408320000
2949 274 1419379200
2949 1189 1423526400
2949 1209 1452470400
2949 1049 1464912000
2949 1183 1467676800
2949 1202 1475193600
2949 824 1495756800
2949 39 1499990400
2950 253 1377216000
2950 2328 1432684800
2950 273 1452729600
2950 299 1478476800
2950 796 1485388800
2950 1164 1488499200
2950 968 1496016000
2950 943 1497744000
2950 311 1498780800
2950 39 1501545600
2950 1334 1514592000
2950 1128 1526860800
2951 253 1375660800
2951 952 1448928000
2951 1984 1473465600
2951 269 1479340800
2951 1298 1486080000
2951 1298 1486080000
2951 1091 1487894400
2951 1077 1496793600
2952 253 1375574400
2952 999 1385769600
2952 1155 1395273600
2952 292 1428278400
2952 995 1445731200
2952 273 1448236800
2952 516 1454112000
2952 3889 1454112000
2952 1078 1454371200
2952 3891 1459987200
2952 978 1463529600
2952 223 1465171200
2952 2024 1465257600
2952 2051 1465257600
2952 542 1467676800
2952 369 1468022400
2952 1020 1468022400
2952 271 1468195200
2952 270 1468281600
2952 997 1469577600
2952 3890 1470441600
2952 3892 1470441600
2952 1012 1470614400
2952 363 1470614400
2952 1171 1473033600
2952 1299 1476403200
2952 78 1478304000
2952 1003 1482019200
2952 957 1485561600
2952 172 1487894400
2952 671 1504396800
2952 894 1505865600
2952 1330 1524873600
2953 253 1375056000
2953 1092 1393459200
2953 339 1393459200
2953 1209 1452211200
2953 39 1497916800
2953 900 1510963200
2953 900 1510963200
2954 253 1375056000
2954 948 1423526400
2954 527 1444003200
2954 321 1452038400
2954 551 1453075200
2954 914 1458086400
2954 670 1464652800
2954 1461 1466035200
2954 255 1468454400
2955 253 1374969600
2955 318 1443657600
2955 321 1451520000
2955 27 1475020800
2955 80 1501891200
2955 1058 1501891200
2956 2606 1383782400
2956 2606 1383782400
2956 3893 1418428800
2956 3894 1424131200
2956 619 1435017600
2956 161 1463011200
2956 1101 1485820800
2957 1318 1443830400
2957 3895 1455494400
2957 3896 1461974400
2957 1529 1481500800
2957 1553 1481500800
2958 3897 1286150400
2958 166 1386547200
2958 2054 1431388800
2958 2406 1431388800
2958 2406 1431388800
2958 2518 1473897600
2959 3898 1346457600
2959 207 1397952000
2959 427 1398211200
2959 19 1398211200
2959 2714 1398211200
2959 480 1409875200
2959 442 1469145600
2959 442 1469145600
2959 445 1469145600
2960 3898 1294099200
2960 613 1458518400
2960 3899 1458518400
2960 3177 1458518400
2960 1685 1458518400
2960 3020 1518134400
2961 2169 1369699200
2961 3900 1441065600
2961 1586 1441065600
2961 217 1453334400
2961 218 1453334400
2962 474 1352419200
2962 1482 1352419200
2962 112 1369785600
2962 3904 1381190400
2962 44 1426636800
2962 3901 1436659200
2962 3353 1436659200
2962 3902 1442102400
2962 3903 1472860800
2962 717 1475452800
2963 34 1435017600
2963 3175 1450310400
2963 597 1450310400
2963 606 1450310400
2963 793 1455235200
2963 717 1459900800
2964 717 1444003200
2964 628 1448150400
2964 580 1490054400
2964 3905 1518134400
2964 2730 1518566400
2965 26 1377820800
2965 34 1377820800
2965 3909 1379116800
2965 3212 1384819200
2965 3906 1400544000
2965 3907 1400544000
2965 3908 1400544000
2965 717 1402358400
2965 3744 1437609600
2965 232 1464220800
2966 1178 1510704000
2966 1242 1510704000
2966 3910 1510704000
2966 3911 1510704000
2966 1246 1510704000
2966 86 1510704000
2967 3304 1363564800
2967 3304 1363564800
2967 471 1401321600
2967 2698 1401321600
2967 11 1401321600
2967 2387 1413504000
2967 1991 1455148800
2967 219 1460764800
2967 220 1460764800
2967 577 1495065600
2967 232 1502582400
2968 549 1497484800
2968 3229 1497484800
2968 769 1499472000
2968 232 1499731200
2968 302 1499731200
2968 939 1503014400
2969 232 1485388800
2969 1537 1485388800
2969 705 1485388800
2969 1179 1485388800
2969 511 1487289600
2969 930 1487289600
2969 234 1498608000
2969 45 1498608000
2970 2656 1404950400
2970 2656 1404950400
2970 119 1404950400
2970 120 1404950400
2970 288 1412812800
2970 1178 1505520000
2971 232 1476748800
2971 1037 1476748800
2971 846 1476748800
2971 1682 1476748800
2971 1555 1476748800
2971 1502 1480723200
2972 17 1367539200
2972 3634 1404691200
2972 484 1423872000
2972 232 1445299200
2972 2984 1468800000
2972 2996 1482710400
2973 195 1413676800
2973 195 1413676800
2973 232 1436486400
2973 1098 1444780800
2973 1682 1444780800
2973 2219 1444780800
2973 94 1444780800
2973 3634 1444780800
2974 1178 1493769600
2974 3912 1493769600
2974 3913 1493769600
2974 552 1498003200
2974 3914 1501804800
2975 1261 1479513600
2975 1122 1482192000
2975 1113 1485302400
2975 1178 1488499200
2975 2513 1491004800
2975 963 1517702400
2976 1050 1371427200
2976 949 1371427200
2976 975 1415232000
2976 199 1418169600
2976 197 1420675200
2976 1159 1420675200
2976 3915 1425427200
2976 3915 1425427200
2976 1088 1431302400
2976 314 1439683200
2976 1266 1440633600
2976 319 1444435200
2976 969 1445040000
2976 512 1445990400
2976 1028 1447977600
2976 321 1451260800
2976 1287 1456963200
2976 1149 1458950400
2976 1357 1460419200
2976 1055 1463961600
2976 257 1466985600
2976 935 1466985600
2976 542 1467590400
2976 270 1468108800
2976 297 1468195200
2976 1019 1468972800
2976 1984 1469059200
2976 368 1469145600
2976 370 1471046400
2976 1299 1476835200
2976 1038 1478131200
2976 341 1482537600
2976 171 1486080000
2976 243 1486425600
2976 1178 1488499200
2976 39 1497916800
2976 1334 1502150400
2976 894 1505088000
2976 667 1518134400
2976 1090 1524960000
2977 1178 1482278400
2977 2682 1482278400
2977 1627 1483660800
2977 26 1483660800
2977 1670 1483660800
2978 2208 1365897600
2978 232 1371859200
2978 795 1466294400
2978 2964 1482624000
2978 3916 1532822400
2979 596 1364688000
2979 1178 1476835200
2979 1242 1483315200
2979 1246 1486080000
2979 3917 1486080000
2980 398 1452902400
2980 398 1452902400
2980 1247 1452902400
2980 3918 1454544000
2980 1178 1462838400
2981 2222 1520208000
2981 125 1520208000
2981 125 1520208000
2981 3847 1520208000
2981 3919 1520208000
2981 344 1520208000
2982 2222 1454803200
2982 2185 1454803200
2982 3604 1454803200
2982 2185 1454803200
2982 3604 1454803200
2983 259 1353542400
2983 2222 1429056000
2983 2223 1429056000
2983 18 1429056000
2983 2223 1429056000
2983 18 1429056000
2984 2222 1426636800
2984 586 1426636800
2984 1478 1426636800
2984 124 1426636800
2984 590 1426636800
2984 586 1426636800
2984 1478 1426636800
2984 124 1426636800
2984 590 1426636800
2985 1779 1425945600
2985 2104 1444867200
2985 3268 1487980800
2985 3920 1496793600
2985 2923 1496793600
2986 1960 1458172800
2986 3493 1485820800
2986 1672 1487116800
2986 2007 1487116800
2986 451 1487116800
2986 535 1487116800
2986 3921 1487116800
2986 3922 1487116800
2986 2577 1487116800
2987 3924 1429833600
2987 1672 1443830400
2987 2344 1443830400
2987 3923 1471132800
2987 3925 1500422400
2988 1823 1411862400
2988 1672 1436918400
2988 2588 1457654400
2988 2282 1457654400
2988 2234 1457654400
2988 3926 1457654400
2989 1672 1422489600
2989 3927 1442448000
2989 3493 1484524800
2989 1113 1489363200
2989 523 1512086400
2990 1672 1360022400
2990 180 1392422400
2990 180 1392422400
2990 996 1415232000
2990 3084 1440115200
2990 3928 1455321600
2990 3929 1491177600
2991 3931 1465948800
2991 3930 1466208000
2991 54 1470873600
2991 89 1521676800
2991 3932 1532736000
2992 1686 1336521600
2992 1686 1336521600
2992 3933 1398297600
2992 3934 1449360000
2992 89 1473292800
2992 1180 1480204800
2993 473 1316995200
2993 180 1365206400
2993 180 1365206400
2993 3367 1408320000
2993 3367 1408320000
2993 3385 1421280000
2993 89 1425859200
2994 1737 1362182400
2994 3935 1393977600
2994 3935 1393977600
2994 476 1393977600
2994 529 1393977600
2994 89 1423958400
2994 31 1430092800
2995 552 1517356800
2995 237 1517443200
2995 443 1517443200
2995 1698 1518307200
2995 476 1524268800
2995 529 1524268800
2996 236 1398384000
2996 397 1403827200
2996 397 1403827200
2996 421 1403827200
2996 50 1423958400
2997 1537 1355097600
2997 575 1380672000
2997 236 1391731200
2997 237 1441152000
2997 471 1448323200
2998 3936 1438387200
2998 552 1480032000
2998 1655 1480032000
2998 237 1502668800
2998 1343 1504310400
2999 236 1317600000
2999 23 1328054400
2999 23 1331424000
2999 552 1354665600
2999 2262 1378857600
3000 3937 1459296000
3000 929 1480636800
3000 929 1480636800
3000 237 1500940800
3000 1127 1506297600
3001 2387 1430006400
3001 3938 1430438400
3001 2460 1431475200
3001 31 1441065600
3001 1138 1451779200
3001 237 1486339200
3001 617 1494460800
3002 89 1317600000
3002 427 1317600000
3002 523 1317600000
3002 3021 1317600000
3002 166 1317600000
3003 237 1443484800
3003 17 1443484800
3003 3939 1443484800
3003 1197 1443484800
3003 3212 1452988800
3004 442 1366070400
3004 442 1366070400
3004 445 1366070400
3004 2407 1434672000
3004 237 1437350400
3004 56 1437350400
3004 3940 1449532800
3004 44 1462752000
3005 793 1419379200
3005 1698 1463011200
3005 549 1475193600
3005 50 1510704000
3005 3941 1510876800
3006 2524 1423958400
3006 1823 1423958400
3006 237 1425859200
3006 3084 1445644800
3006 896 1488585600
3007 2339 1394236800
3007 471 1394236800
3007 1698 1437350400
3007 2339 1461974400
3007 575 1462233600
3007 31 1521158400
3008 162 1380844800
3008 3942 1396224000
3008 398 1405036800
3008 398 1405036800
3008 237 1410566400
3009 1698 1414195200
3009 552 1414195200
3009 3305 1414195200
3009 2387 1414195200
3009 3943 1414195200
3009 1540 1448064000
3010 1698 1386547200
3010 575 1386547200
3010 1474 1386720000
3010 631 1392163200
3010 471 1392163200
3010 1540 1392163200
3011 105 1339977600
3011 106 1344384000
3011 3944 1408924800
3011 3945 1438214400
3011 1143 1491264000
3011 1143 1491264000
3011 23 1491523200
3011 175 1491523200
3011 1194 1491523200
3011 2656 1491523200
3012 3946 1378425600
3012 3946 1378425600
3012 768 1378425600
3012 23 1481760000
3012 3947 1481760000
3012 3948 1483315200
3013 1474 1424476800
3013 1540 1424476800
3013 471 1425945600
3013 575 1430265600
3013 23 1468627200
3013 1535 1469491200
3014 2204 1442275200
3014 2387 1462060800
3014 23 1462147200
3014 549 1462147200
3014 471 1462147200
3014 1540 1462147200
3015 1709 1411776000
3015 1709 1411776000
3015 23 1417478400
3015 1707 1471392000
3015 2887 1471392000
3016 3949 1324080000
3016 23 1401408000
3016 1537 1404259200
3016 1236 1422835200
3016 1709 1432771200
3016 1709 1432771200
3016 1851 1436745600
3017 3847 1482624000
3017 3950 1482624000
3017 3951 1482624000
3017 3952 1482624000
3017 3953 1482624000
3018 3847 1466812800
3018 3919 1466812800
3018 344 1466812800
3018 3919 1466812800
3018 344 1466812800
3019 2775 1399420800
3019 1816 1399420800
3019 1701 1399420800
3019 1816 1399420800
3019 1701 1399420800
3019 2647 1409270400
3020 1893 1361577600
3020 2775 1389484800
3020 1816 1389484800
3020 1816 1389484800
3020 467 1442966400
3021 3954 1487980800
3021 794 1492387200
3021 125 1500595200
3021 125 1500595200
3021 2209 1501200000
3021 2209 1501200000
3021 270 1501200000
3021 335 1506211200
3021 801 1518307200
3022 801 1511568000
3022 398 1511568000
3022 398 1511568000
3022 1893 1511568000
3022 575 1511740800
3022 3918 1511740800
3022 3955 1511827200
3022 3956 1529193600
3023 801 1509494400
3023 1892 1509494400
3023 2898 1509494400
3023 3957 1509494400
3023 2995 1509494400
3024 801 1502236800
3024 125 1502236800
3024 125 1502236800
3024 1468 1502236800
3024 1013 1516320000
3025 3055 1385424000
3025 801 1491696000
3025 398 1491696000
3025 398 1491696000
3025 3058 1491696000
3025 3958 1526169600
3026 1682 1485475200
3026 801 1488326400
3026 3573 1488326400
3026 3573 1488326400
3026 334 1488326400
3027 2628 1484956800
3027 801 1485561600
3027 125 1487721600
3027 125 1487721600
3027 190 1495670400
3027 3277 1514332800
3027 3849 1523404800
3027 3959 1525564800
3028 801 1480982400
3028 2054 1480982400
3028 125 1480982400
3028 125 1480982400
3028 2522 1480982400
3028 3960 1480982400
3029 2898 1477267200
3029 398 1477267200
3029 2898 1477267200
3029 398 1477267200
3029 2700 1478044800
3029 801 1479686400
3030 1892 1463788800
3030 3961 1463788800
3030 801 1476835200
3030 2054 1476835200
3030 1893 1476835200
3031 801 1474588800
3031 2185 1474588800
3031 125 1474588800
3031 2185 1474588800
3031 125 1474588800
3032 3962 1407888000
3032 801 1463529600
3032 3961 1463529600
3032 2898 1463529600
3032 3961 1463529600
3032 2898 1463529600
3032 1893 1463529600
3032 3963 1481155200
3033 801 1451865600
3033 1816 1451865600
3033 1816 1451865600
3033 3964 1451865600
3033 3130 1451865600
3033 3965 1461801600
3033 1719 1483488000
3033 1719 1483488000
3033 1697 1488844800
3033 1699 1489363200
3033 810 1491782400
3034 801 1451865600
3034 3966 1452038400
3034 1889 1452038400
3034 3966 1452038400
3034 1889 1452038400
3035 801 1449532800
3035 1888 1449532800
3035 2440 1449532800
3035 1888 1449532800
3035 2440 1449532800
3035 2096 1449532800
3035 3967 1460160000
3036 801 1442448000
3036 1890 1442448000
3036 398 1442448000
3036 1890 1442448000
3036 398 1442448000
3037 801 1440374400
3037 489 1440374400
3037 398 1440374400
3037 489 1440374400
3037 398 1440374400
3038 3968 1402444800
3038 1703 1432080000
3038 1703 1432080000
3038 2223 1432944000
3038 2223 1432944000
3038 3840 1432944000
3038 801 1433462400
3038 3850 1450224000
3038 3850 1450224000
3039 801 1425859200
3039 3443 1425859200
3039 588 1425859200
3039 3443 1425859200
3039 588 1425859200
3040 801 1405555200
3040 1703 1405555200
3040 1703 1405555200
3040 2631 1472515200
3040 3037 1472515200
3040 855 1478736000
3040 311 1478736000
3040 3969 1494806400
3041 440 1359417600
3041 427 1365120000
3041 801 1388016000
3041 1478 1388016000
3041 1478 1388016000
3042 549 1495065600
3042 125 1502755200
3042 125 1502755200
3042 44 1502755200
3042 2054 1516838400
3042 758 1526860800
3043 644 1262563200
3043 1478 1262563200
3043 644 1262563200
3043 1478 1262563200
3043 801 1314230400
3043 1701 1314230400
3043 1701 1314230400
3043 3414 1427846400
3043 45 1433203200
3044 1713 1357344000
3044 1392 1391126400
3044 1392 1391126400
3044 3970 1412467200
3044 923 1440115200
3044 1274 1440201600
3044 1248 1445904000
3044 1180 1446163200
3044 1070 1479340800
3044 917 1486166400
3044 619 1489622400
3044 1036 1491696000
3044 1063 1492732800
3044 299 1501286400
3044 1309 1501372800
3044 2054 1503532800
3044 1333 1504569600
3044 335 1515283200
3045 2054 1495152000
3045 2209 1495152000
3045 1701 1495152000
3045 2209 1495152000
3045 1701 1495152000
3046 2054 1488672000
3046 644 1488672000
3046 1891 1488672000
3046 644 1488672000
3046 1891 1488672000
3046 3961 1488672000
3046 1895 1488672000
3046 632 1488672000
3047 3971 1469318400
3047 125 1475625600
3047 125 1475625600
3047 1701 1477872000
3047 398 1477872000
3047 1701 1477872000
3047 398 1477872000
3047 2671 1477872000
3047 2054 1478131200
3047 644 1478131200
3047 2223 1478131200
3047 344 1478131200
3047 591 1478131200
3047 644 1478131200
3047 2223 1478131200
3047 344 1478131200
3047 591 1478131200
3047 1892 1478131200
3047 3972 1507161600
3047 3953 1507161600
3047 588 1507852800
3047 467 1508198400
3047 3974 1508198400
3047 3973 1523404800
3047 1897 1529712000
3048 3975 1413504000
3048 3975 1413504000
3048 609 1423008000
3048 2054 1448236800
3048 2464 1483056000
3049 3977 1434240000
3049 2054 1435363200
3049 398 1438387200
3049 398 1438387200
3049 3976 1457740800
3049 835 1477612800
3049 3928 1487721600
3049 2821 1493164800
3049 1984 1514332800
3050 3978 1367366400
3050 1819 1419638400
3050 802 1425600000
3050 615 1425600000
3050 3980 1425600000
3050 3587 1427760000
3050 3587 1427760000
3050 2054 1428969600
3050 2465 1428969600
3050 2155 1431475200
3050 1207 1451347200
3050 3202 1470009600
3050 3202 1470009600
3050 3979 1470009600
3050 2675 1486684800
3050 3981 1487116800
3051 17 1375574400
3051 2054 1403654400
3051 398 1403654400
3051 398 1403654400
3051 768 1403654400
3051 166 1403654400
3052 1898 1355702400
3052 1899 1355702400
3052 1899 1355702400
3052 1368 1375228800
3052 1368 1375228800
3052 3982 1432252800
3053 1898 1444694400
3053 1899 1444694400
3053 1899 1444694400
3053 44 1444694400
3053 3848 1461715200
3053 3049 1492473600
3054 3984 1392940800
3054 1898 1393718400
3054 1899 1393718400
3054 1899 1393718400
3054 3983 1518048000
3055 3985 1387065600
3055 3526 1387065600
3055 3986 1457222400
3055 3988 1458345600
3055 802 1495411200
3055 3987 1498262400
3055 3989 1529193600
3056 1143 1363478400
3056 1143 1363478400
3056 3020 1489276800
3056 3985 1490486400
3056 3990 1490486400
3056 3523 1520467200
3057 3985 1487289600
3057 1306 1487289600
3057 450 1487289600
3057 3991 1487289600
3057 2012 1487289600
3057 217 1492819200
3057 218 1492819200
3058 3985 1457395200
3058 3526 1457395200
3058 3992 1457395200
3058 398 1506211200
3058 398 1506211200
3059 60 1444780800
3059 3985 1456790400
3059 3991 1456790400
3059 3526 1456790400
3059 2012 1457481600
3060 3048 1430784000
3060 3985 1434153600
3060 3526 1434153600
3060 2023 1437436800
3060 135 1444780800
3061 195 1357430400
3061 195 1357430400
3061 488 1423008000
3061 3993 1449705600
3061 3772 1454025600
3061 835 1498176000
3061 680 1514937600
3062 680 1510358400
3062 1660 1510358400
3062 1660 1510358400
3062 1550 1510358400
3062 3994 1510358400
3063 1695 1449273600
3063 1695 1449273600
3063 3997 1449273600
3063 1989 1459382400
3063 3995 1480204800
3063 3996 1480204800
3063 1719 1488844800
3063 1719 1488844800
3064 466 1446595200
3064 226 1459382400
3064 3929 1459382400
3064 680 1487462400
3064 255 1492560000
3065 546 1454976000
3065 1971 1454976000
3065 17 1457481600
3065 2547 1472256000
3065 680 1477612800
3065 3956 1478217600
3066 1703 1402358400
3066 1701 1402358400
3066 1703 1402358400
3066 1701 1402358400
3066 196 1404864000
3066 680 1435276800
3067 1570 1380672000
3067 1571 1380672000
3067 680 1430611200
3067 3978 1450051200
3067 760 1450051200
3068 59 1422144000
3068 680 1422403200
3068 442 1422748800
3068 442 1422748800
3068 445 1422748800
3069 680 1361836800
3069 3999 1367366400
3069 3998 1383955200
3069 706 1383955200
3069 2226 1383955200
3070 125 1473465600
3070 125 1473465600
3070 3061 1475280000
3070 706 1485216000
3070 427 1525392000
3071 2721 1518307200
3071 2255 1519516800
3071 4000 1519516800
3071 427 1520812800
3071 838 1521763200
3072 461 1407196800
3072 2326 1409011200
3072 3499 1412640000
3072 3098 1412640000
3072 1595 1425427200
3072 3378 1429142400
3072 3452 1430784000
3073 92 1377475200
3073 461 1405209600
3073 427 1405209600
3073 1617 1405209600
3073 1617 1405209600
3073 17 1405209600
3073 1933 1405209600
3073 3949 1405209600
3073 4001 1533081600
3074 2394 1421193600
3074 1701 1428883200
3074 1701 1428883200
3074 4002 1428969600
3074 609 1442880000
3074 427 1489881600
3074 3494 1492300800
3074 1018 1536537600
3075 1911 1397779200
3075 1989 1406764800
3075 4003 1426032000
3075 4004 1426032000
3075 427 1485993600
3076 54 1431648000
3076 54 1431648000
3076 1320 1431648000
3076 4005 1431648000
3076 427 1485388800
3077 491 1446595200
3077 581 1449705600
3077 3411 1467158400
3077 427 1479427200
3077 427 1479427200
3078 1633 1336867200
3078 157 1372723200
3078 476 1407196800
3078 476 1407196800
3078 473 1407369600
3078 135 1464652800
3078 3192 1466121600
3078 95 1476230400
3078 346 1478736000
3078 2640 1478736000
3078 1212 1478736000
3078 427 1479340800
3078 3967 1517356800
3078 1298 1517961600
3079 606 1486166400
3079 1823 1488585600
3079 3175 1490313600
3079 25 1491955200
3079 25 1491955200
3079 442 1499644800
3079 442 1499644800
3079 445 1499644800
3079 491 1500508800
3080 1050 1373760000
3080 1092 1393891200
3080 988 1397692800
3080 196 1403913600
3080 1127 1414800000
3080 1059 1415404800
3080 1433 1416009600
3080 65 1419552000
3080 969 1444003200
3080 987 1445299200
3080 1219 1445990400
3080 1376 1447718400
3080 498 1448668800
3080 1223 1449014400
3080 1152 1451865600
3080 1017 1457654400
3080 1272 1458259200
3080 1249 1459123200
3080 1454 1459123200
3080 944 1460678400
3080 1110 1472947200
3080 1110 1472947200
3080 1140 1473465600
3080 793 1474156800
3080 792 1474243200
3080 792 1474243200
3080 427 1475280000
3080 896 1477872000
3080 1299 1479081600
3080 1175 1487721600
3080 171 1489363200
3080 788 1494201600
3080 1034 1494201600
3081 427 1469318400
3081 4006 1469318400
3081 706 1478390400
3081 1143 1509926400
3081 1143 1509926400
3082 2464 1388102400
3082 2464 1395792000
3082 427 1459296000
3082 606 1459296000
3082 1595 1481155200
3083 376 1357344000
3083 1797 1376611200
3083 208 1386288000
3083 2004 1402876800
3083 2004 1402876800
3083 4007 1403222400
3083 4007 1403222400
3083 1808 1404172800
3083 427 1453939200
3083 4008 1473033600
3083 4008 1473033600
3084 662 1389916800
3084 427 1450742400
3084 2735 1490313600
3084 2726 1496707200
3084 4009 1521072000
3085 427 1442361600
3085 1893 1468454400
3085 1682 1468454400
3085 1369 1468540800
3085 1369 1468540800
3085 1473 1468800000
3085 3767 1468800000
3085 267 1471392000
3085 129 1478217600
3085 3656 1478217600
3085 135 1480464000
3086 3202 1438128000
3086 3202 1438128000
3086 802 1440547200
3086 427 1441065600
3086 3498 1441152000
3086 1512 1459209600
3086 3831 1466812800
3086 2590 1506470400
3087 476 1412035200
3087 529 1412035200
3087 427 1437782400
3087 488 1446595200
3087 470 1446595200
3087 4010 1472860800
3088 427 1431302400
3088 427 1431302400
3088 1102 1436400000
3088 4011 1442534400
3088 33 1478822400
3089 427 1425859200
3089 427 1427155200
3089 4012 1434067200
3089 803 1479168000
3089 1675 1479168000
3090 723 1416096000
3090 427 1424649600
3090 705 1446163200
3090 67 1446163200
3090 4013 1446163200
3091 2941 1341360000
3091 427 1411344000
3091 465 1411344000
3091 2013 1411344000
3091 3551 1454025600
3091 3415 1473724800
3092 4014 1385856000
3092 520 1402358400
3092 520 1402358400
3092 427 1405036800
3092 1819 1497398400
3093 442 1380240000
3093 442 1380240000
3093 445 1380240000
3093 427 1403136000
3093 4015 1403136000
3093 4015 1403136000
3093 760 1472083200
3094 2870 1372204800
3094 2870 1372204800
3094 427 1393545600
3094 398 1425859200
3094 398 1425859200
3094 707 1467849600
3094 465 1507593600
3095 427 1391990400
3095 4016 1392336000
3095 46 1443225600
3095 389 1443225600
3095 1042 1448323200
3095 1877 1448323200
3095 3551 1448323200
3095 4017 1450742400
3096 427 1338249600
3096 4018 1388966400
3096 4020 1388966400
3096 692 1390953600
3096 4019 1390953600
3096 2206 1397001600
3096 1881 1402876800
3097 3097 1323648000
3097 427 1335830400
3097 4022 1384387200
3097 4024 1384387200
3097 2040 1384732800
3097 4021 1384905600
3097 4023 1384905600
3098 427 1260144000
3098 4025 1265241600
3098 1265 1374624000
3098 339 1394668800
3098 348 1412899200
3099 427 1253318400
3099 427 1254009600
3099 397 1344988800
3099 397 1344988800
3099 421 1344988800
3099 3421 1528761600
3100 281 1430092800
3100 1273 1443052800
3100 969 1444867200
3100 1353 1445472000
3100 1427 1457481600
3100 226 1497657600
3100 900 1512345600
3100 900 1512345600
3101 1276 1415404800
3101 1126 1415750400
3101 1126 1415750400
3101 1427 1457308800
3101 243 1492560000
3102 1043 1401926400
3102 919 1410912000
3102 355 1415664000
3102 954 1422921600
3102 931 1424044800
3102 1072 1446163200
3102 319 1446163200
3102 299 1447372800
3102 1427 1455321600
3102 1215 1494806400
3102 39 1498348800
3103 1427 1454803200
3103 1393 1491523200
3103 39 1498435200
3103 335 1498435200
3103 311 1498435200
3103 1181 1498435200
3103 39 1499472000
3103 39 1499472000
3103 1056 1501459200
3103 963 1518307200
3103 984 1525132800
3104 1564 1316131200
3104 1564 1316131200
3104 2338 1316563200
3104 2338 1316563200
3104 2341 1434326400
3104 1174 1484524800
3105 1174 1461456000
3105 1335 1461456000
3105 4026 1461456000
3105 64 1461456000
3105 57 1461456000
3105 4028 1461456000
3105 4027 1473033600
3106 1067 1374019200
3106 921 1415491200
3106 1380 1437177600
3106 1174 1456876800
3106 1090 1524528000
3107 1247 1414713600
3107 219 1423180800
3107 1088 1431043200
3107 1407 1433635200
3107 19 1455235200
3107 1174 1456012800
3107 1147 1458691200
3107 1357 1461024000
3107 1055 1464825600
3107 240 1465776000
3107 1019 1469059200
3107 1001 1473033600
3107 1171 1473811200
3107 325 1475020800
3107 1261 1479686400
3107 86 1489449600
3107 983 1492732800
3107 1285 1493596800
3107 1285 1493596800
3107 913 1497312000
3107 84 1509926400
3107 938 1516406400
3107 963 1517443200
3107 667 1517788800
3108 1434 1442448000
3108 67 1445040000
3108 1136 1446336000
3108 1314 1447545600
3108 348 1448928000
3108 1174 1455580800
3108 1014 1461369600
3108 935 1465948800
3108 347 1475798400
3108 1092 1509926400
3108 282 1519430400
3109 1086 1388966400
3109 1092 1391558400
3109 921 1415145600
3109 1174 1454976000
3109 309 1469491200
3109 1269 1480464000
3109 1298 1485820800
3109 1298 1485820800
3109 226 1497571200
3110 2983 1411603200
3110 2141 1417132800
3110 1174 1417564800
3110 1174 1417564800
3110 587 1418169600
3110 587 1418169600
3110 4029 1423180800
3110 2141 1423526400
3110 728 1425945600
3110 2820 1429142400
3111 1174 1403568000
3111 4030 1403568000
3111 3343 1403568000
3111 3532 1487721600
3111 4031 1487721600
3111 4033 1487721600
3111 4032 1529193600
3112 2242 1361923200
3112 3250 1373500800
3112 3251 1388620800
3112 1174 1392508800
3112 3383 1392508800
3113 3636 1316390400
3113 2430 1330300800
3113 468 1331164800
3113 468 1331164800
3113 4034 1426982400
3113 4035 1426982400
3114 2430 1505865600
3114 187 1505865600
3114 2448 1505865600
3114 189 1505865600
3114 2626 1505865600
3115 2430 1500076800
3115 2718 1500076800
3115 1588 1500076800
3115 4036 1500076800
3115 4037 1500076800
3115 60 1500076800
3115 3643 1500076800
3115 2696 1500076800
3115 4038 1500076800
3116 217 1484265600
3116 218 1484265600
3116 2430 1498003200
3116 58 1498003200
3116 468 1498003200
3116 468 1498003200
3116 4039 1498003200
3116 4037 1498003200
3116 2337 1498003200
3117 2430 1476489600
3117 187 1476489600
3117 2179 1476489600
3117 189 1476489600
3117 191 1476489600
3117 1219 1476489600
3117 2337 1476489600
3118 2430 1471910400
3118 3592 1471910400
3118 1328 1471910400
3118 188 1495238400
3118 4040 1495238400
3118 493 1495238400
3118 3526 1499644800
3119 1441 1387411200
3119 1689 1390348800
3119 2430 1465257600
3119 187 1465257600
3119 191 1465257600
3119 476 1481414400
3120 2430 1433462400
3120 3542 1433462400
3120 877 1454544000
3120 1588 1454544000
3120 939 1454544000
3120 4041 1460592000
3120 508 1494374400
3120 330 1498089600
3121 1618 1407628800
3121 191 1407628800
3121 2647 1407628800
3121 4042 1407628800
3121 2430 1416096000
3121 3510 1444780800
3121 2650 1444780800
3121 439 1466726400
3121 3810 1481414400
3121 1029 1534550400
3121 4043 1534550400
3121 2741 1535846400
3122 4044 1448841600
3122 125 1498608000
3122 125 1498608000
3122 1537 1524009600
3122 1179 1524009600
3123 292 1428278400
3123 987 1445472000
3123 69 1445472000
3123 1376 1449187200
3123 1291 1456531200
3124 1185 1413158400
3124 1154 1443139200
3124 1082 1445731200
3124 952 1448323200
3124 1291 1455580800
3125 1376 1450742400
3125 330 1453248000
3125 971 1454198400
3125 1017 1458259200
3125 1112 1466640000
3125 1012 1469836800
3125 363 1471564800
3125 1239 1485216000
3125 946 1486944000
3126 973 1400112000
3126 971 1453766400
3126 265 1461369600
3126 351 1468108800
3126 371 1469491200
3126 299 1476921600
3126 84 1509408000
3127 2942 1376438400
3127 258 1392768000
3127 199 1414627200
3127 304 1446249600
3127 72 1453248000
3127 971 1453766400
3127 1187 1463702400
3128 1265 1375488000
3128 824 1446595200
3128 273 1448755200
3128 971 1453680000
3128 1454 1460851200
3128 4045 1466380800
3128 375 1468800000
3128 1225 1470009600
3128 1041 1473379200
3128 1041 1473379200
3128 974 1474243200
3128 1109 1486425600
3128 39 1498521600
3128 1194 1522627200
3129 339 1393804800
3129 988 1400112000
3129 973 1403136000
3129 352 1403136000
3129 1280 1403136000
3129 350 1405555200
3129 987 1407369600
3129 263 1409356800
3129 681 1452038400
3129 681 1452038400
3129 971 1453507200
3129 1439 1457049600
3129 896 1467676800
3130 971 1453161600
3130 551 1453248000
3130 1421 1454544000
3130 1301 1457913600
3130 270 1467676800
3130 1221 1470441600
3130 276 1473292800
3130 1202 1474934400
3130 302 1488499200
3130 1393 1491350400
3130 303 1493769600
3130 335 1497657600
3130 226 1497744000
3130 282 1512777600
3130 242 1523318400
3130 1259 1525651200
3131 361 1439510400
3131 334 1445385600
3131 1240 1446249600
3131 1098 1447632000
3131 1207 1448409600
3131 971 1453075200
3131 268 1468195200
3131 974 1474070400
3131 916 1480291200
3131 1215 1489795200
3131 226 1499817600
3131 986 1511568000
3131 1332 1517616000
3131 1177 1517788800
3131 749 1524355200
3132 973 1401580800
3132 1129 1401580800
3132 1410 1420070400
3132 1266 1432944000
3132 930 1445472000
3132 1248 1446076800
3132 971 1453075200
3132 351 1466899200
3132 895 1467417600
3132 307 1471910400
3132 974 1472947200
3132 974 1472947200
3132 1110 1473120000
3132 344 1473120000
3132 1110 1473120000
3132 344 1473120000
3133 2198 1506384000
3133 58 1516147200
3133 3277 1516147200
3133 4037 1516147200
3133 60 1524614400
3133 4039 1524614400
3133 4046 1524614400
3134 1588 1392249600
3134 2697 1392249600
3134 2697 1405036800
3134 2448 1415923200
3134 2697 1415923200
3134 58 1444867200
3134 191 1492560000
3135 2360 1396224000
3135 209 1396310400
3135 209 1396310400
3135 189 1433376000
3135 233 1433376000
3135 1970 1434499200
3135 58 1442448000
3135 4047 1531440000
3136 189 1390089600
3136 58 1429920000
3136 25 1429920000
3136 25 1429920000
3136 2387 1429920000
3136 4048 1509667200
3137 270 1488672000
3137 705 1489276800
3137 299 1505520000
3137 1082 1505520000
3137 1173 1505520000
3138 1484 1441756800
3138 1134 1445299200
3138 261 1447545600
3138 1445 1458000000
3138 309 1471824000
3138 1250 1484524800
3138 1239 1486512000
3138 1109 1487548800
3138 1151 1491868800
3138 302 1495756800
3138 998 1496534400
3138 226 1497916800
3138 980 1497916800
3138 39 1498694400
3138 226 1499299200
3138 39 1500508800
3138 299 1503705600
3138 1336 1507766400
3138 1092 1514246400
3138 936 1519689600
3138 219 1521331200
3139 3451 1423699200
3139 3221 1432944000
3139 270 1467676800
3139 171 1485302400
3139 1139 1489104000
3139 299 1501545600
3139 251 1502496000
3139 279 1510185600
3139 1115 1512864000
3139 1144 1534204800
3140 1073 1444089600
3140 1147 1457913600
3140 1221 1470096000
3140 27 1474848000
3140 551 1476921600
3140 1356 1478649600
3140 338 1478822400
3140 898 1480982400
3140 171 1485475200
3140 299 1501286400
3141 1185 1413417600
3141 1438 1418601600
3141 1147 1458604800
3141 1199 1458604800
3141 935 1466812800
3141 669 1468281600
3141 1105 1468281600
3141 1253 1486425600
3141 788 1486425600
3141 171 1486425600
3141 1113 1486425600
3141 1045 1487548800
3141 243 1487548800
3141 1060 1487548800
3141 619 1487548800
3141 955 1487548800
3141 899 1487548800
3141 1139 1487548800
3141 262 1491004800
3141 1164 1491004800
3141 299 1496361600
3141 320 1496361600
3141 1204 1496793600
3141 1226 1496793600
3141 917 1496793600
3141 1109 1496793600
3141 172 1496793600
3141 1239 1496793600
3141 1197 1497744000
3141 226 1497916800
3141 943 1502496000
3141 985 1505520000
3141 1128 1526169600
3141 668 1526169600
3141 33 1526169600
3142 952 1448496000
3142 1141 1451692800
3142 299 1495497600
3142 1197 1500163200
3142 248 1506556800
3143 1155 1396483200
3143 1161 1409270400
3143 1114 1414540800
3143 1985 1419292800
3143 1158 1420070400
3143 1986 1420156800
3143 1930 1431388800
3143 318 1444262400
3143 1061 1444348800
3143 67 1444780800
3143 308 1445990400
3143 930 1448150400
3143 894 1449792000
3143 1136 1449878400
3143 367 1457568000
3143 1183 1466380800
3143 307 1470700800
3143 1221 1470873600
3143 309 1471478400
3143 338 1482624000
3143 690 1488672000
3143 302 1489449600
3143 1215 1489795200
3143 1393 1492732800
3143 1077 1493078400
3143 299 1495152000
3143 1282 1497571200
3143 1056 1502928000
3143 311 1503878400
3143 1256 1513123200
3143 282 1514937600
3143 22 1526947200
3144 66 1415145600
3144 1059 1415664000
3144 940 1429660800
3144 1289 1446249600
3144 273 1449014400
3144 769 1449619200
3144 508 1450396800
3144 1017 1459641600
3144 899 1489536000
3144 980 1493596800
3144 299 1495065600
3144 248 1498176000
3144 311 1498521600
3144 912 1499126400
3144 912 1499126400
3145 78 1477440000
3145 1009 1480982400
3145 788 1485734400
3145 1034 1488412800
3145 1215 1488844800
3145 303 1494288000
3145 299 1494892800
3145 311 1497916800
3145 335 1498435200
3145 270 1503532800
3146 2513 1489968000
3146 907 1491177600
3146 299 1494460800
3146 1058 1494460800
3146 39 1498003200
3146 226 1498521600
3146 944 1501113600
3146 900 1511913600
3146 900 1511913600
3146 668 1523577600
3146 1144 1531267200
3147 1114 1414972800
3147 247 1429228800
3147 1134 1445472000
3147 1314 1447027200
3147 498 1449100800
3147 1183 1465862400
3147 1064 1478563200
3147 577 1481241600
3147 1204 1489017600
3147 2513 1489968000
3147 1391 1490918400
3147 299 1494374400
3147 576 1497225600
3147 248 1498089600
3147 1336 1502755200
3147 270 1503360000
3147 789 1504396800
3147 901 1511654400
3148 902 1484784000
3148 1062 1490572800
3148 1425 1491609600
3148 1397 1492473600
3148 1063 1493337600
3148 982 1493424000
3148 1245 1493856000
3148 983 1493856000
3148 299 1494028800
3148 1282 1497139200
3148 335 1498089600
3148 944 1501977600
3148 1483 1504656000
3148 125 1511827200
3148 125 1511827200
3149 58 1369353600
3149 188 1369353600
3149 189 1370304000
3149 1588 1410825600
3149 3530 1411344000
3149 3542 1425859200
3149 4049 1455580800
3149 4050 1480896000
3150 299 1479600000
3150 958 1479600000
3150 2609 1479600000
3150 1648 1491523200
3150 4051 1491523200
3150 1082 1525996800
3150 1170 1525996800
3151 261 1445817600
3151 266 1457913600
3151 896 1459036800
3151 1080 1460419200
3151 299 1479254400
3151 943 1502409600
3151 279 1510617600
3151 83 1518998400
3152 391 1358467200
3152 516 1358467200
3152 3153 1364256000
3152 618 1413676800
3152 299 1479254400
3152 4052 1527292800
3153 1359 1415664000
3153 1118 1416787200
3153 1158 1416960000
3153 1408 1439596800
3153 1180 1444867200
3153 299 1447286400
3153 1249 1460073600
3153 270 1469750400
3153 551 1477440000
3153 299 1478131200
3153 1079 1483315200
3153 984 1524700800
3153 246 1532304000
3154 1900 1342569600
3154 2308 1376956800
3154 2308 1376956800
3154 534 1402790400
3154 196 1404000000
3154 1051 1404000000
3154 966 1415232000
3154 1302 1415664000
3154 283 1429747200
3154 981 1430352000
3154 1180 1446336000
3154 1303 1448496000
3154 1376 1449360000
3154 1209 1453334400
3154 365 1461283200
3154 1984 1470528000
3154 974 1472860800
3154 974 1472860800
3154 299 1477958400
3154 1029 1527292800
3154 1194 1529366400
3154 1144 1533859200
3155 1220 1417478400
3155 274 1418688000
3155 1110 1473465600
3155 1110 1473465600
3155 299 1477958400
3156 526 1394064000
3156 526 1394064000
3156 962 1423180800
3156 1083 1459900800
3156 365 1460764800
3156 669 1468281600
3156 1105 1468281600
3156 299 1477699200
3156 338 1479168000
3156 916 1481673600
3156 788 1486684800
3156 311 1497484800
3156 335 1498521600
3156 1071 1502323200
3156 668 1524787200
3156 246 1525737600
3156 1315 1526860800
3157 247 1430179200
3157 991 1472947200
3157 991 1472947200
3157 344 1474502400
3157 344 1474502400
3157 299 1477612800
3157 171 1486080000
3157 1426 1487635200
3158 299 1477267200
3158 1175 1484611200
3158 311 1501113600
3158 936 1516492800
3158 323 1524268800
3159 299 1476921600
3159 551 1476921600
3159 549 1476921600
3159 3368 1476921600
3159 4053 1476921600
3159 1637 1476921600
3160 962 1422835200
3160 1168 1431302400
3160 1314 1447286400
3160 1223 1449187200
3160 498 1450656000
3160 299 1476748800
3160 1008 1481500800
3160 71 1488412800
3160 1204 1488585600
3160 943 1496880000
3160 944 1500940800
3160 1300 1502064000
3160 1063 1507334400
3160 1296 1516492800
3160 1090 1524096000
3160 1097 1524528000
3160 235 1525651200
3160 1404 1531872000
3161 551 1453420800
3161 297 1467849600
3161 307 1469145600
3161 299 1476662400
3161 551 1476921600
3161 916 1479427200
3161 1079 1482969600
3161 1175 1484438400
3161 1109 1485475200
3161 243 1488326400
3161 619 1488931200
3161 80 1491091200
3161 909 1502150400
3161 84 1509667200
3161 936 1515715200
3161 1919 1518825600
3161 1259 1526774400
3162 183 1438387200
3162 1482 1438387200
3162 2268 1464480000
3162 3551 1464480000
3162 1095 1464566400
3162 133 1464566400
3162 1611 1464566400
3162 299 1472083200
3163 1335 1405900800
3163 410 1443312000
3163 4054 1443312000
3163 4055 1443312000
3163 4056 1522022400
3164 1302 1416096000
3164 1358 1417132800
3164 1985 1417478400
3164 972 1419465600
3164 357 1422576000
3164 247 1431561600
3164 1168 1432512000
3164 347 1442102400
3164 314 1443139200
3164 314 1443916800
3164 1053 1444953600
3164 1352 1445212800
3164 305 1445558400
3164 527 1445644800
3164 1154 1446163200
3164 308 1446422400
3164 77 1446768000
3164 261 1448928000
3164 825 1449532800
3164 1180 1449619200
3164 1136 1449964800
3164 1264 1450137600
3164 299 1450224000
3164 1018 1461715200
3164 1039 1474329600
3164 311 1501113600
3164 39 1501286400
3165 1114 1415232000
3165 345 1418515200
3165 967 1427760000
3165 360 1443916800
3165 299 1448582400
3165 670 1466467200
3165 542 1469577600
3165 1029 1526688000
3166 346 1405814400
3166 1010 1417305600
3166 1410 1422489600
3166 244 1430611200
3166 1053 1443312000
3166 1292 1445817600
3166 299 1448150400
3166 1314 1448150400
3166 508 1452297600
3166 1170 1455840000
3166 1135 1469059200
3167 981 1429920000
3167 1537 1438819200
3167 1111 1445817600
3167 299 1447459200
3167 1098 1447459200
3167 769 1448755200
3167 1130 1458086400
3167 266 1458172800
3167 1033 1458691200
3167 1083 1459987200
3167 944 1460505600
3167 265 1461196800
3167 935 1466035200
3167 270 1468281600
3167 1110 1473897600
3167 1110 1473897600
3167 27 1474675200
3167 347 1475280000
3167 1038 1477440000
3167 896 1477526400
3167 899 1485648000
3167 899 1485648000
3167 262 1490486400
3167 753 1502668800
3167 901 1510876800
3167 938 1511654400
3167 668 1524096000
3167 22 1524182400
3168 105 1366416000
3168 949 1372204800
3168 1238 1413331200
3168 1302 1415232000
3168 203 1415836800
3168 284 1424304000
3168 244 1428019200
3168 195 1430784000
3168 195 1430784000
3168 1088 1431648000
3168 3722 1436313600
3168 299 1447286400
3168 1749 1456531200
3168 1309 1461110400
3168 257 1466899200
3168 240 1467331200
3168 826 1468108800
3168 1106 1473897600
3168 311 1498521600
3168 84 1511395200
3169 345 1416441600
3169 922 1417478400
3169 920 1417737600
3169 951 1429920000
3169 981 1430179200
3169 1352 1445385600
3169 67 1445644800
3169 995 1446854400
3169 299 1447200000
3169 229 1447200000
3169 1264 1447459200
3169 1134 1447459200
3169 894 1447545600
3169 1388 1447977600
3169 266 1457913600
3169 1107 1484784000
3169 1195 1489190400
3169 311 1497571200
3169 1138 1526083200
3170 976 1390262400
3170 1044 1398297600
3170 919 1410912000
3170 289 1431216000
3170 824 1445731200
3170 299 1447200000
3170 551 1453248000
3170 826 1468368000
3170 375 1469750400
3170 1041 1474156800
3170 1041 1474156800
3170 344 1475366400
3170 344 1475366400
3170 311 1499558400
3170 326 1504396800
3170 1076 1532995200
3171 1050 1371513600
3171 1392 1392768000
3171 1392 1392768000
3171 196 1405123200
3171 1248 1445299200
3171 299 1447113600
3171 257 1467849600
3171 1037 1483488000
3172 534 1402444800
3172 66 1415750400
3172 951 1431907200
3172 304 1445472000
3172 995 1446249600
3172 299 1446940800
3172 330 1453161600
3172 978 1464393600
3172 1356 1478736000
3172 917 1486598400
3172 1037 1491091200
3172 1239 1503878400
3172 977 1533859200
3173 1271 1393804800
3173 1205 1419811200
3173 306 1444867200
3173 299 1446768000
3173 1103 1471392000
3173 363 1473120000
3173 1070 1480377600
3174 1092 1391040000
3174 1392 1391299200
3174 1392 1391299200
3174 350 1402963200
3174 1010 1415923200
3174 920 1417478400
3174 922 1417651200
3174 1986 1417651200
3174 1985 1417824000
3174 715 1418601600
3174 1180 1444867200
3174 1111 1445472000
3174 1353 1445904000
3174 299 1446681600
3174 995 1447286400
3174 894 1447459200
3174 942 1447632000
3174 512 1447718400
3174 1207 1447718400
3174 1134 1447891200
3174 930 1447891200
3174 67 1447977600
3174 1028 1448928000
3174 280 1458086400
3174 934 1466640000
3174 270 1468368000
3174 255 1468540800
3174 309 1469059200
3174 368 1469059200
3174 375 1469059200
3174 1000 1474243200
3174 1253 1486252800
3174 619 1491004800
3174 1077 1493769600
3174 551 1495497600
3174 1102 1498867200
3174 226 1499644800
3174 311 1499990400
3174 1256 1511481600
3174 782 1525132800
3175 219 1422576000
3175 67 1445126400
3175 299 1446422400
3175 1418 1472688000
3175 1110 1474588800
3175 270 1479686400
3175 1356 1479772800
3176 299 1446163200
3176 1240 1446163200
3176 903 1448582400
3176 896 1458864000
3176 485 1459900800
3176 1112 1468368000
3177 988 1396310400
3177 1937 1424217600
3177 299 1446076800
3177 1376 1449100800
3177 255 1468454400
3177 1171 1472601600
3177 1045 1486425600
3177 1151 1493424000
3177 1096 1524960000
3177 1166 1532390400
3178 526 1393977600
3178 526 1393977600
3178 1059 1415318400
3178 289 1431993600
3178 299 1446076800
3178 3525 1471737600
3178 1041 1474934400
3178 1041 1474934400
3178 347 1476057600
3178 619 1486857600
3178 1145 1502496000
3178 251 1503705600
3179 1172 1432080000
3179 1407 1436140800
3179 69 1445040000
3179 299 1445990400
3179 1028 1449014400
3179 255 1468540800
3179 1208 1475798400
3179 243 1486425600
3179 171 1486425600
3179 1425 1490832000
3179 1077 1494460800
3179 1167 1498953600
3179 1075 1508544000
3179 83 1508544000
3179 1256 1508716800
3179 1048 1535673600
3180 1235 1414108800
3180 1235 1414108800
3180 981 1430265600
3180 299 1445817600
3180 260 1446076800
3180 958 1450051200
3181 2942 1372204800
3181 339 1391126400
3181 339 1391126400
3181 915 1409788800
3181 681 1440028800
3181 681 1440028800
3181 824 1445040000
3181 299 1445558400
3181 177 1457827200
3181 1199 1458345600
3181 955 1485648000
3182 289 1431475200
3182 1218 1443225600
3182 299 1445126400
3182 1072 1446336000
3182 321 1452643200
3182 1448 1455840000
3182 366 1458345600
3182 1454 1459987200
3182 1083 1461024000
3182 1014 1461628800
3182 1055 1465344000
3182 371 1469664000
3182 1221 1471132800
3182 243 1489104000
3182 1195 1489881600
3182 1224 1490054400
3182 311 1498953600
3182 1071 1502236800
3182 1333 1503446400
3182 1075 1507939200
3182 936 1515974400
3182 1338 1524355200
3182 1138 1525910400
3182 4057 1529366400
3183 299 1429488000
3183 687 1429488000
3183 3443 1429488000
3183 687 1429488000
3183 3443 1429488000
3183 459 1429488000
3183 383 1429488000
3183 233 1429488000
3183 2711 1429488000
3184 1370 1383436800
3184 299 1414368000
3184 1128 1414368000
3184 1128 1415923200
3184 8 1476144000
3184 1662 1481155200
3185 766 1404086400
3185 2696 1447286400
3185 4058 1451347200
3185 37 1456963200
3185 37 1456963200
3185 324 1489622400
3186 3942 1358726400
3186 1537 1363132800
3186 3860 1375488000
3186 2696 1407801600
3186 4059 1423353600
3186 192 1423353600
3187 3020 1348790400
3187 397 1364947200
3187 397 1364947200
3187 421 1364947200
3187 4060 1509926400
3187 4061 1535241600
3188 4062 1480204800
3188 2261 1484265600
3188 4063 1487721600
3188 3905 1500595200
3188 3020 1505174400
3189 3020 1498867200
3189 2319 1498867200
3189 2114 1498867200
3189 1716 1498867200
3189 1398 1498867200
3189 2927 1498867200
3189 4064 1498867200
3189 3268 1498867200
3189 115 1498953600
3189 1766 1498953600
3189 31 1499040000
3190 59 1480204800
3190 511 1480204800
3190 3020 1491091200
3190 3629 1515628800
3190 498 1517616000
3190 1111 1524700800
3191 3280 1396742400
3191 3280 1396742400
3191 2566 1398816000
3191 3 1436227200
3191 7 1439337600
3191 4065 1448323200
3192 3020 1456012800
3192 467 1456012800
3192 619 1456012800
3192 115 1462060800
3192 607 1462060800
3192 1460 1462060800
3193 2473 1388016000
3193 1456 1393718400
3193 3020 1409184000
3193 183 1421280000
3193 2680 1430006400
3193 398 1473811200
3193 398 1473811200
3193 1219 1473811200
3193 180 1473897600
3193 180 1473897600
3193 1456 1484006400
3194 1262 1423612800
3194 359 1424131200
3194 244 1428883200
3194 1462 1435017600
3194 1206 1458691200
3194 1332 1515456000
3195 1092 1391212800
3195 1392 1392163200
3195 1392 1392163200
3195 1148 1404086400
3195 254 1416182400
3195 345 1417824000
3195 310 1423094400
3195 1262 1423440000
3195 266 1460419200
3195 81 1463184000
3195 1039 1474588800
3195 262 1497744000
3196 1262 1423353600
3196 1273 1441929600
3196 1452 1448064000
3196 1093 1478736000
3196 917 1485302400
3196 86 1488844800
3196 1181 1499212800
3196 83 1502928000
3197 339 1390953600
3197 339 1390953600
3197 1262 1425772800
3197 527 1443830400
3197 1284 1458691200
3198 1148 1404604800
3198 1069 1419638400
3198 1262 1424563200
3198 356 1432857600
3198 987 1445644800
3199 1262 1424044800
3199 294 1445558400
3199 262 1490313600
3199 1242 1493424000
3199 1213 1522454400
3199 342 1524355200
3200 1707 1401494400
3200 476 1401494400
3200 529 1401494400
3200 4066 1411257600
3200 476 1411603200
3200 476 1411603200
3201 1707 1393977600
3201 2887 1395532800
3201 1707 1395619200
3201 1709 1399161600
3201 1709 1399161600
3202 2898 1396483200
3202 2898 1396483200
3202 2148 1466380800
3202 4067 1474070400
3202 21 1474070400
3203 4068 1306972800
3203 4068 1306972800
3203 4067 1417996800
3203 21 1417996800
3203 4069 1417996800
3204 4067 1393632000
3204 21 1393632000
3204 21 1393632000
3204 818 1393632000
3204 4070 1393632000
3204 2148 1393632000
3205 21 1520035200
3205 2834 1520035200
3205 982 1520035200
3205 3109 1520121600
3205 3989 1520121600
3205 744 1520121600
3206 21 1516492800
3206 3989 1516492800
3206 2639 1516492800
3206 819 1516492800
3206 4069 1516492800
3207 21 1475798400
3207 4071 1475798400
3207 21 1480204800
3207 2834 1487203200
3207 2834 1487203200
3207 606 1502755200
3208 812 1403308800
3208 1482 1417564800
3208 689 1433808000
3208 819 1437436800
3208 2841 1449792000
3208 4072 1495843200
3209 2669 1406678400
3209 2928 1406678400
3209 2928 1406678400
3209 2319 1406678400
3209 2669 1420848000
3210 217 1435881600
3210 218 1435881600
3210 3530 1435881600
3210 606 1435881600
3210 2550 1435881600
3210 1872 1482451200
3210 47 1482451200
3210 60 1533859200
3211 442 1426636800
3211 442 1426636800
3211 445 1426636800
3211 1872 1467072000
3211 445 1469491200
3211 2236 1469491200
3212 1412 1434931200
3212 1872 1438905600
3212 531 1487808000
3212 649 1519776000
3212 649 1519776000
3212 4073 1519776000
3213 1872 1430611200
3213 3021 1430611200
3213 166 1430611200
3213 1633 1430611200
3213 1937 1430611200
3214 603 1320624000
3214 1872 1427155200
3214 442 1427155200
3214 442 1427155200
3214 445 1427155200
3214 3661 1453852800
3215 1872 1322524800
3215 489 1386374400
3215 489 1386374400
3215 2464 1386374400
3215 676 1393286400
3215 4075 1420761600
3215 2013 1435017600
3215 56 1438214400
3215 1258 1467072000
3215 549 1496275200
3215 2307 1502668800
3215 4074 1505174400
3216 3458 1356220800
3216 1839 1412640000
3216 1839 1412640000
3216 465 1499299200
3216 3810 1531267200
3216 4076 1531267200
3217 2851 1431561600
3217 617 1431561600
3217 4077 1456704000
3217 3458 1458604800
3217 1659 1458604800
3217 3414 1458604800
3217 768 1460937600
3217 863 1460937600
3218 3458 1415318400
3218 3378 1415318400
3218 3779 1418083200
3218 3779 1418083200
3218 301 1496188800
3219 855 1365724800
3219 3458 1373846400
3219 2697 1373846400
3219 549 1461542400
3219 4078 1461542400
3220 4079 1356480000
3220 1534 1359504000
3220 2618 1363305600
3220 420 1386806400
3220 789 1397174400
3221 2801 1418083200
3221 4080 1418083200
3221 711 1422316800
3221 1534 1472601600
3221 1259 1472601600
3222 2972 1363824000
3222 4081 1372291200
3222 4082 1398556800
3222 1534 1421452800
3222 589 1421452800
3222 589 1421452800
3223 1487 1498262400
3223 414 1498262400
3223 1579 1498262400
3223 438 1498262400
3223 673 1498262400
3224 741 1421539200
3224 741 1421539200
3224 3418 1488585600
3224 3424 1488585600
3224 1487 1495065600
3224 1627 1495065600
3225 1487 1468281600
3225 1671 1468886400
3225 1671 1468886400
3225 1628 1468886400
3225 1572 1468886400
3226 3997 1454716800
3226 1487 1462233600
3226 243 1466380800
3226 619 1466380800
3226 1953 1486252800
3227 1487 1426809600
3227 2070 1458345600
3227 1527 1458345600
3227 419 1458345600
3227 2354 1472688000
3228 4083 1297555200
3228 1487 1420070400
3228 417 1435104000
3228 59 1463616000
3228 125 1481241600
3228 125 1481241600
3229 1674 1457654400
3229 442 1490054400
3229 398 1490054400
3229 442 1490054400
3229 398 1490054400
3229 445 1490054400
3230 187 1339372800
3230 2179 1339372800
3230 4084 1402444800
3230 4085 1402444800
3230 1670 1402444800
3230 1578 1408406400
3231 1579 1385164800
3231 314 1450915200
3231 2563 1455840000
3231 2563 1455840000
3231 1628 1512950400
3231 303 1515456000
3231 943 1517529600
3232 1699 1399766400
3232 417 1419638400
3232 761 1419638400
3232 673 1451088000
3232 673 1451088000
3232 4086 1451088000
3233 1669 1367452800
3233 474 1453161600
3233 999 1459296000
3233 1709 1461628800
3233 1709 1461628800
3234 4087 1483228800
3234 2989 1488326400
3234 619 1490659200
3234 1229 1491782400
3234 933 1491782400
3234 1231 1491782400
3234 1063 1493683200
3234 1245 1494979200
3234 1618 1497052800
3235 1701 1404259200
3235 1701 1404259200
3235 2721 1417305600
3235 2034 1426636800
3235 1276 1426636800
3235 1218 1430265600
3235 1618 1454112000
3235 1467 1472169600
3235 3919 1487635200
3235 3919 1487635200
3236 39 1402444800
3236 1618 1416182400
3236 183 1426464000
3236 180 1482192000
3236 180 1482192000
3237 1618 1401062400
3237 51 1405209600
3237 2181 1405555200
3237 50 1411171200
3237 4003 1421539200
3238 1441 1380758400
3238 1618 1397520000
3238 1953 1461024000
3238 3054 1483142400
3238 467 1491609600
3239 1618 1388016000
3239 2305 1388016000
3239 2819 1388016000
3239 606 1388016000
3239 607 1388016000
3239 4088 1388016000
3239 4088 1401062400
3240 1618 1371600000
3240 1686 1373760000
3240 1686 1373760000
3240 2834 1450828800
3240 2834 1450828800
3240 4069 1450828800
3241 1384 1393200000
3241 1167 1429920000
3241 1242 1437350400
3241 1246 1439164800
3241 1853 1444348800
3241 1535 1446076800
3241 1911 1446076800
3241 176 1478563200
3242 1535 1433289600
3242 1474 1433289600
3242 1540 1433289600
3242 31 1433289600
3242 4089 1482883200
3243 1535 1431388800
3243 1474 1431388800
3243 575 1431388800
3243 471 1431388800
3243 1540 1431388800
3244 1535 1393113600
3244 2387 1393113600
3244 4090 1455840000
3244 4091 1455840000
3244 8 1455840000
3245 4092 1352937600
3245 768 1362009600
3245 2457 1362787200
3245 1535 1369958400
3245 778 1369958400
3245 3094 1404518400
3245 2723 1415750400
3246 1843 1405987200
3246 1771 1405987200
3246 1771 1405987200
3246 1844 1405987200
3246 4093 1415404800
3247 1843 1252108800
3247 1843 1309132800
3247 1085 1391126400
3247 1148 1404777600
3247 1131 1430179200
3247 1379 1464480000
3247 1087 1465084800
3247 997 1469664000
3247 2513 1499817600
3248 948 1423612800
3248 1301 1457568000
3248 148 1458950400
3248 1156 1462147200
3248 335 1501545600
3248 936 1517097600
3249 948 1423526400
3249 1266 1433203200
3249 68 1435449600
3249 315 1443744000
3249 140 1447459200
3249 1173 1450569600
3249 1102 1498694400
3250 948 1423440000
3250 359 1423440000
3250 1121 1433376000
3250 1434 1443484800
3250 1181 1498608000
3251 948 1422835200
3251 359 1423267200
3251 244 1429574400
3251 577 1483401600
3251 1037 1489363200
3251 998 1491955200
3251 1245 1499299200
3252 281 1432252800
3252 4094 1447718400
3252 300 1461283200
3252 1355 1466208000
3252 1039 1475971200
3253 1281 1430092800
3253 300 1459036800
3253 1418 1472515200
3253 337 1475193600
3253 1334 1501891200
3253 749 1521331200
3253 249 1526601600
3253 1094 1526688000
3254 1870 1413849600
3254 4095 1413849600
3254 4095 1413849600
3254 4097 1413849600
3254 4096 1421452800
3254 2135 1437523200
3254 4098 1437523200
3254 1967 1440374400
3254 4099 1452988800
3254 1866 1459209600
3254 3857 1461801600
3254 660 1470614400
3254 210 1480636800
3254 2183 1485129600
3255 790 1413072000
3255 25 1429920000
3255 25 1429920000
3255 2524 1429920000
3255 4100 1443052800
3255 651 1493596800
3255 858 1493596800
3255 1626 1493596800
3255 3385 1509148800
3255 652 1512000000
3256 651 1487894400
3256 652 1487894400
3256 1561 1487894400
3256 3353 1487894400
3256 3368 1488499200
3256 4102 1504915200
3256 4101 1527033600
3257 4103 1367798400
3257 392 1429747200
3257 606 1464220800
3257 3005 1469059200
3257 651 1469491200
3257 3858 1471305600
3257 3358 1471478400
3257 4104 1472169600
3257 2306 1472169600
3257 2093 1483488000
3257 4105 1483488000
3257 480 1497312000
3257 4106 1497312000
3257 46 1499644800
3258 2737 1461024000
3258 847 1461024000
3258 652 1461628800
3258 384 1462320000
3258 651 1464134400
3258 667 1465084800
3258 2689 1466294400
3258 442 1466380800
3258 442 1466380800
3258 445 1466380800
3259 757 1395878400
3259 4107 1407196800
3259 1413 1407196800
3259 757 1426636800
3259 2939 1475539200
3260 4107 1388966400
3260 2886 1388966400
3260 2886 1388966400
3260 333 1388966400
3260 3664 1390176000
3260 1747 1452988800
3260 1747 1452988800
3261 4103 1472515200
3261 4108 1495411200
3261 504 1496880000
3261 3192 1496880000
3261 4109 1499990400
3262 3008 1388707200
3262 4110 1388707200
3262 3559 1401494400
3262 1634 1401494400
3262 658 1419292800
3263 877 1460505600
3263 2574 1460505600
3263 4111 1468540800
3263 504 1483920000
3263 2183 1483920000
3263 4112 1493078400
3263 744 1493078400
3263 3175 1494547200
3263 2363 1497225600
3263 2279 1503446400
3264 135 1452729600
3264 504 1468800000
3264 1695 1512000000
3264 1695 1512000000
3264 2330 1512000000
3265 828 1407369600
3265 1412 1493596800
3265 206 1507161600
3265 226 1508889600
3265 2222 1523491200
3265 125 1523836800
3265 125 1523836800
3265 485 1526601600
3266 504 1453161600
3266 3067 1453161600
3266 2090 1480464000
3266 4113 1480464000
3266 792 1487116800
3266 792 1487116800
3267 1482 1381190400
3267 104 1404950400
3267 504 1432252800
3267 4114 1432252800
3267 1861 1436745600
3267 2216 1450137600
3267 544 1510099200
3268 504 1422230400
3268 652 1437523200
3268 2838 1465257600
3268 4115 1465257600
3268 2851 1465257600
3268 2852 1465257600
3268 580 1470009600
3269 2748 1382659200
3269 1686 1393459200
3269 1686 1393459200
3269 1701 1403136000
3269 1701 1403136000
3269 18 1413936000
3269 18 1413936000
3269 2225 1413936000
3269 1816 1414022400
3269 3657 1414022400
3269 1816 1414022400
3269 3657 1414022400
3269 504 1419897600
3269 2943 1419897600
3269 2943 1419897600
3269 126 1419897600
3269 1892 1419897600
3269 840 1419897600
3269 1893 1419897600
3269 3244 1419897600
3269 56 1419897600
3269 1971 1419897600
3269 2133 1419897600
3269 2626 1428364800
3269 1095 1428364800
3270 504 1382745600
3270 1401 1432684800
3270 1138 1433203200
3270 2216 1451779200
3270 2464 1455753600
3270 2462 1486944000
3271 206 1420502400
3271 2580 1420502400
3271 4116 1425427200
3271 2216 1430524800
3271 1991 1437264000
3271 2687 1471824000
3271 4117 1476057600
3272 206 1375056000
3272 595 1375056000
3272 598 1375056000
3272 604 1375056000
3272 620 1375056000
3272 1605 1385078400
3272 603 1388016000
3273 2069 1443484800
3273 2917 1443484800
3273 1435 1443484800
3273 546 1443484800
3273 652 1443484800
3273 783 1443484800
3273 2377 1443484800
3273 2187 1443484800
3274 292 1428192000
3274 1082 1445731200
3274 85 1448841600
3274 1439 1457568000
3274 365 1459728000
3274 81 1459900800
3274 1357 1462233600
3274 542 1467676800
3274 1020 1468195200
3274 270 1468454400
3274 375 1468972800
3274 1171 1473033600
3274 1164 1486425600
3274 950 1490832000
3274 39 1497744000
3274 226 1498608000
3274 672 1502496000
3274 1090 1525219200
3275 1090 1434326400
3275 22 1434326400
3275 1095 1434326400
3275 133 1434326400
3275 4118 1434326400
3275 1090 1437523200
3275 440 1466121600
3276 4119 1425600000
3276 217 1428105600
3276 218 1428105600
3276 619 1431043200
3276 1529 1451606400
3276 659 1454630400
3276 4121 1489968000
3276 2784 1491004800
3276 3667 1491004800
3276 4120 1497312000
3276 3944 1497484800
3277 410 1416182400
3277 4122 1416182400
3277 4123 1416182400
3277 4124 1416182400
3277 4119 1417478400
3278 3569 1285891200
3278 3569 1285891200
3278 4119 1296000000
3278 106 1343952000
3278 721 1478908800
3279 2495 1343347200
3279 2131 1362700800
3279 2315 1363996800
3279 2315 1363996800
3279 2120 1364601600
3279 2120 1364601600
3279 4125 1364601600
3280 2886 1203465600
3280 2886 1203465600
3280 2120 1204156800
3280 2120 1204156800
3280 2120 1204156800
3280 2120 1204156800
3280 2495 1205107200
3280 3143 1205107200
3281 2495 1363651200
3281 2886 1363651200
3281 1747 1363651200
3281 2886 1363651200
3281 1747 1363651200
3282 4126 1363305600
3282 481 1494201600
3282 481 1494201600
3282 402 1510704000
3282 196 1510704000
3283 4127 1434412800
3283 4128 1434412800
3283 802 1450310400
3283 196 1450310400
3283 4129 1450310400
3283 4126 1460505600
3284 1970 1416182400
3284 3098 1416182400
3284 4130 1416182400
3284 3499 1417305600
3284 4126 1418083200
3285 2242 1452643200
3285 3280 1455840000
3285 3280 1455840000
3285 1632 1476230400
3285 2436 1482364800
3286 2312 1373328000
3286 2312 1373328000
3286 3701 1373328000
3286 3264 1373328000
3286 3264 1392681600
3286 3479 1427241600
3286 383 1444262400
3286 2436 1476144000
3287 2436 1433289600
3287 2242 1433289600
3287 1615 1433289600
3287 1616 1433289600
3287 4131 1433289600
3287 3980 1501545600
3287 3498 1501545600
3287 383 1501545600
3288 194 1381881600
3288 919 1410566400
3288 1185 1412899200
3288 931 1426032000
3288 1131 1430956800
3288 1255 1442275200
3288 1072 1447545600
3288 273 1449964800
3288 1152 1454284800
3289 194 1379635200
3289 1092 1392076800
3289 1044 1403049600
3289 296 1414800000
3289 337 1474934400
3289 1008 1514678400
3289 894 1531440000
3290 194 1378598400
3290 1247 1414627200
3290 1220 1415577600
3290 76 1416441600
3290 1157 1418601600
3290 345 1418860800
3290 922 1420243200
3290 314 1443657600
3290 260 1446422400
3290 67 1446681600
3290 1134 1447632000
3290 1049 1464739200
3290 257 1466985600
3290 826 1467936000
3290 917 1492387200
3290 946 1500336000
3290 1229 1503792000
3290 1231 1503792000
3290 262 1503792000
3290 1151 1507334400
3290 1186 1517788800
3290 279 1517961600
3290 936 1530662400
3291 194 1378252800
3291 74 1407888000
3291 1353 1446249600
3291 285 1448755200
3291 1287 1457568000
3291 914 1458259200
3292 194 1378166400
3292 66 1415059200
3292 1045 1491609600
3292 1243 1494028800
3292 916 1498867200
3292 1334 1501891200
3292 1145 1501891200
3293 194 1377561600
3293 197 1420329600
3293 284 1423699200
3293 1352 1446163200
3293 1301 1458518400
3293 991 1473292800
3293 991 1473292800
3294 2423 1402531200
3294 226 1402531200
3294 557 1402531200
3294 1568 1402531200
3294 1569 1402531200
3295 133 1486080000
3295 3277 1486166400
3295 3642 1499731200
3295 1243 1520640000
3295 217 1521676800
3295 218 1521676800
3296 4134 1466380800
3296 1700 1467849600
3296 652 1471824000
3296 397 1477440000
3296 397 1477440000
3296 689 1477440000
3296 689 1477440000
3296 421 1477440000
3296 4135 1477440000
3296 1512 1485561600
3296 4132 1485561600
3296 4133 1488153600
3296 3573 1488758400
3296 398 1488758400
3296 3573 1488758400
3296 398 1488758400
3296 1690 1491955200
3296 2841 1499472000
3296 217 1520208000
3296 218 1520208000
3297 217 1515542400
3297 218 1515542400
3297 2394 1528502400
3297 4136 1528502400
3297 4137 1528502400
3297 4138 1528502400
3298 718 1398643200
3298 718 1405123200
3298 1473 1430179200
3298 1131 1430179200
3298 522 1458691200
3298 217 1489449600
3298 218 1489449600
3299 217 1488758400
3299 218 1488758400
3299 119 1488758400
3299 3225 1488758400
3299 624 1488758400
3300 217 1488412800
3300 218 1488412800
3300 4139 1499126400
3300 649 1523318400
3300 649 1523318400
3301 129 1367280000
3301 4140 1391385600
3301 1253 1432166400
3301 129 1465948800
3301 217 1479254400
3302 217 1471392000
3302 125 1471392000
3302 125 1471392000
3302 218 1471392000
3302 162 1509494400
3303 2601 1488844800
3303 3360 1488844800
3303 3359 1488844800
3303 282 1505001600
3303 4141 1510272000
3304 2601 1474934400
3304 2872 1474934400
3304 2872 1474934400
3304 2479 1474934400
3304 2360 1500336000
3304 1413 1505001600
3305 4143 1380585600
3305 999 1386633600
3305 1695 1393113600
3305 1695 1393113600
3305 1403 1409788800
3305 4142 1411862400
3305 2782 1417219200
3305 2065 1501113600
3306 1392 1394928000
3306 1392 1394928000
3306 2782 1403481600
3306 1355 1466294400
3306 991 1473292800
3306 991 1473292800
3306 276 1476403200
3306 974 1478044800
3306 917 1492646400
3307 2354 1484352000
3307 2312 1484352000
3307 2312 1484352000
3307 3124 1484352000
3307 162 1524182400
3308 2354 1475539200
3308 1909 1475539200
3308 3124 1475539200
3308 1909 1475539200
3308 3124 1475539200
3308 3761 1475539200
3309 2354 1472774400
3309 1909 1472774400
3309 195 1472774400
3309 3124 1472774400
3309 1909 1472774400
3309 195 1472774400
3309 3124 1472774400
3309 1527 1472774400
3309 1460 1472774400
3310 2354 1466467200
3310 2312 1466467200
3310 3124 1466467200
3310 2312 1466467200
3310 3124 1466467200
3311 2354 1432771200
3311 3066 1432771200
3311 1527 1432771200
3311 2355 1505520000
3311 4111 1505520000
3312 4144 1286582400
3312 2354 1419206400
3312 3761 1419206400
3312 3761 1419206400
3312 1691 1435708800
3312 4145 1493683200
3313 1909 1411948800
3313 1909 1411948800
3313 2354 1416182400
3313 4146 1437696000
3313 4147 1437696000
3314 2070 1430697600
3314 1909 1430697600
3314 1909 1430697600
3314 2356 1430697600
3314 1528 1430697600
3315 2311 1378252800
3315 3122 1378252800
3315 2314 1378252800
3315 3122 1378252800
3315 2314 1378252800
3315 67 1473206400
3316 2311 1287360000
3316 3122 1287360000
3316 2314 1287360000
3316 3123 1287360000
3316 3122 1287360000
3316 2314 1287360000
3316 3123 1287360000
3317 3122 1391644800
3317 3122 1391644800
3317 2311 1410825600
3317 3122 1419033600
3317 3122 1419033600
3318 3123 1374451200
3318 3123 1374451200
3318 3122 1387670400
3318 3122 1387670400
3318 2311 1403654400
3319 2311 1384300800
3319 3122 1384300800
3319 2314 1384300800
3319 3123 1384300800
3319 3122 1384300800
3319 2314 1384300800
3319 3123 1384300800
3320 2914 1358035200
3320 3043 1469491200
3320 3395 1493856000
3320 689 1493856000
3320 4148 1493856000
3321 3043 1361664000
3321 76 1416355200
3321 244 1428192000
3321 2329 1484438400
3321 1011 1488672000
3322 3066 1426896000
3322 1601 1444867200
3322 2353 1444867200
3322 1611 1444867200
3322 135 1458000000
3322 724 1462147200
3322 4149 1462147200
3322 4150 1462147200
3323 92 1409443200
3323 2894 1463529600
3323 2792 1483488000
3323 4151 1483833600
3323 4152 1483833600
3323 4153 1501027200
3324 2328 1356393600
3324 2455 1361491200
3324 4155 1373760000
3324 3118 1376092800
3324 146 1398038400
3324 1690 1416700800
3324 4154 1456099200
3325 2383 1411516800
3325 203 1415232000
3325 2455 1426723200
3325 77 1442016000
3325 1314 1446854400
3325 551 1455321600
3325 1052 1458950400
3325 1091 1489276800
3325 968 1490572800
3326 1488 1323216000
3326 1488 1323216000
3326 2455 1391644800
3326 1537 1391644800
3326 2339 1391644800
3327 4156 1400025600
3327 554 1439164800
3327 125 1465516800
3327 125 1465516800
3327 451 1465516800
3327 639 1467676800
3327 2183 1484179200
3328 639 1406937600
3328 1237 1449964800
3328 3917 1461196800
3328 1310 1473033600
3328 333 1473724800
3328 580 1532217600
3329 1267 1420675200
3329 4157 1429488000
3329 281 1430092800
3329 442 1431561600
3329 442 1431561600
3329 445 1431561600
3329 1136 1445644800
3329 4094 1446508800
3329 1221 1472083200
3329 1101 1473206400
3329 1250 1483401600
3329 1285 1493078400
3329 1285 1493078400
3329 226 1498521600
3329 1254 1503187200
3329 1213 1522195200
3329 668 1523923200
3329 175 1524182400
3330 3835 1418688000
3330 4158 1455408000
3330 855 1476144000
3330 2427 1500940800
3330 1224 1532736000
3331 289 1431302400
3331 1141 1450310400
3331 855 1460937600
3331 4026 1494547200
3331 3025 1495411200
3331 4159 1512259200
3331 342 1524528000
3332 768 1443398400
3332 484 1443398400
3332 4160 1443398400
3332 2580 1443484800
3332 777 1443484800
3333 1474 1363219200
3333 1540 1363219200
3333 4163 1420329600
3333 4161 1444176000
3333 2394 1444176000
3333 4162 1444176000
3334 1369 1365033600
3334 1369 1365033600
3334 4161 1415923200
3334 1952 1447200000
3334 1953 1447200000
3334 4001 1450828800
3335 1708 1483574400
3335 1709 1483574400
3335 1709 1483574400
3335 1709 1496188800
3335 1709 1496188800
3336 1708 1413504000
3336 1126 1413504000
3336 1126 1413504000
3336 1114 1413504000
3336 1302 1413504000
3336 1059 1413504000
3337 1708 1413072000
3337 3136 1413072000
3337 345 1413072000
3337 1127 1413072000
3337 254 1414454400
3337 1302 1414454400
3337 190 1418860800
3337 106 1418860800
3337 2587 1418860800
3338 1708 1412208000
3338 681 1412208000
3338 681 1412208000
3338 2461 1412208000
3338 254 1412208000
3338 4164 1412208000
3338 345 1412208000
3338 1185 1412208000
3339 608 1379980800
3339 830 1379980800
3339 1708 1397088000
3339 404 1397088000
3339 2145 1423180800
3339 2145 1423180800
3339 608 1478563200
3340 1073 1445385600
3340 388 1450137600
3340 1170 1453766400
3340 1039 1473552000
3340 1261 1479254400
3340 1224 1489017600
3340 980 1493337600
3341 1359 1416096000
3341 86 1488499200
3341 980 1494028800
3341 226 1497744000
3341 311 1498003200
3341 311 1498003200
3341 251 1503187200
3342 1012 1469404800
3342 1104 1472774400
3342 1299 1476403200
3342 980 1493683200
3342 1116 1526515200
3343 1204 1489536000
3343 71 1489968000
3343 311 1498089600
3343 335 1498348800
3343 39 1499385600
3344 1126 1415145600
3344 1126 1415145600
3344 71 1489363200
3344 998 1494547200
3344 302 1494633600
3344 551 1501200000
3345 1413 1404086400
3345 307 1470009600
3345 1460 1482796800
3345 71 1489363200
3345 1428 1489795200
3345 619 1491177600
3345 1027 1491955200
3345 1245 1495670400
3345 1008 1498089600
3345 248 1499472000
3345 938 1514160000
3346 892 1392508800
3346 892 1392508800
3346 1157 1418601600
3346 1360 1436745600
3346 1154 1443312000
3346 1223 1451779200
3346 330 1453852800
3346 271 1467936000
3346 898 1481587200
3346 341 1482883200
3346 899 1488499200
3346 71 1489276800
3346 1100 1494892800
3347 63 1400716800
3347 1046 1405987200
3347 966 1416009600
3347 322 1486598400
3347 71 1489017600
3347 1242 1490918400
3347 1285 1496620800
3348 71 1488240000
3348 1242 1488758400
3348 1397 1490572800
3348 1393 1490918400
3348 1245 1492992000
3348 983 1493683200
3348 1063 1493683200
3348 910 1506902400
3348 1063 1507852800
3349 3330 1471305600
3349 3330 1471305600
3349 4165 1471305600
3349 398 1473033600
3349 398 1473033600
3349 3617 1495584000
3349 2547 1522627200
3349 4166 1530144000
3350 3935 1429056000
3350 3935 1429056000
3350 1696 1453075200
3350 3617 1493251200
3350 189 1493251200
3350 1460 1502668800
3351 2697 1456876800
3351 3302 1476835200
3351 3617 1492992000
3351 191 1492992000
3351 677 1492992000
3352 3769 1406073600
3352 191 1426464000
3352 2179 1444348800
3352 3302 1444348800
3352 3617 1483488000
3352 187 1483488000
3352 1588 1483488000
3353 3617 1401321600
3353 4038 1431388800
3353 1343 1431388800
3353 1343 1431388800
3353 3769 1460937600
3353 4167 1469404800
3354 1263 1440201600
3354 303 1495238400
3354 551 1503792000
3354 1166 1532131200
3354 1048 1533340800
3355 256 1400716800
3355 929 1414972800
3355 929 1414972800
3355 1010 1416096000
3355 960 1423008000
3355 1274 1437264000
3355 1111 1445299200
3355 295 1448582400
3355 81 1461456000
3355 1055 1464048000
3355 1425 1489795200
3355 551 1498608000
3355 1048 1532908800
3356 551 1495670400
3356 1078 1495670400
3356 1082 1495670400
3356 944 1495670400
3356 1170 1495670400
3357 897 1431648000
3357 1230 1431648000
3357 1073 1444176000
3357 1428 1489622400
3357 551 1495670400
3357 1092 1511827200
3358 1008 1481155200
3358 1229 1491264000
3358 1062 1491264000
3358 1231 1491264000
3358 1425 1492387200
3358 1397 1492473600
3358 303 1493510400
3358 982 1493510400
3358 1245 1493942400
3358 983 1493942400
3358 1063 1493942400
3358 551 1495497600
3358 1071 1501804800
3358 1195 1503532800
3358 1063 1509148800
3359 485 1459641600
3359 1037 1484006400
3359 1239 1486512000
3359 551 1495065600
3359 1077 1495411200
3360 1061 1444262400
3360 1173 1449014400
3360 269 1479168000
3360 1003 1482624000
3360 551 1494720000
3360 782 1524700800
3361 975 1415404800
3361 296 1415404800
3361 1930 1431993600
3361 1240 1447027200
3361 1080 1458518400
3361 1132 1465948800
3361 896 1477526400
3361 619 1489190400
3361 1224 1489795200
3361 2513 1490227200
3361 907 1491264000
3361 1077 1492732800
3361 551 1494720000
3361 335 1498262400
3362 270 1477526400
3362 1261 1482364800
3362 171 1488931200
3362 1037 1493596800
3362 551 1494374400
3362 1113 1502064000
3363 892 1395014400
3363 892 1395014400
3363 956 1407024000
3363 1223 1450051200
3363 563 1459036800
3363 944 1460246400
3363 370 1470700800
3363 1299 1477526400
3363 551 1494288000
3363 1077 1500940800
3364 1438 1419120000
3364 1434 1445299200
3364 952 1450569600
3364 325 1475452800
3364 551 1478563200
3364 1194 1525564800
3365 551 1477699200
3365 320 1490745600
3365 907 1491523200
3365 1100 1492041600
3365 1191 1492473600
3365 1036 1493596800
3365 1102 1499040000
3365 1116 1527033600
3365 913 1534896000
3365 1144 1534896000
3366 952 1448841600
3366 1249 1458691200
3366 245 1466726400
3366 551 1477699200
3366 251 1503100800
3366 246 1525651200
3366 1144 1531612800
3367 1172 1430611200
3367 1459 1433548800
3367 551 1476835200
3367 998 1489017600
3367 311 1497916800
3367 226 1500422400
3367 668 1524441600
3367 246 1527206400
3367 1270 1527465600
3368 1307 1392768000
3368 715 1419292800
3368 551 1456790400
3368 1418 1472169600
3368 1110 1474761600
3368 946 1488240000
3368 1109 1492041600
3368 243 1493596800
3368 824 1499644800
3368 175 1523577600
3369 921 1416441600
3369 1360 1438732800
3369 987 1446681600
3369 45 1446768000
3369 551 1456099200
3369 1199 1461024000
3369 563 1462320000
3369 1145 1502668800
3369 84 1511136000
3370 512 1449100800
3370 551 1455840000
3370 1170 1456185600
3370 270 1480118400
3370 1038 1480118400
3371 339 1392681600
3371 339 1392681600
3371 45 1445385600
3371 942 1445904000
3371 958 1449792000
3371 551 1454198400
3371 896 1457913600
3371 532 1468022400
3371 338 1479427200
3371 668 1524268800
3372 941 1410912000
3372 1985 1417478400
3372 922 1417651200
3372 1986 1417651200
3372 972 1418601600
3372 527 1443312000
3372 85 1448928000
3372 551 1454112000
3373 1280 1400803200
3373 1161 1409011200
3373 1002 1425513600
3373 314 1441065600
3373 681 1441152000
3373 681 1441152000
3373 347 1442880000
3373 315 1444780800
3373 1193 1445040000
3373 285 1448841600
3373 1223 1449187200
3373 551 1453420800
3373 669 1467676800
3373 619 1529366400
3374 1155 1395273600
3374 922 1419984000
3374 247 1430179200
3374 1255 1438819200
3374 306 1445385600
3374 903 1447459200
3374 1376 1448496000
3374 551 1453248000
3374 1357 1459900800
3374 1055 1464393600
3375 349 1398297600
3375 353 1398297600
3375 1457 1412812800
3375 551 1452902400
3375 1020 1467763200
3375 1064 1478736000
3375 39 1497571200
3375 1145 1501632000
3376 1050 1370476800
3376 1247 1414972800
3376 1276 1415577600
3376 193 1424217600
3376 1088 1431475200
3376 551 1452729600
3376 563 1459468800
3376 243 1486944000
3376 1393 1491868800
3376 1256 1514160000
3377 1246 1315526400
3377 1537 1344643200
3377 157 1351296000
3377 1098 1353110400
3377 2985 1395100800
3377 777 1395100800
3377 476 1401926400
3377 476 1401926400
3377 529 1401926400
3377 476 1405468800
3377 476 1405468800
3377 476 1406160000
3377 94 1409270400
3377 129 1420243200
3377 2819 1454112000
3377 3883 1454112000
3377 723 1470096000
3377 2224 1491350400
3377 771 1491350400
3378 290 1432166400
3378 317 1445126400
3378 958 1450137600
3378 906 1453248000
3378 268 1468281600
3378 255 1469318400
3378 371 1470182400
3378 1077 1494633600
3378 1145 1501804800
3378 910 1509062400
3378 1029 1525737600
3378 1090 1525824000
3379 296 1417132800
3379 969 1444435200
3379 1179 1446940800
3379 903 1447459200
3379 1064 1479600000
3379 1077 1494288000
3380 105 1355961600
3380 1691 1406505600
3380 1007 1407542400
3380 1247 1416355200
3380 130 1418169600
3380 1158 1419984000
3380 1078 1455580800
3380 939 1458777600
3380 1439 1460246400
3380 368 1468540800
3380 997 1469923200
3380 991 1475798400
3380 344 1475798400
3380 991 1475798400
3380 344 1475798400
3380 252 1483488000
3380 577 1484611200
3380 1077 1494201600
3380 248 1505347200
3380 900 1512000000
3380 900 1512000000
3381 929 1415404800
3381 929 1415404800
3381 1172 1431302400
3381 1441 1433635200
3381 1360 1444780800
3381 1136 1446076800
3381 1077 1493510400
3382 292 1428537600
3382 1268 1438732800
3382 4168 1445385600
3382 769 1448755200
3382 939 1456617600
3382 1107 1484006400
3382 1077 1493424000
3382 1256 1508803200
3383 384 1406678400
3383 1263 1439164800
3383 1111 1445212800
3383 1292 1445990400
3383 45 1446163200
3383 1314 1447113600
3383 1303 1448409600
3383 367 1457395200
3383 1284 1458000000
3383 148 1458691200
3383 1249 1459814400
3383 485 1460332800
3383 935 1466208000
3383 257 1466985600
3383 371 1469318400
3383 1012 1470700800
3383 1091 1487203200
3383 998 1488326400
3383 262 1489708800
3383 1285 1492992000
3383 1285 1492992000
3383 1077 1493337600
3383 1145 1502409600
3383 910 1507507200
3383 668 1524355200
3383 1259 1525737600
3383 1048 1531180800
3384 1930 1431216000
3384 69 1444694400
3384 896 1458432000
3384 277 1458777600
3384 1164 1487376000
3384 1077 1493164800
3385 2009 1329609600
3385 4170 1335225600
3385 4171 1337558400
3385 1478 1339113600
3385 1478 1339113600
3385 1701 1347840000
3385 1701 1347840000
3385 4169 1356652800
3385 3749 1364601600
3385 256 1393200000
3385 1235 1413676800
3385 1235 1413676800
3385 1238 1414281600
3385 1381 1437004800
3385 1222 1437696000
3385 1014 1462060800
3385 1041 1473897600
3385 1041 1473897600
3385 1188 1474761600
3385 1169 1483747200
3385 1064 1487289600
3385 1077 1493164800
3386 796 1481068800
3386 1009 1481328000
3386 1298 1485648000
3386 1298 1485648000
3386 1077 1492646400
3386 311 1497571200
3386 226 1498003200
3386 335 1498262400
3386 251 1502150400
3387 4012 1464134400
3387 398 1466467200
3387 398 1466467200
3387 1700 1470700800
3387 4172 1470700800
3388 2216 1385078400
3388 2646 1417392000
3388 476 1460678400
3388 324 1484265600
3388 271 1487030400
3388 529 1526169600
3389 1184 1373328000
3389 75 1406419200
3389 1220 1415836800
3389 681 1441584000
3389 681 1441584000
3389 1054 1441584000
3389 769 1449273600
3389 39 1498608000
3389 251 1502236800
3389 1378 1527638400
3390 1184 1420070400
3390 1392 1420070400
3390 1392 1420070400
3390 1085 1420070400
3390 2660 1420070400
3391 1184 1376524800
3391 331 1394755200
3391 2008 1398643200
3391 1458 1404345600
3391 173 1412985600
3391 1131 1430611200
3391 1019 1469836800
3392 1184 1375660800
3392 1265 1375660800
3392 1236 1391904000
3392 296 1414800000
3392 1059 1415404800
3393 1184 1374624000
3393 919 1410825600
3393 1201 1415750400
3393 922 1417737600
3393 1267 1421107200
3393 512 1445990400
3393 824 1448150400
3393 285 1450915200
3393 330 1455926400
3393 1008 1510790400
3394 728 1393545600
3394 2667 1407542400
3394 2319 1494460800
3394 2114 1514419200
3394 2939 1514419200
3395 2667 1237680000
3395 1068 1373500800
3395 274 1420502400
3395 65 1420502400
3395 914 1460678400
3395 1093 1479427200
3396 4173 1363996800
3396 1526 1371600000
3396 4174 1425772800
3396 3242 1446768000
3396 160 1455494400
3396 2014 1467244800
3396 1991 1471219200
3396 4175 1480636800
3397 1416 1278028800
3397 4177 1359849600
3397 4177 1359849600
3397 4176 1368835200
3397 618 1368835200
3398 2916 1425340800
3398 392 1447372800
3398 3364 1482192000
3398 3175 1482192000
3398 4178 1482192000
3399 3364 1392681600
3399 4179 1392681600
3399 606 1392681600
3399 2087 1414195200
3399 157 1431043200
3399 219 1515456000
3399 220 1515456000
3400 3364 1373155200
3400 26 1373155200
3400 1620 1405555200
3400 1621 1405555200
3400 2468 1405555200
3400 3513 1420502400
3401 2491 1404259200
3401 599 1404259200
3401 3300 1404259200
3401 599 1428019200
3401 2915 1428019200
3402 1771 1422316800
3402 1771 1422316800
3402 4180 1422316800
3402 1780 1422316800
3402 1997 1422316800
3403 1771 1403308800
3403 1771 1403308800
3403 1788 1403308800
3403 1765 1426291200
3403 2107 1426291200
3403 1780 1426723200
3404 2869 1461024000
3404 2869 1461024000
3404 3541 1464048000
3404 3352 1469923200
3404 4181 1469923200
3405 3255 1456876800
3405 4182 1474588800
3405 4183 1474588800
3405 666 1483833600
3405 666 1483833600
3406 666 1419811200
3406 442 1419811200
3406 666 1419811200
3406 442 1419811200
3406 445 1419811200
3407 1695 1365033600
3407 1695 1365033600
3407 666 1389571200
3407 666 1389571200
3407 1620 1426464000
3408 1753 1314057600
3408 666 1384300800
3408 666 1384300800
3408 666 1389312000
3408 666 1389312000
3408 1729 1430265600
3408 4184 1430265600
3408 3548 1434758400
3409 1918 1357689600
3409 2872 1443571200
3409 2872 1443571200
3409 2319 1449619200
3409 4185 1462492800
3410 2872 1345420800
3410 2872 1345420800
3410 1833 1484784000
3410 2919 1484784000
3410 3681 1484784000
3411 1150 1423785600
3411 897 1431993600
3411 1230 1431993600
3411 1312 1457568000
3411 1312 1457568000
3411 311 1498089600
3411 1115 1513641600
3412 216 1380931200
3412 1711 1380931200
3412 4186 1380931200
3412 4187 1380931200
3412 3459 1385856000
3412 3459 1385856000
3412 1786 1386115200
3413 3459 1373760000
3413 3459 1373760000
3413 2130 1373760000
3413 1786 1373760000
3413 4188 1373760000
3413 4189 1373760000
3414 3459 1349481600
3414 3459 1349481600
3414 1729 1444003200
3414 2935 1478390400
3414 3432 1479600000
3415 1412 1361059200
3415 3330 1476489600
3415 195 1476489600
3415 3330 1476489600
3415 195 1476489600
3416 3330 1426032000
3416 3330 1426032000
3416 4190 1426032000
3416 4191 1426032000
3416 2101 1426032000
3416 3402 1434412800
3417 1719 1390089600
3417 1719 1390089600
3417 489 1407369600
3417 489 1407369600
3417 3330 1412812800
3417 3330 1412812800
3417 2216 1412985600
3418 50 1378512000
3418 2861 1414713600
3418 225 1435795200
3418 44 1435795200
3418 45 1460851200
3418 3406 1470700800
3418 3406 1470700800
3418 3401 1470700800
3418 52 1483833600
3419 3406 1375142400
3419 3406 1375142400
3419 597 1406851200
3419 597 1412640000
3419 2305 1417737600
3419 3175 1439078400
3420 2094 1420243200
3420 4192 1420243200
3420 2094 1420243200
3420 4192 1420243200
3420 4137 1458691200
3421 3915 1418256000
3421 3915 1418256000
3421 422 1458864000
3421 422 1458864000
3421 3545 1458864000
3422 422 1449014400
3422 422 1449014400
3422 2784 1449014400
3422 3005 1501200000
3422 2244 1501200000
3422 3667 1501200000
3423 4193 1431561600
3423 3275 1439510400
3423 3275 1439510400
3423 4194 1441929600
3423 3509 1447372800
3423 4192 1460332800
3423 267 1494892800
3424 4195 1185926400
3424 4195 1185926400
3424 4195 1196208000
3424 4195 1196208000
3424 4195 1196208000
3424 3571 1500249600
3425 780 1434240000
3425 4196 1439769600
3425 1777 1445644800
3425 1777 1445644800
3425 1506 1466294400
3426 2161 1317600000
3426 2161 1317600000
3426 2160 1370908800
3426 2160 1370908800
3426 3078 1370908800
3427 2818 1304294400
3427 1796 1338940800
3427 1796 1338940800
3427 1796 1338940800
3427 1796 1338940800
3427 1796 1350432000
3427 1796 1350432000
3427 2160 1360800000
3427 2160 1360800000
3427 2161 1361318400
3427 2161 1361318400
3428 2263 1330646400
3428 2160 1356652800
3428 2160 1356652800
3428 2161 1378339200
3428 2161 1378339200
3428 384 1378339200
3429 392 1348704000
3429 2160 1353024000
3429 2161 1353024000
3429 2160 1353024000
3429 2161 1353024000
3430 929 1237766400
3430 929 1237766400
3430 681 1413676800
3430 681 1413676800
3430 3864 1413676800
3430 4197 1418169600
3430 4198 1418169600
3430 2461 1525305600
3430 1600 1525305600
3431 445 1455408000
3431 1387 1456272000
3431 2647 1456272000
3431 975 1456358400
3431 4199 1456358400
3431 929 1456876800
3431 929 1456876800
3432 190 1437523200
3432 1633 1437523200
3432 3215 1439251200
3432 929 1454976000
3432 929 1454976000
3433 929 1416096000
3433 929 1416096000
3433 199 1416096000
3433 1127 1416614400
3433 1441 1434153600
3434 1185 1413849600
3434 1247 1415491200
3434 929 1415923200
3434 929 1415923200
3434 1132 1466121600
3434 1027 1491436800
3435 987 1403740800
3435 929 1415491200
3435 929 1415491200
3435 294 1445731200
3435 267 1475366400
3435 270 1503619200
3436 929 1415491200
3436 929 1415491200
3436 1220 1416268800
3436 1187 1465948800
3436 934 1467763200
3436 904 1474502400
3437 1050 1370649600
3437 949 1370649600
3437 1185 1414540800
3437 929 1415232000
3437 929 1415232000
3437 1200 1424044800
3437 219 1424390400
3438 1067 1370908800
3438 949 1370908800
3438 929 1415145600
3438 929 1415145600
3438 1190 1415232000
3438 981 1430352000
3438 1203 1432771200
3438 527 1443225600
3438 229 1445558400
3438 1019 1468368000
3438 368 1468886400
3438 1290 1487462400
3438 22 1524268800
3438 323 1524268800
3439 929 1414972800
3439 929 1414972800
3439 1276 1415491200
3439 1267 1421280000
3439 202 1437523200
3439 1054 1442793600
3440 929 1414886400
3440 929 1414886400
3440 266 1458000000
3440 935 1465689600
3440 1132 1465948800
3440 934 1466121600
3440 4200 1467676800
3440 974 1473292800
3440 974 1473292800
3440 796 1481414400
3440 943 1498176000
3441 929 1414800000
3441 929 1414800000
3441 291 1431993600
3441 81 1460419200
3441 934 1466812800
3442 929 1414800000
3442 929 1414800000
3442 363 1475107200
3442 1242 1488499200
3442 243 1489968000
3442 80 1490832000
3442 1063 1509148800
3442 977 1513296000
3442 749 1521417600
3442 782 1525564800
3442 1048 1529280000
3443 929 1414800000
3443 929 1414800000
3443 1433 1415664000
3443 197 1420502400
3443 952 1448755200
3443 1277 1455321600
3444 1126 1415059200
3444 1126 1415059200
3444 345 1416355200
3444 229 1445299200
3444 245 1465084800
3444 240 1465257600
3444 276 1474156800
3444 1356 1479081600
3444 899 1486166400
3445 1237 1414627200
3445 1126 1414972800
3445 1126 1414972800
3445 975 1416268800
3445 922 1417651200
3445 72 1452470400
3445 669 1468022400
3445 368 1469145600
3445 1169 1478995200
3445 898 1481846400
3445 912 1498435200
3445 912 1498435200
3445 311 1498521600
3446 333 1395187200
3446 1126 1414886400
3446 1126 1414886400
3446 954 1423267200
3446 195 1429833600
3446 195 1429833600
3446 951 1430092800
3446 247 1431388800
3447 1120 1374710400
3447 2308 1376438400
3447 2308 1376438400
3447 1126 1414886400
3447 1126 1414886400
3448 941 1410652800
3448 1126 1418342400
3448 1126 1418342400
3448 3260 1436832000
3448 1259 1526601600
3449 975 1415404800
3449 1433 1416787200
3449 1220 1417910400
3449 1126 1417996800
3449 1126 1417996800
3449 197 1421020800
3449 1131 1431302400
3449 1187 1463961600
3449 1188 1481068800
3450 1126 1416268800
3450 1126 1416268800
3450 356 1431475200
3450 951 1431475200
3450 201 1437523200
3450 824 1446076800
3450 1098 1449705600
3450 311 1520121600
3450 1232 1529884800
3451 1972 1364601600
3451 1972 1364601600
3451 2308 1375660800
3451 2308 1375660800
3451 1092 1390953600
3451 296 1414886400
3451 1126 1415836800
3451 1126 1415836800
3451 1352 1445299200
3451 1111 1446076800
3451 85 1448409600
3451 366 1458000000
3451 367 1458000000
3451 542 1467763200
3451 297 1468195200
3451 368 1468886400
3451 1162 1473120000
3451 1191 1492732800
3451 909 1501977600
3451 1071 1502150400
3451 326 1502236800
3451 251 1502409600
3451 901 1511481600
3452 528 1392249600
3452 1276 1414972800
3452 1126 1415836800
3452 1126 1415836800
3452 201 1434844800
3452 302 1492819200
3453 1046 1404691200
3453 1126 1415664000
3453 1126 1415664000
3453 1218 1444867200
3453 375 1471392000
3454 1126 1415577600
3454 1126 1415577600
3454 219 1440806400
3454 220 1440806400
3454 1292 1445644800
3454 1432 1447891200
3454 245 1465776000
3454 272 1527552000
3454 323 1527552000
3454 1048 1534377600
3455 1120 1377043200
3455 1085 1388966400
3455 1271 1395619200
3455 1155 1395792000
3455 1126 1415318400
3455 1126 1415318400
3455 1069 1418860800
3455 361 1439769600
3456 1236 1391904000
3456 350 1402963200
3456 196 1403568000
3456 296 1414886400
3456 1126 1415059200
3456 1126 1415059200
3456 1219 1445040000
3456 334 1447459200
3456 896 1457654400
3456 1066 1526428800
3457 681 1442966400
3457 681 1442966400
3457 1024 1484092800
3457 226 1507075200
3457 39 1507161600
3457 668 1527552000
3458 975 1415404800
3458 1433 1416700800
3458 283 1430524800
3458 219 1437955200
3458 220 1437955200
3458 681 1441584000
3458 681 1441584000
3458 365 1459123200
3458 351 1466812800
3458 895 1468108800
3458 1164 1497398400
3458 909 1503878400
3458 90 1504915200
3458 91 1504915200
3459 1086 1392076800
3459 1005 1400976000
3459 1153 1415577600
3459 1081 1415750400
3459 345 1416355200
3459 357 1422403200
3459 1380 1439856000
3459 681 1441497600
3459 681 1441497600
3459 987 1448150400
3459 1312 1457740800
3459 367 1460851200
3459 375 1472601600
3459 337 1478736000
3459 957 1488412800
3459 2183 1499299200
3460 331 1397433600
3460 915 1410825600
3460 960 1423094400
3460 195 1430006400
3460 195 1430006400
3460 290 1431475200
3460 681 1440806400
3460 681 1440806400
3460 261 1445040000
3460 1136 1445644800
3460 1248 1446508800
3460 271 1468627200
3460 916 1479081600
3460 1398 1479772800
3460 943 1497398400
3460 39 1498435200
3461 681 1440115200
3461 681 1440115200
3461 347 1475625600
3461 316 1503360000
3461 667 1517616000
3462 681 1431561600
3462 681 1431561600
3462 2145 1432425600
3462 2145 1432425600
3462 403 1432425600
3462 3934 1432425600
3463 681 1394064000
3463 4201 1394064000
3463 3213 1394064000
3463 681 1394064000
3463 4201 1394064000
3463 3213 1394064000
3463 345 1394064000
3463 4202 1394064000
3463 404 1394064000
3464 681 1388016000
3464 681 1388016000
3464 792 1410220800
3464 468 1410220800
3464 792 1410220800
3464 468 1410220800
3465 1839 1469059200
3465 1839 1469059200
3465 979 1479859200
3465 619 1489881600
3465 1425 1491177600
3465 1062 1491696000
3465 1397 1491696000
3465 1245 1493510400
3465 982 1493510400
3465 1063 1493510400
3465 983 1496361600
3465 316 1505433600
3465 1063 1508803200
3466 711 1329696000
3466 1839 1387152000
3466 1839 1387152000
3466 476 1424649600
3466 529 1471910400
3467 397 1340064000
3467 397 1340064000
3467 421 1340064000
3467 210 1347148800
3467 4203 1354406400
3467 874 1355529600
3467 874 1355529600
3467 586 1363046400
3467 586 1363046400
3467 2223 1443398400
3467 2223 1443398400
3467 876 1444608000
3467 876 1444608000
3467 845 1522454400
3468 3858 1421625600
3468 2406 1424649600
3468 2406 1424649600
3468 3443 1426636800
3468 3443 1426636800
3468 586 1496707200
3468 586 1496707200
3468 856 1496707200
3469 2406 1494374400
3469 2406 1494374400
3469 586 1496275200
3469 586 1496275200
3469 2186 1501286400
3470 586 1442793600
3470 2209 1442793600
3470 2406 1442793600
3470 586 1442793600
3470 2209 1442793600
3470 2406 1442793600
3471 586 1419724800
3471 3202 1419724800
3471 3657 1419724800
3471 586 1419724800
3471 3202 1419724800
3471 3657 1419724800
3471 2096 1419724800
3472 586 1413676800
3472 398 1413676800
3472 586 1413676800
3472 398 1413676800
3472 1892 1413676800
3473 687 1486598400
3473 2209 1486598400
3473 125 1486598400
3473 687 1486598400
3473 2209 1486598400
3473 125 1486598400
3474 687 1484006400
3474 125 1484006400
3474 687 1484006400
3474 125 1484006400
3474 4204 1484006400
3474 2440 1484006400
3475 687 1477440000
3475 1890 1477440000
3475 3850 1477440000
3475 687 1477440000
3475 1890 1477440000
3475 3850 1477440000
3475 1892 1477440000
3476 687 1461801600
3476 687 1461801600
3476 615 1461801600
3476 4205 1474588800
3476 4205 1474588800
3477 687 1433980800
3477 687 1433980800
3477 4120 1454976000
3477 4206 1488585600
3477 3061 1488585600
3477 1426 1490832000
3477 4207 1490832000
3477 341 1494892800
3478 687 1431561600
3478 1477 1431561600
3478 4204 1431561600
3478 1816 1431561600
3478 2185 1431561600
3478 18 1431561600
3478 687 1431561600
3478 1477 1431561600
3478 4204 1431561600
3478 1816 1431561600
3478 2185 1431561600
3478 18 1431561600
3478 1482 1431561600
3478 4208 1432166400
3478 4209 1432166400
3479 687 1417737600
3479 1890 1417737600
3479 687 1417737600
3479 1890 1417737600
3479 4210 1430956800
3479 4213 1437264000
3479 4217 1437696000
3479 4219 1437696000
3479 4211 1469923200
3479 1596 1476057600
3479 4134 1476057600
3479 1823 1477958400
3479 4212 1477958400
3479 4215 1477958400
3479 4216 1477958400
3479 26 1483315200
3479 1854 1483315200
3479 4218 1485561600
3479 4214 1494028800
3480 3367 1464134400
3480 3367 1464134400
3480 4220 1464134400
3480 2421 1464134400
3480 4221 1464134400
3481 3280 1452816000
3481 3280 1452816000
3481 873 1493769600
3481 873 1493769600
3481 2243 1493769600
3481 4222 1493769600
3482 873 1456185600
3482 873 1456185600
3482 4223 1456185600
3482 2242 1457740800
3482 383 1478822400
3482 2243 1498608000
3482 1639 1519516800
3483 17 1388016000
3483 2738 1421884800
3483 2738 1421884800
3483 4224 1433203200
3483 873 1451606400
3483 873 1451606400
3483 944 1463184000
3483 845 1528848000
3483 4225 1528848000
3483 800 1533945600
3484 873 1410825600
3484 873 1410825600
3484 599 1413331200
3484 3369 1415059200
3484 948 1429056000
3485 1626 1378944000
3485 1626 1378944000
3485 873 1402099200
3485 873 1402099200
3485 1615 1493769600
3486 1905 1380585600
3486 1905 1380585600
3486 873 1383955200
3486 1626 1383955200
3486 873 1383955200
3486 1626 1383955200
3486 1616 1383955200
3486 3385 1383955200
3486 383 1469664000
3487 4226 1332979200
3487 1626 1343606400
3487 1626 1343606400
3487 873 1366675200
3487 873 1366675200
3488 1615 1404691200
3488 3366 1404691200
3488 3371 1405641600
3488 3371 1405641600
3488 2242 1405641600
3488 3250 1405641600
3488 3383 1405641600
3488 1820 1409356800
3488 4227 1409356800
3488 744 1416182400
3488 3251 1429056000
3488 4228 1429056000
3488 3630 1445472000
3488 3630 1445472000
3488 2243 1445472000
3488 4229 1487376000
3489 2437 1366502400
3489 2437 1366502400
3489 3630 1369612800
3489 3630 1369612800
3489 3371 1455753600
3489 3371 1455753600
3490 3478 1334102400
3490 3371 1355184000
3490 3371 1355184000
3490 3383 1355184000
3490 3251 1397347200
3491 3371 1488153600
3491 3371 1488153600
3491 3630 1488153600
3491 3387 1505779200
3491 3362 1505779200
3492 3371 1376956800
3492 3371 1376956800
3492 1905 1378771200
3492 1905 1378771200
3492 4230 1378771200
3493 1981 1338336000
3493 2265 1338336000
3493 1981 1338336000
3493 2265 1338336000
3493 1632 1353542400
3494 740 1428364800
3494 740 1428364800
3494 770 1434931200
3494 770 1434931200
3494 3181 1434931200
3494 4231 1434931200
3494 1566 1522972800
3495 1235 1367798400
3495 1235 1367798400
3495 3290 1419984000
3495 3154 1419984000
3495 391 1432339200
3495 1416 1455667200
3496 1235 1421193600
3496 1772 1421193600
3496 1235 1421193600
3496 1772 1421193600
3496 378 1421193600
3497 1235 1417910400
3497 1235 1417910400
3497 305 1417910400
3497 1283 1417910400
3497 1234 1417910400
3498 1235 1414195200
3498 1235 1414195200
3498 921 1415664000
3498 66 1415664000
3498 1033 1457913600
3498 1014 1461024000
3498 1428 1489449600
3499 976 1392508800
3499 332 1400630400
3499 1235 1413676800
3499 1235 1413676800
3499 1276 1415232000
3499 3451 1423612800
3499 317 1445385600
3499 1206 1461628800
3499 1187 1464480000
3499 788 1490659200
3500 1235 1377302400
3500 1235 1377302400
3500 1772 1418860800
3500 1772 1418860800
3500 1274 1485216000
3501 1780 1436313600
3501 1775 1436313600
3501 645 1436313600
3501 2563 1437350400
3501 2563 1437350400
3501 1743 1437350400
3501 1760 1437350400
3502 2563 1437091200
3502 2563 1437091200
3502 1780 1437091200
3502 1775 1437091200
3502 1743 1437091200
3502 1760 1437091200
3502 645 1437091200
3503 2563 1436140800
3503 2563 1436140800
3503 1780 1436140800
3503 1743 1436140800
3503 1760 1436140800
3503 645 1436140800
3504 1780 1433462400
3504 1775 1435622400
3504 2563 1436140800
3504 2563 1436140800
3504 1743 1436140800
3504 645 1436140800
3505 4232 1431388800
3505 4201 1449792000
3505 4201 1449792000
3505 4235 1498867200
3505 4233 1507420800
3505 4234 1507680000
3506 4201 1431043200
3506 3213 1431043200
3506 4201 1431043200
3506 3213 1431043200
3506 2034 1431043200
3507 2950 1366848000
3507 2112 1366848000
3507 2004 1385078400
3507 2004 1385078400
3507 4237 1385078400
3507 133 1428364800
3507 4236 1485561600
3508 54 1416182400
3508 54 1416182400
3508 2004 1422144000
3508 2004 1422144000
3508 838 1467590400
3509 4238 1411862400
3509 2004 1415664000
3509 1564 1415664000
3509 2004 1415664000
3509 1564 1415664000
3509 127 1415664000
3509 3215 1465257600
3510 2004 1412294400
3510 2004 1412294400
3510 2468 1412294400
3510 3067 1418083200
3510 1848 1477267200
3511 2448 1300924800
3511 2363 1372291200
3511 188 1372291200
3511 189 1372982400
3511 54 1376524800
3511 54 1376524800
3511 2697 1463702400
3512 1320 1405036800
3512 3224 1405036800
3512 4239 1436745600
3512 1564 1442620800
3512 1564 1442620800
3513 1564 1438992000
3513 4007 1438992000
3513 1564 1438992000
3513 4007 1438992000
3513 4240 1443139200
3514 1564 1435708800
3514 1564 1435708800
3514 3619 1438560000
3514 2379 1438560000
3514 3745 1438560000
3515 3153 1355788800
3515 1943 1355788800
3515 1947 1355788800
3515 4177 1387324800
3515 4177 1387324800
3516 4241 1413676800
3516 4241 1413676800
3516 398 1493078400
3516 398 1493078400
3516 485 1493078400
3517 442 1426118400
3517 442 1426118400
3517 445 1426118400
3517 42 1475798400
3517 42 1475798400
3518 42 1352678400
3518 42 1352678400
3518 42 1367193600
3518 42 1367193600
3518 42 1417305600
3518 42 1417305600
3519 2570 1375660800
3519 42 1396656000
3519 42 1396656000
3519 386 1422057600
3519 2778 1508457600
3520 42 1389052800
3520 42 1389052800
3520 597 1389052800
3520 476 1403827200
3520 476 1406764800
3520 476 1411689600
3520 4242 1411689600
3520 606 1518739200
3521 2886 1451347200
3521 2120 1451347200
3521 1747 1451347200
3521 2886 1451347200
3521 2120 1451347200
3521 1747 1451347200
3521 4243 1451347200
3522 4244 1480982400
3522 4246 1489017600
3522 792 1489449600
3522 792 1489449600
3522 4245 1489449600
3523 225 1473379200
3523 792 1479254400
3523 792 1479254400
3523 56 1479254400
3523 3599 1508284800
3523 744 1514851200
3524 792 1449705600
3524 398 1449705600
3524 792 1449705600
3524 398 1449705600
3524 294 1449705600
3525 792 1441670400
3525 792 1441670400
3525 2407 1469923200
3525 4247 1489449600
3525 2210 1489795200
3526 3206 1425254400
3526 3046 1425254400
3526 706 1429315200
3526 792 1436313600
3526 792 1436313600
3527 792 1428883200
3527 792 1428883200
3527 1896 1458000000
3527 1896 1458000000
3527 2719 1476230400
3528 76 1417651200
3528 792 1427760000
3528 792 1427760000
3528 824 1447200000
3528 932 1454457600
3528 1448 1455408000
3528 1199 1458604800
3528 265 1462665600
3528 1135 1468540800
3528 1282 1502323200
3528 953 1532044800
3529 4196 1389571200
3529 676 1420675200
3529 792 1424304000
3529 792 1424304000
3529 3363 1438041600
3529 364 1460419200
3530 792 1421452800
3530 792 1421452800
3530 106 1436918400
3530 921 1436918400
3530 355 1436918400
3531 128 1401840000
3531 792 1408320000
3531 792 1408320000
3531 610 1408320000
3531 1463 1408320000
3531 1664 1408320000
3532 792 1280188800
3532 792 1280188800
3532 1128 1380758400
3532 2213 1397865600
3532 792 1400716800
3532 792 1400716800
3532 793 1500681600
3533 1186 1376006400
3533 792 1391212800
3533 792 1391212800
3533 226 1417132800
3533 1186 1468627200
3534 792 1348272000
3534 792 1348272000
3534 443 1348272000
3534 1982 1371340800
3534 1982 1371340800
3535 792 1333756800
3535 792 1333756800
3535 4248 1424217600
3535 1948 1433203200
3535 2914 1489622400
3536 3839 1435363200
3536 3839 1435363200
3536 602 1435363200
3536 2589 1435363200
3536 1685 1435363200
3537 3839 1429660800
3537 3839 1429660800
3537 4249 1429660800
3537 4250 1429660800
3537 3571 1478304000
3538 180 1512604800
3538 125 1512604800
3538 180 1512604800
3538 125 1512604800
3538 1503 1512604800
3538 4251 1512604800
3539 397 1383782400
3539 397 1383782400
3539 4252 1383782400
3539 3653 1383782400
3539 3232 1401580800
3539 28 1426377600
3539 180 1510012800
3539 180 1510012800
3540 442 1461024000
3540 442 1461024000
3540 445 1461024000
3540 711 1484179200
3540 180 1493164800
3540 180 1493164800
3541 1482 1453852800
3541 1521 1458345600
3541 180 1487203200
3541 180 1487203200
3541 538 1531094400
3542 180 1485388800
3542 180 1485388800
3542 3730 1485388800
3542 90 1485388800
3542 3963 1485388800
3542 91 1485388800
3543 1818 1477094400
3543 1819 1477094400
3543 1715 1477094400
3543 180 1484352000
3543 180 1484352000
3544 180 1484006400
3544 180 1484006400
3544 1620 1484006400
3544 467 1484006400
3544 580 1493251200
3545 180 1482624000
3545 180 1482624000
3545 549 1482624000
3545 467 1482624000
3545 474 1482624000
3545 3724 1493769600
3546 180 1428537600
3546 180 1428537600
3546 1851 1432425600
3546 180 1481500800
3546 180 1481500800
3547 3573 1406246400
3547 3573 1406246400
3547 481 1459123200
3547 481 1459123200
3547 392 1459123200
3548 1655 1370649600
3548 1603 1377820800
3548 56 1381449600
3548 180 1464393600
3548 180 1464393600
3548 1024 1464393600
3548 538 1471651200
3549 4253 1399420800
3549 180 1462320000
3549 180 1462320000
3549 2241 1462320000
3549 474 1526083200
3550 442 1419638400
3550 442 1419638400
3550 445 1419638400
3550 2691 1444176000
3550 180 1461369600
3550 180 1461369600
3550 4254 1461369600
3551 3573 1503532800
3551 125 1503532800
3551 3573 1503532800
3551 125 1503532800
3551 549 1503532800
3552 4255 1421884800
3552 180 1460505600
3552 180 1460505600
3552 392 1460505600
3552 8 1460505600
3553 1719 1467590400
3553 1719 1467590400
3553 3573 1490918400
3553 3573 1490918400
3553 689 1490918400
3554 398 1458172800
3554 398 1458172800
3554 4256 1458172800
3554 3573 1473638400
3554 3573 1473638400
3554 1891 1493942400
3554 1891 1493942400
3555 3573 1441238400
3555 3850 1441238400
3555 591 1441238400
3555 3573 1441238400
3555 3850 1441238400
3555 591 1441238400
3556 1477 1421020800
3556 1477 1421020800
3556 3573 1424131200
3556 3573 1424131200
3556 3865 1433980800
3556 3866 1433980800
3557 180 1442966400
3557 180 1442966400
3557 1780 1442966400
3557 180 1452124800
3557 180 1452124800
3557 1621 1452124800
3557 835 1464048000
3557 1635 1466467200
3558 180 1436745600
3558 180 1436745600
3558 1503 1436745600
3558 3382 1436832000
3558 1521 1460246400
3559 2209 1300320000
3559 2209 1300320000
3559 1892 1300320000
3559 1892 1307059200
3559 4257 1493510400
3560 180 1414022400
3560 180 1414022400
3560 2557 1414022400
3560 180 1434067200
3560 180 1434067200
3561 618 1314921600
3561 180 1427587200
3561 180 1427587200
3561 4258 1427587200
3561 1332 1429142400
3562 398 1349740800
3562 398 1349740800
3562 2185 1361404800
3562 2185 1361404800
3562 180 1423180800
3562 180 1423180800
3562 2437 1436918400
3562 2437 1436918400
3563 2209 1497571200
3563 1701 1497571200
3563 2209 1497571200
3563 1701 1497571200
3563 575 1497571200
3563 4045 1497571200
3564 180 1408320000
3564 180 1408320000
3564 1611 1408320000
3564 1503 1408320000
3564 4259 1408320000
3565 180 1408233600
3565 180 1408233600
3565 392 1408320000
3565 489 1427068800
3565 489 1427068800
3566 2209 1492560000
3566 125 1492560000
3566 2209 1492560000
3566 125 1492560000
3566 2640 1518134400
3567 2209 1490745600
3567 2209 1490745600
3567 1709 1502841600
3567 125 1502841600
3567 1709 1502841600
3567 125 1502841600
3568 3195 1381276800
3568 180 1398643200
3568 180 1398643200
3568 1601 1398643200
3568 180 1403395200
3568 180 1403395200
3569 180 1395964800
3569 180 1395964800
3569 183 1395964800
3569 4260 1405468800
3569 4261 1405468800
3570 2209 1461196800
3570 125 1461196800
3570 398 1461196800
3570 2209 1461196800
3570 125 1461196800
3570 398 1461196800
3571 2209 1362700800
3571 398 1362700800
3571 2209 1362700800
3571 398 1362700800
3571 4262 1478822400
3572 180 1363651200
3572 180 1363651200
3572 180 1375142400
3572 180 1375142400
3572 160 1412467200
3573 3123 1234828800
3573 3123 1234828800
3573 1611 1268006400
3573 180 1268352000
3573 180 1268352000
3574 1128 1415923200
3574 4086 1415923200
3574 1128 1434067200
3574 1128 1434067200
3574 4263 1470355200
3574 4263 1470355200
3574 788 1484611200
3575 2263 1458777600
3575 511 1459296000
3575 4265 1488153600
3575 3277 1503532800
3575 481 1507075200
3575 481 1507075200
3575 903 1524268800
3575 4264 1525651200
3576 481 1461628800
3576 481 1461628800
3576 1709 1502668800
3576 1709 1502668800
3576 707 1502668800
3577 25 1399334400
3577 25 1399334400
3577 8 1399334400
3577 1631 1399334400
3577 26 1408579200
3577 1671 1432339200
3577 1671 1432339200
3577 602 1432339200
3577 481 1453939200
3577 481 1453939200
3578 481 1366761600
3578 481 1366761600
3578 941 1366934400
3578 59 1405728000
3578 534 1405728000
3578 391 1416528000
3579 3288 1307404800
3579 3288 1307404800
3579 1913 1319068800
3579 722 1425513600
3579 722 1425513600
3580 2754 1279843200
3580 1358 1415232000
3580 527 1443225600
3580 270 1468800000
3580 905 1469232000
3580 3288 1483747200
3580 3288 1483747200
3580 222 1487980800
3580 1712 1493424000
3580 936 1516665600
3581 1794 1458950400
3581 3288 1476057600
3581 3288 1476057600
3581 1473 1476057600
3581 2031 1476057600
3582 3288 1436832000
3582 3288 1436832000
3582 1473 1436832000
3582 2771 1510704000
3582 845 1515456000
3583 2737 1473724800
3583 378 1473724800
3583 2660 1473724800
3583 2928 1476230400
3583 2928 1476230400
3584 4266 1422662400
3584 4267 1422662400
3584 2928 1427328000
3584 2928 1427328000
3584 4268 1427328000
3585 2703 1402358400
3585 2319 1402358400
3585 1846 1402358400
3585 4271 1402358400
3585 2928 1411344000
3585 2928 1411344000
3585 4270 1411948800
3585 4269 1416441600
3585 3455 1421366400
3586 2928 1393977600
3586 2928 1393977600
3586 4267 1393977600
3586 4266 1393977600
3586 4268 1404864000
3587 1609 1346371200
3587 1609 1346371200
3587 4272 1392595200
3587 4273 1416355200
3587 4274 1416355200
3587 4275 1472428800
3587 2821 1478908800
3587 125 1493510400
3587 125 1493510400
3587 498 1493510400
3587 2985 1493510400
3588 1392 1426118400
3588 1392 1426118400
3588 4278 1426118400
3588 4276 1432771200
3588 4277 1523491200
3589 1392 1392249600
3589 1392 1392249600
3589 1148 1406592000
3589 346 1406764800
3589 1185 1414195200
3589 198 1421539200
3589 292 1430006400
3590 949 1371427200
3590 1392 1391990400
3590 1392 1391990400
3590 1161 1407974400
3590 1185 1413417600
3590 1222 1438128000
3591 1392 1391558400
3591 1392 1391558400
3591 1461 1462924800
3591 276 1473897600
3591 303 1493078400
3591 84 1509494400
3591 782 1524355200
3591 1404 1532476800
3592 1120 1377302400
3592 1392 1391472000
3592 1392 1391472000
3592 260 1445385600
3592 270 1470268800
3593 992 1372118400
3593 1086 1388880000
3593 2218 1389052800
3593 1392 1390953600
3593 1392 1390953600
3593 256 1390953600
3593 1148 1403913600
3594 1392 1390435200
3594 1392 1390435200
3594 1136 1447545600
3594 905 1470873600
3594 27 1474675200
3594 1070 1483401600
3594 950 1495238400
3594 1378 1514764800
3595 1392 1388188800
3595 1392 1388188800
3595 1155 1388188800
3595 1998 1389744000
3595 1092 1465776000
3595 4270 1465776000
3596 526 1394064000
3596 526 1394064000
3596 353 1398211200
3596 1458 1403654400
3596 1433 1416355200
3596 867 1418256000
3597 3884 1320192000
3597 526 1400112000
3597 526 1400112000
3597 4279 1423267200
3597 31 1467158400
3597 120 1530921600
3598 526 1395878400
3598 526 1395878400
3598 1046 1405814400
3598 263 1407542400
3598 284 1424649600
3599 526 1395792000
3599 526 1395792000
3599 331 1395792000
3599 196 1403136000
3599 1170 1454889600
3599 338 1479859200
3599 335 1497830400
3599 1144 1534118400
3600 528 1392768000
3600 526 1395273600
3600 526 1395273600
3600 1154 1443657600
3600 563 1459987200
3601 258 1391126400
3601 526 1394064000
3601 526 1394064000
3601 956 1404518400
3601 668 1523491200
3602 2966 1453334400
3602 2966 1453334400
3602 209 1454371200
3602 1817 1454371200
3602 209 1454371200
3602 1817 1454371200
3603 2966 1429574400
3603 209 1429574400
3603 2966 1429574400
3603 209 1429574400
3603 1941 1429574400
3604 339 1393459200
3604 339 1393459200
3604 1005 1403136000
3604 1114 1414972800
3604 806 1415318400
3604 1157 1418688000
3604 274 1418860800
3604 951 1430784000
3604 291 1431388800
3604 68 1435536000
3604 527 1443139200
3604 1073 1445472000
3604 31 1447027200
3604 498 1450569600
3604 1173 1451952000
3604 485 1460678400
3604 240 1467676800
3604 370 1470096000
3604 796 1481500800
3604 1175 1486512000
3604 824 1487808000
3604 1034 1487808000
3604 1428 1489104000
3604 86 1490054400
3604 1071 1502928000
3604 1204 1529539200
3604 1195 1529539200
3605 339 1393372800
3605 339 1393372800
3605 1276 1415577600
3605 357 1421625600
3605 769 1450224000
3605 1170 1453334400
3605 1083 1461024000
3605 1060 1487808000
3605 311 1499040000
3605 672 1518307200
3605 1144 1534723200
3606 105 1353369600
3606 1120 1376352000
3606 339 1393200000
3606 339 1393200000
3606 988 1398643200
3606 332 1402358400
3606 1046 1406419200
3606 296 1415664000
3606 1220 1416441600
3606 1201 1417478400
3606 261 1445299200
3606 1225 1468454400
3606 39 1506902400
3606 39 1507766400
3607 339 1392854400
3607 339 1392854400
3607 1127 1416182400
3607 365 1461024000
3607 1300 1502064000
3607 50 1502755200
3607 1048 1531612800
3608 339 1392422400
3608 339 1392422400
3608 1148 1403654400
3608 74 1403827200
3608 1433 1415836800
3608 66 1415836800
3608 336 1417392000
3608 1160 1420848000
3608 247 1429315200
3608 289 1430784000
3608 261 1446681600
3608 1225 1467936000
3608 1105 1468368000
3608 370 1469577600
3608 1208 1475193600
3608 1024 1482710400
3608 1204 1489708800
3608 235 1525737600
3608 1144 1531440000
3609 722 1363651200
3609 722 1363651200
3609 4280 1363651200
3609 52 1423526400
3609 1806 1499904000
3610 722 1519948800
3610 722 1519948800
3610 1473 1519948800
3610 3288 1519948800
3610 2007 1519948800
3610 222 1519948800
3611 45 1512086400
3611 2730 1512086400
3611 722 1515628800
3611 722 1515628800
3611 270 1515628800
3612 2625 1452988800
3612 2606 1461628800
3612 2606 1461628800
3612 1806 1482451200
3612 4281 1484870400
3613 4282 1455235200
3613 722 1508889600
3613 722 1508889600
3613 498 1514246400
3613 2843 1514246400
3614 722 1500768000
3614 722 1500768000
3614 3288 1504915200
3614 4283 1504915200
3614 4284 1534636800
3615 722 1497312000
3615 722 1497312000
3615 2007 1497312000
3615 135 1497312000
3615 2183 1497312000
3616 4286 1462406400
3616 4287 1462406400
3616 4285 1462579200
3616 722 1480896000
3616 722 1480896000
3616 2183 1480896000
3616 2085 1495929600
3617 4007 1462838400
3617 4007 1462838400
3617 2004 1462838400
3617 4177 1462838400
3617 127 1462838400
3618 2606 1381708800
3618 2606 1381708800
3618 1894 1381708800
3618 4288 1452643200
3618 163 1463788800
3618 619 1473897600
3618 955 1473897600
3619 1531 1360022400
3619 2260 1360022400
3619 2606 1377388800
3619 2606 1377388800
3619 4289 1377388800
3619 4290 1470268800
3620 1901 1427760000
3620 2059 1431388800
3620 1896 1462838400
3620 1896 1462838400
3620 2861 1462838400
3621 1896 1372723200
3621 1896 1372723200
3621 1686 1389139200
3621 1687 1389139200
3621 397 1389139200
3621 1686 1389139200
3621 1687 1389139200
3621 397 1389139200
3621 1568 1389139200
3621 1569 1389139200
3621 421 1389139200
3621 1820 1488585600
3622 892 1395273600
3622 892 1395273600
3622 1062 1491868800
3622 84 1509321600
3622 964 1513036800
3622 1212 1521158400
3622 1166 1532044800
3623 1068 1378425600
3623 892 1395273600
3623 892 1395273600
3623 670 1465084800
3623 1003 1494720000
3624 892 1394064000
3624 892 1394064000
3624 1247 1414713600
3624 1080 1457654400
3624 1284 1458345600
3624 485 1460764800
3624 1008 1483833600
3624 899 1498780800
3625 129 1309564800
3625 892 1392768000
3625 892 1392768000
3625 790 1432598400
3625 592 1456272000
3625 592 1456272000
3626 892 1392076800
3626 892 1392076800
3626 332 1402704000
3626 310 1423699200
3626 1121 1433635200
3626 1459 1438732800
3627 333 1390867200
3627 892 1391385600
3627 892 1391385600
3627 283 1431907200
3627 175 1522281600
3628 3054 1408060800
3628 1953 1408060800
3628 1678 1413504000
3628 467 1413504000
3628 1085 1437264000
3628 4291 1497571200
3628 3092 1497571200
3628 2145 1510272000
3628 2145 1510272000
3628 4060 1529020800
3629 1247 1424649600
3629 4293 1424649600
3629 4292 1459296000
3629 2145 1469318400
3629 2145 1469318400
3630 1246 1306022400
3630 4294 1333324800
3630 1278 1426982400
3630 2145 1463788800
3630 2145 1463788800
3631 2356 1429574400
3631 2312 1444089600
3631 2312 1444089600
3631 1909 1461542400
3631 1909 1461542400
3632 1909 1456963200
3632 1909 1456963200
3632 3946 1464480000
3632 4295 1464480000
3632 4296 1464480000
3633 1909 1444867200
3633 2312 1444867200
3633 1909 1444867200
3633 2312 1444867200
3633 2355 1444867200
3634 1909 1439856000
3634 3123 1439856000
3634 1909 1439856000
3634 3123 1439856000
3634 1623 1501891200
3635 1909 1410739200
3635 3761 1410739200
3635 3124 1410739200
3635 1909 1410739200
3635 3761 1410739200
3635 3124 1410739200
3636 1909 1379980800
3636 1909 1379980800
3636 2312 1388534400
3636 2312 1388534400
3636 4297 1388534400
3636 1527 1405123200
3636 346 1424822400
3637 2312 1276128000
3637 2312 1276128000
3637 4298 1286064000
3637 4298 1286064000
3637 4253 1417737600
3638 2312 1490313600
3638 2312 1490313600
3638 420 1490313600
3638 3551 1490313600
3638 3592 1490313600
3639 2312 1379289600
3639 2312 1379289600
3639 238 1426809600
3639 3163 1489017600
3639 487 1489017600
3640 3123 1433894400
3640 3123 1433894400
3640 2171 1433894400
3640 2355 1438560000
3640 2314 1438560000
3640 2355 1438560000
3640 2314 1438560000
3641 1695 1490313600
3641 1695 1490313600
3641 1561 1490313600
3641 196 1501027200
3641 4299 1506988800
3641 3610 1509667200
3642 1695 1470355200
3642 1695 1470355200
3642 129 1470355200
3642 9 1478822400
3642 1208 1529712000
3643 2330 1356912000
3643 2330 1356912000
3643 1695 1405641600
3643 1695 1405641600
3643 1695 1420934400
3643 1695 1420934400
3643 2771 1432252800
3643 4300 1456617600
3644 239 1380499200
3644 1695 1419638400
3644 1695 1419638400
3644 529 1432166400
3644 346 1513296000
3645 1695 1372896000
3645 1695 1372896000
3645 1620 1391385600
3645 1695 1392768000
3645 1695 1392768000
3646 1695 1380672000
3646 1695 1380672000
3646 1468 1421798400
3646 484 1446249600
3646 790 1462060800
3647 778 1270252800
3647 1695 1357344000
3647 398 1357344000
3647 1695 1357344000
3647 398 1357344000
3647 3295 1383091200
3647 2339 1390003200
3647 1891 1400025600
3647 1891 1400025600
3647 2077 1412553600
3648 93 1466553600
3648 4301 1468022400
3648 195 1476921600
3648 195 1476921600
3648 4302 1483228800
3649 56 1406678400
3649 2328 1430092800
3649 1061 1443657600
3649 1934 1458518400
3649 195 1475712000
3649 195 1475712000
3649 1331 1502064000
3649 4303 1515369600
3650 4305 1451088000
3650 195 1471651200
3650 195 1471651200
3650 4304 1477180800
3650 3005 1507766400
3651 151 1461974400
3651 195 1462406400
3651 195 1462406400
3651 392 1462406400
3651 1102 1462406400
3652 195 1436745600
3652 195 1436745600
3652 1412 1436745600
3652 4306 1442620800
3652 2700 1442620800
3653 1601 1395532800
3653 183 1395532800
3653 195 1433203200
3653 195 1433203200
3653 467 1447804800
3654 1359 1415836800
3654 1438 1418774400
3654 219 1423526400
3654 195 1430956800
3654 195 1430956800
3654 360 1443571200
3654 1454 1459036800
3654 1309 1460851200
3654 240 1465257600
3654 1221 1470787200
3654 1104 1472601600
3654 1409 1473292800
3654 1038 1477267200
3654 902 1483142400
3654 243 1485302400
3654 1333 1502668800
3654 1040 1502668800
3654 1108 1512950400
3654 33 1533427200
3654 1330 1533600000
3655 1092 1391040000
3655 1155 1397347200
3655 345 1416441600
3655 195 1430611200
3655 195 1430611200
3655 80 1491350400
3655 2728 1500163200
3655 1144 1529712000
3655 1076 1532822400
3656 1010 1416182400
3656 1429 1424217600
3656 195 1430438400
3656 195 1430438400
3656 1434 1442880000
3656 969 1444003200
3656 987 1445644800
3656 1239 1489708800
3656 1056 1507852800
3657 199 1415145600
3657 951 1430265600
3657 195 1430352000
3657 195 1430352000
3657 1172 1431475200
3658 956 1405987200
3658 195 1430352000
3658 195 1430352000
3658 68 1434758400
3658 930 1445212800
3658 261 1445558400
3658 1207 1448582400
3658 257 1468281600
3658 375 1469577600
3658 1250 1483920000
3658 1027 1491868800
3659 195 1430265600
3659 195 1430265600
3659 1053 1441065600
3659 140 1447977600
3659 279 1511481600
3660 1302 1415750400
3660 195 1430179200
3660 195 1430179200
3660 952 1448236800
3660 1109 1485561600
3660 1254 1504915200
3661 333 1392422400
3661 1236 1393372800
3661 975 1416009600
3661 1059 1416009600
3661 195 1429747200
3661 195 1429747200
3661 260 1447027200
3661 285 1448496000
3661 1379 1465689600
3661 1298 1485216000
3661 1298 1485216000
3662 195 1414454400
3662 195 1414454400
3662 2344 1414454400
3662 4307 1437609600
3662 379 1455148800
3663 1143 1474243200
3663 2338 1474243200
3663 1143 1474243200
3663 2338 1474243200
3663 175 1474243200
3664 3182 1392422400
3664 4309 1392422400
3664 4308 1425513600
3664 1143 1472947200
3664 2338 1472947200
3664 1143 1472947200
3664 2338 1472947200
3664 4310 1472947200
3665 1617 1358812800
3665 1617 1358812800
3665 842 1414195200
3665 1143 1460246400
3665 1143 1460246400
3666 2338 1417132800
3666 2338 1417132800
3666 1143 1440460800
3666 1143 1440460800
3666 1194 1462665600
3667 2263 1357084800
3667 1143 1428278400
3667 1143 1428278400
3667 1617 1436918400
3667 1617 1436918400
3668 1796 1358294400
3668 1796 1358294400
3668 301 1368835200
3668 1143 1372464000
3668 1143 1372464000
3669 1218 1445644800
3669 1249 1460678400
3669 1357 1462579200
3669 900 1512259200
3669 900 1512259200
3670 4311 1378598400
3670 530 1414540800
3670 1434 1443312000
3670 318 1444435200
3670 69 1444780800
3670 140 1445817600
3670 1199 1458000000
3670 1187 1463270400
3670 1135 1466380800
3670 271 1468195200
3670 302 1487980800
3670 303 1493251200
3670 226 1497916800
3670 900 1511740800
3670 900 1511740800
3670 1213 1522540800
3670 1259 1525824000
3671 2882 1316304000
3671 2882 1316304000
3671 728 1316304000
3671 1882 1323043200
3671 1938 1324944000
3672 649 1373760000
3672 649 1373760000
3672 3978 1397606400
3672 4312 1417564800
3672 1456 1459036800
3672 384 1470528000
3672 2783 1524873600
3673 442 1510099200
3673 442 1510099200
3673 445 1510099200
3673 649 1517097600
3673 649 1517097600
3674 1803 1469836800
3674 162 1477094400
3674 649 1512518400
3674 649 1512518400
3674 845 1513814400
3675 4313 1438560000
3675 1704 1438560000
3675 1663 1438560000
3675 1547 1468454400
3675 3801 1468454400
3675 649 1503878400
3675 649 1503878400
3676 17 1387497600
3676 786 1387497600
3676 4314 1481414400
3676 649 1491436800
3676 649 1491436800
3677 649 1489708800
3677 649 1489708800
3677 4315 1489708800
3677 4316 1489708800
3677 3176 1489708800
3678 476 1386806400
3678 529 1386806400
3678 4317 1474156800
3678 649 1481760000
3678 649 1481760000
3679 1631 1454112000
3679 649 1457827200
3679 649 1457827200
3679 2755 1457827200
3679 1823 1480723200
3679 185 1480723200
3680 4318 1434844800
3680 649 1449014400
3680 649 1449014400
3680 402 1501113600
3680 457 1527120000
3681 489 1421193600
3681 489 1421193600
3681 649 1431820800
3681 649 1431820800
3681 132 1431820800
3682 649 1431043200
3682 649 1431043200
3682 4319 1482969600
3682 4320 1507334400
3682 1353 1521936000
3683 1253 1424217600
3683 3182 1430092800
3683 420 1467158400
3683 25 1517616000
3683 25 1517616000
3683 2875 1517616000
3684 1662 1476057600
3684 3084 1476057600
3684 4321 1476057600
3684 25 1489708800
3684 25 1489708800
3684 606 1489708800
3684 2741 1522972800
3685 25 1481328000
3685 25 1481328000
3685 575 1481328000
3685 835 1525046400
3685 1685 1525046400
3686 182 1473120000
3686 183 1473120000
3686 2420 1473120000
3686 1503 1473120000
3686 25 1476144000
3686 25 1476144000
3686 474 1476144000
3686 11 1476144000
3687 50 1406678400
3687 25 1461196800
3687 25 1461196800
3687 2541 1461196800
3687 4322 1461196800
3687 4323 1461196800
3688 25 1461196800
3688 25 1461196800
3688 1662 1461196800
3688 1823 1471824000
3688 12 1471824000
3689 2280 1419292800
3689 2288 1419292800
3689 2281 1419292800
3689 25 1461024000
3689 25 1461024000
3690 25 1456531200
3690 25 1456531200
3690 2524 1456531200
3690 8 1456531200
3690 1823 1456531200
3691 25 1448323200
3691 25 1448323200
3691 11 1448323200
3691 90 1495843200
3691 467 1495843200
3691 91 1495843200
3692 25 1447200000
3692 25 1447200000
3692 1128 1447200000
3692 2996 1487462400
3692 4324 1536105600
3693 1128 1432598400
3693 1631 1434067200
3693 25 1443139200
3693 25 1443139200
3693 4325 1509321600
3694 25 1442880000
3694 25 1442880000
3694 11 1442880000
3694 1719 1479772800
3694 1719 1479772800
3695 92 1392681600
3695 4127 1392681600
3695 25 1442793600
3695 25 1442793600
3695 2216 1461801600
3695 11 1461801600
3695 12 1461801600
3696 25 1434844800
3696 25 1434844800
3696 1991 1468800000
3696 11 1468800000
3696 12 1493424000
3697 25 1433980800
3697 1703 1433980800
3697 3961 1433980800
3697 3256 1433980800
3697 398 1433980800
3697 25 1433980800
3697 1703 1433980800
3697 3961 1433980800
3697 3256 1433980800
3697 398 1433980800
3697 420 1433980800
3698 25 1431216000
3698 25 1431216000
3698 11 1431216000
3698 1138 1469318400
3698 33 1469318400
3698 2524 1491091200
3698 1662 1491091200
3699 25 1430697600
3699 25 1430697600
3699 1662 1430697600
3699 3505 1434412800
3699 3255 1437609600
3700 25 1430611200
3700 25 1430611200
3700 1823 1430611200
3700 3175 1432944000
3700 11 1444521600
3701 25 1430265600
3701 25 1430265600
3701 3731 1430265600
3701 11 1466812800
3701 8 1480723200
3701 1823 1480723200
3702 25 1366156800
3702 25 1366156800
3702 1219 1415836800
3702 25 1428364800
3702 25 1428364800
3702 1537 1449187200
3703 25 1425168000
3703 3423 1425168000
3703 25 1425168000
3703 3423 1425168000
3703 3731 1425168000
3703 3220 1510185600
3704 25 1420934400
3704 25 1420934400
3704 8 1420934400
3704 484 1476489600
3704 1798 1480377600
3705 1719 1367107200
3705 1719 1367107200
3705 3245 1367971200
3705 25 1414108800
3705 25 1414108800
3705 3979 1522195200
3706 25 1409702400
3706 25 1409702400
3706 3305 1409702400
3706 147 1409702400
3706 1656 1432166400
3707 1851 1376870400
3707 25 1408752000
3707 25 1408752000
3707 3439 1452297600
3707 4326 1452297600
3708 25 1400371200
3708 25 1400371200
3708 1128 1458000000
3708 8 1458259200
3708 11 1458259200
3709 25 1390003200
3709 25 1390003200
3709 1059 1416614400
3709 931 1426118400
3709 1360 1436227200
3709 1198 1458086400
3709 1147 1459296000
3709 148 1459728000
3709 955 1486771200
3709 86 1489449600
3709 1246 1493769600
3709 226 1497916800
3709 1297 1527465600
3710 1253 1380931200
3710 25 1389225600
3710 25 1389225600
3710 1253 1389225600
3710 2830 1434326400
3711 1128 1310860800
3711 1128 1377561600
3711 8 1386374400
3711 25 1387584000
3711 25 1387584000
3711 1823 1387584000
3711 617 1429747200
3712 2169 1333929600
3712 25 1365206400
3712 25 1365206400
3712 1655 1365206400
3712 1850 1417737600
3713 25 1327104000
3713 25 1327104000
3713 1816 1434585600
3713 1816 1434585600
3713 4327 1434585600
3714 2552 1489017600
3714 1709 1496880000
3714 1709 1496880000
3714 4328 1527033600
3714 3670 1527033600
3715 28 1416873600
3715 1709 1463443200
3715 1709 1463443200
3715 4329 1463443200
3715 2632 1463443200
3716 3721 1432944000
3716 1709 1462233600
3716 1709 1462233600
3716 132 1462233600
3716 4330 1462233600
3717 3443 1422144000
3717 3443 1422144000
3717 2014 1422144000
3717 617 1422144000
3717 1709 1454716800
3717 1709 1454716800
3717 2406 1454716800
3717 1709 1454716800
3717 1709 1454716800
3717 2406 1454716800
3718 1709 1375660800
3718 1709 1375660800
3718 2461 1375660800
3718 802 1420329600
3718 2407 1426032000
3719 874 1405987200
3719 874 1405987200
3719 840 1405987200
3719 840 1405987200
3719 56 1405987200
3719 546 1405987200
3719 1971 1405987200
3720 874 1480550400
3720 874 1480550400
3720 2472 1480550400
3720 4331 1480550400
3720 840 1480636800
3720 546 1480636800
3720 791 1480636800
3721 56 1379289600
3721 1971 1391731200
3721 1054 1441411200
3721 1376 1448841600
3721 367 1458000000
3721 874 1468886400
3721 874 1468886400
3721 950 1493251200
3721 913 1498521600
3721 311 1510185600
3722 59 1423180800
3722 1989 1423180800
3722 874 1463443200
3722 874 1463443200
3722 795 1463443200
3722 779 1476230400
3723 56 1429920000
3723 2155 1429920000
3723 874 1440460800
3723 874 1440460800
3723 1549 1461196800
3723 1014 1492732800
3724 2360 1407801600
3724 56 1421020800
3724 2472 1421020800
3724 874 1436659200
3724 874 1436659200
3725 874 1420588800
3725 874 1420588800
3725 1595 1420588800
3725 1971 1420588800
3725 2472 1427760000
3725 791 1428451200
3726 4332 1294272000
3726 4332 1294272000
3726 2205 1345248000
3726 1881 1345248000
3726 2376 1355184000
3726 50 1359590400
3726 2434 1371686400
3727 4333 1382140800
3727 4333 1382140800
3727 4334 1382140800
3727 3411 1382140800
3727 240 1428192000
3728 2656 1462147200
3728 2656 1462147200
3728 290 1462320000
3728 356 1462665600
3728 1536 1463356800
3728 1536 1463443200
3729 2260 1449360000
3729 2656 1457740800
3729 2656 1457740800
3729 3867 1457740800
3729 4336 1457740800
3729 4335 1499385600
3730 2656 1448928000
3730 1617 1448928000
3730 2656 1448928000
3730 1617 1448928000
3730 175 1448928000
3731 2656 1445904000
3731 2656 1445904000
3731 175 1445904000
3731 1536 1445904000
3731 1194 1445904000
3731 289 1445904000
3731 290 1445904000
3732 2656 1440892800
3732 2338 1440892800
3732 2656 1440892800
3732 2338 1440892800
3732 291 1440892800
3733 2656 1422230400
3733 1617 1422230400
3733 2656 1422230400
3733 1617 1422230400
3733 1536 1422230400
3734 1617 1418428800
3734 2338 1418428800
3734 1617 1418428800
3734 2338 1418428800
3734 175 1418428800
3734 1138 1418428800
3734 2656 1418774400
3734 2656 1418774400
3735 2656 1399420800
3735 1617 1399420800
3735 2656 1399420800
3735 1617 1399420800
3735 2338 1419811200
3735 2338 1419811200
3736 1617 1199750400
3736 1617 1199750400
3736 1536 1199750400
3736 2656 1397347200
3736 2656 1397347200
3737 2656 1384819200
3737 1617 1384819200
3737 2656 1384819200
3737 1617 1384819200
3737 175 1384819200
3737 4337 1389657600
3738 2338 1360281600
3738 2338 1360281600
3738 2656 1384300800
3738 2656 1384300800
3738 175 1411862400
3738 4338 1446940800
3738 1695 1522627200
3739 2656 1363564800
3739 2656 1363564800
3739 2338 1363564800
3739 2656 1363564800
3739 2656 1363564800
3739 2338 1363564800
3739 175 1363564800
3740 2656 1361145600
3740 2338 1361145600
3740 2656 1361145600
3740 2338 1361145600
3740 175 1361145600
3740 4339 1386288000
3740 4340 1405123200
3741 1617 1189296000
3741 1617 1189296000
3741 1536 1189296000
3741 4164 1442016000
3741 4282 1442016000
3742 1617 1447632000
3742 1617 1447632000
3742 1536 1447632000
3742 191 1464739200
3742 4341 1470614400
3742 3184 1473638400
3742 1656 1474416000
3742 2342 1474416000
3742 505 1518048000
3743 1617 1408579200
3743 2338 1408579200
3743 1617 1408579200
3743 2338 1408579200
3743 2181 1498608000
3744 2870 1429228800
3744 2870 1429228800
3744 233 1429228800
3744 4343 1429228800
3744 4342 1433289600
3745 4140 1406332800
3745 2870 1421712000
3745 2870 1421712000
3745 2457 1421712000
3745 927 1421712000
3746 3280 1464134400
3746 3280 1464134400
3746 4220 1480896000
3746 2566 1509753600
3746 796 1509753600
3747 3262 1387411200
3747 3262 1387411200
3747 4344 1387411200
3747 4345 1446163200
3747 1236 1521331200
3748 599 1390435200
3748 608 1390435200
3748 2313 1393286400
3748 2313 1393286400
3748 2874 1393286400
3748 392 1522022400
3748 4346 1522022400
3749 1626 1320883200
3749 1626 1320883200
3749 587 1415404800
3749 587 1415404800
3749 4210 1485216000
3750 516 1439424000
3750 2891 1444003200
3750 2891 1444003200
3750 2819 1444348800
3750 2883 1477180800
3751 2891 1437177600
3751 740 1437177600
3751 3915 1437177600
3751 2891 1437177600
3751 740 1437177600
3751 3915 1437177600
3752 2891 1382745600
3752 2891 1382745600
3752 1463 1470096000
3752 143 1470096000
3752 403 1470096000
3753 740 1421280000
3753 740 1421280000
3753 2648 1439164800
3753 3129 1439164800
3753 4347 1439164800
3754 4348 1411257600
3754 442 1411257600
3754 4348 1411257600
3754 442 1411257600
3754 445 1411257600
3755 1092 1394323200
3755 973 1402185600
3755 346 1407196800
3755 75 1408320000
3755 1010 1417305600
3755 1359 1417564800
3755 295 1444867200
3755 969 1445558400
3755 1240 1447459200
3755 170 1457049600
3755 240 1466812800
3755 351 1467676800
3755 669 1468108800
3755 269 1480809600
3755 912 1498262400
3755 912 1498262400
3755 39 1498262400
3755 311 1498348800
3755 672 1503705600
3756 917 1485993600
3756 311 1497225600
3756 912 1500249600
3756 912 1500249600
3756 39 1500249600
3756 753 1503014400
3756 84 1516060800
3756 977 1516233600
3756 1096 1529280000
3757 254 1417305600
3757 1376 1450742400
3757 1311 1457654400
3757 268 1468540800
3757 1356 1478822400
3757 912 1499385600
3757 912 1499385600
3757 984 1519603200
3758 934 1467676800
3758 912 1499126400
3758 912 1499126400
3758 226 1499558400
3758 39 1499558400
3759 291 1430784000
3759 1053 1440460800
3759 1028 1448841600
3759 1303 1448928000
3759 347 1475107200
3759 264 1497830400
3759 226 1498262400
3759 912 1498521600
3759 912 1498521600
3759 1331 1502323200
3760 2133 1436745600
3760 676 1437091200
3760 3796 1468108800
3760 3796 1468108800
3760 4349 1468800000
3760 3890 1468800000
3760 3892 1468972800
3761 728 1235952000
3761 644 1466553600
3761 644 1466553600
3761 498 1526601600
3761 1029 1530230400
3761 896 1532390400
3762 644 1461715200
3762 644 1461715200
3762 3032 1461715200
3762 3974 1466553600
3762 3974 1466553600
3763 3021 1369353600
3763 644 1433808000
3763 3587 1433808000
3763 644 1433808000
3763 3587 1433808000
3763 2157 1433808000
3763 4013 1433808000
3764 39 1395705600
3764 4350 1424044800
3764 1890 1427760000
3764 1890 1427760000
3764 3840 1427760000
3764 2157 1427760000
3764 861 1427760000
3764 644 1431475200
3764 644 1431475200
3765 3032 1417392000
3765 644 1421280000
3765 3443 1421280000
3765 1889 1421280000
3765 644 1421280000
3765 3443 1421280000
3765 1889 1421280000
3766 760 1368316800
3766 2763 1384041600
3766 1888 1453852800
3766 1891 1453852800
3766 1888 1453852800
3766 1891 1453852800
3766 4351 1453852800
3767 673 1420934400
3767 673 1420934400
3767 1530 1420934400
3767 452 1420934400
3767 1947 1420934400
3767 1641 1458864000
3767 3171 1458864000
3768 2338 1437177600
3768 2338 1437177600
3768 1536 1437177600
3768 3566 1437177600
3768 1537 1437177600
3768 2269 1437177600
3768 2874 1437177600
3768 2877 1437177600
3768 3544 1437955200
3769 2338 1373673600
3769 2338 1373673600
3769 2338 1387065600
3769 2338 1387065600
3769 1536 1432166400
3770 570 1299715200
3770 2338 1357084800
3770 2338 1357084800
3770 3021 1357084800
3770 175 1382140800
3770 442 1407283200
3770 442 1407283200
3770 445 1407283200
3770 506 1466899200
3771 4352 1386806400
3771 1098 1387152000
3771 1111 1387238400
3771 3779 1387411200
3771 3779 1387411200
3771 705 1387411200
3771 520 1508716800
3771 520 1508716800
3772 1298 1515196800
3772 1298 1515196800
3772 1045 1515196800
3772 1204 1515196800
3772 1113 1515196800
3773 270 1468195200
3773 1104 1473292800
3773 325 1476057600
3773 78 1482537600
3773 270 1487289600
3773 1298 1501286400
3773 1298 1501286400
3773 39 1503705600
3773 1091 1506729600
3773 1175 1506729600
3773 1204 1507680000
3773 950 1515196800
3773 1300 1516233600
3773 1232 1527811200
3774 1129 1398902400
3774 263 1406592000
3774 1118 1417737600
3774 247 1430092800
3774 361 1437868800
3774 1054 1441411200
3774 1179 1445299200
3774 1287 1457222400
3774 266 1457827200
3774 542 1467763200
3774 997 1468713600
3774 1041 1472947200
3774 1041 1472947200
3774 1009 1482019200
3774 1298 1487808000
3774 1298 1487808000
3774 1197 1499299200
3775 1148 1403568000
3775 199 1415836800
3775 1353 1445299200
3775 895 1467244800
3775 1105 1468281600
3775 1298 1486425600
3775 1298 1486425600
3775 39 1498780800
3775 964 1506211200
3775 249 1525824000
3776 200 1424304000
3776 898 1481760000
3776 1298 1485561600
3776 1298 1485561600
3776 909 1502841600
3777 1005 1398729600
3777 973 1400112000
3777 1111 1446249600
3777 1083 1460764800
3777 1187 1463356800
3777 268 1467849600
3777 1020 1468195200
3777 370 1469836800
3777 1202 1474588800
3777 1091 1487462400
3777 243 1488931200
3777 1397 1490227200
3777 1027 1491696000
3777 1133 1495238400
3777 1133 1495238400
3778 1457 1413244800
3778 1150 1424390400
3778 1255 1437091200
3778 1388 1447113600
3778 1074 1448236800
3778 1398 1479168000
3778 1133 1494979200
3778 1133 1494979200
3779 1946 1404259200
3779 1946 1404259200
3779 1941 1404259200
3779 2631 1405296000
3779 2631 1405296000
3780 1941 1375315200
3780 1941 1375315200
3780 1253 1439078400
3780 1060 1439078400
3780 4353 1447977600
3781 1645 1420761600
3781 1820 1420761600
3781 2072 1433376000
3781 2072 1433376000
3781 4354 1433376000
3781 576 1502496000
3781 2342 1502496000
3782 4356 1310774400
3782 4355 1387756800
3782 4355 1387756800
3782 3658 1387756800
3782 4355 1389312000
3782 4355 1389312000
3782 2428 1481673600
3783 347 1475193600
3783 896 1477526400
3783 1425 1490313600
3783 1062 1490745600
3783 933 1491436800
3783 1397 1492732800
3783 982 1497312000
3783 913 1497312000
3783 983 1498089600
3783 1063 1502755200
3783 1257 1503532800
3783 1257 1503532800
3783 1124 1516752000
3784 243 1485907200
3784 1397 1490400000
3784 1285 1494633600
3784 1257 1503532800
3784 1257 1503532800
3784 1313 1512691200
3784 963 1516320000
3784 1177 1516579200
3785 1711 1415318400
3785 897 1431216000
3785 1230 1431216000
3785 1426 1486944000
3785 1027 1493510400
3785 1257 1503100800
3785 1257 1503100800
3785 1092 1509408000
3785 984 1519603200
3786 182 1363392000
3786 1007 1414454400
3786 50 1461196800
3786 492 1477526400
3786 492 1477526400
3787 1488 1497398400
3787 1488 1497398400
3787 2183 1497398400
3787 3244 1497398400
3787 2234 1511740800
3787 748 1511740800
3787 113 1511740800
3788 442 1408233600
3788 442 1408233600
3788 445 1408233600
3788 4357 1427673600
3788 1488 1473465600
3788 1488 1473465600
3789 476 1381881600
3789 476 1381881600
3789 529 1381881600
3789 1633 1384473600
3789 529 1401926400
3789 1488 1463184000
3789 1488 1463184000
3789 2236 1485216000
3790 1488 1422662400
3790 1488 1422662400
3790 606 1452038400
3790 1441 1488758400
3790 28 1488758400
3791 2460 1359936000
3791 1488 1362441600
3791 1488 1362441600
3791 4358 1509408000
3791 4359 1509408000
3792 1488 1358467200
3792 442 1358467200
3792 1488 1358467200
3792 442 1358467200
3792 445 1358467200
3793 4360 1452816000
3793 4360 1452816000
3793 2066 1470787200
3793 3440 1473638400
3793 781 1475971200
3794 4361 1410739200
3794 4361 1410739200
3794 812 1430870400
3794 1478 1489968000
3794 1478 1489968000
3795 2308 1375488000
3795 2308 1375488000
3795 1172 1430784000
3795 1379 1464825600
3795 933 1491177600
3795 1167 1498867200
3795 668 1528588800
3796 2308 1390435200
3796 2308 1390435200
3796 1120 1390435200
3796 1271 1395273600
3796 1307 1395273600
3796 1155 1395273600
3797 2308 1377388800
3797 2308 1377388800
3797 1120 1377388800
3797 331 1396656000
3797 542 1467417600
3797 826 1468195200
3797 243 1487548800
3797 983 1496534400
3797 753 1503360000
3797 1087 1509753600
3798 2308 1376352000
3798 2308 1376352000
3798 972 1420934400
3798 969 1446940800
3798 916 1478995200
3798 1169 1481500800
3799 1068 1375315200
3799 2308 1375920000
3799 2308 1375920000
3799 1085 1391126400
3799 1155 1394064000
3799 961 1404864000
3799 14 1457827200
3799 1310 1468627200
3799 1023 1473292800
3799 668 1526515200
3800 575 1383523200
3800 471 1383523200
3800 1972 1390089600
3800 1972 1390089600
3800 676 1398038400
3801 3761 1395014400
3801 3124 1395014400
3801 3761 1395014400
3801 3124 1395014400
3801 4111 1419465600
3802 2418 1488067200
3802 4363 1488067200
3802 827 1494892800
3802 827 1494892800
3802 4362 1494892800
3803 442 1340668800
3803 442 1340668800
3803 445 1340668800
3803 827 1389830400
3803 827 1389830400
3804 598 1484179200
3804 605 1484179200
3804 620 1484179200
3804 3941 1485820800
3804 3941 1485820800
3804 440 1527206400
3805 397 1409702400
3805 397 1409702400
3805 676 1409702400
3805 94 1409702400
3805 4265 1409702400
3805 3941 1461456000
3805 3941 1461456000
3806 4364 1391385600
3806 1901 1444780800
3806 3192 1468108800
3806 579 1476316800
3806 1037 1506124800
3806 1369 1512432000
3806 1369 1512432000
3806 998 1512432000
3807 1037 1424304000
3807 1682 1424304000
3807 508 1424304000
3807 139 1433808000
3807 1037 1438128000
3807 2208 1453939200
3807 2212 1453939200
3807 1369 1454284800
3807 1369 1454284800
3807 1456 1528243200
3808 1369 1434412800
3808 1369 1434412800
3808 930 1434412800
3808 1537 1434499200
3808 1682 1435795200
3808 125 1526256000
3808 125 1526256000
3809 1369 1431561600
3809 1369 1431561600
3809 59 1520121600
3809 219 1520121600
3809 967 1520121600
3810 1369 1422662400
3810 1369 1422662400
3810 3245 1422662400
3810 1037 1422662400
3810 1682 1422662400
3810 4365 1422662400
3811 92 1489622400
3811 3130 1489622400
3811 2195 1489622400
3811 1051 1489622400
3811 468 1503273600
3811 468 1503273600
3811 2983 1503273600
3811 2337 1503273600
3811 3328 1503273600
3812 3960 1414108800
3812 3452 1414108800
3812 468 1442620800
3812 468 1442620800
3812 1970 1442707200
3813 2055 1412035200
3813 652 1412035200
3813 188 1438214400
3813 468 1438819200
3813 468 1438819200
3814 17 1376611200
3814 1530 1403395200
3814 4366 1425600000
3814 1605 1430352000
3814 468 1430697600
3814 468 1430697600
3815 1456 1490313600
3815 1456 1490313600
3815 1719 1506384000
3815 1719 1506384000
3815 3062 1506384000
3815 31 1520121600
3816 484 1449187200
3816 4367 1451001600
3816 1719 1467763200
3816 1719 1467763200
3816 3716 1509840000
3817 442 1464393600
3817 442 1464393600
3817 445 1464393600
3817 1719 1464566400
3817 1719 1464566400
3818 1719 1423440000
3818 1719 1423440000
3818 1654 1423440000
3818 3218 1423440000
3818 332 1423440000
3819 1719 1384819200
3819 1719 1384819200
3819 3006 1384819200
3819 3124 1384992000
3819 3124 1384992000
3820 553 1422230400
3820 522 1422230400
3820 4368 1439510400
3820 2468 1440460800
3820 3513 1440460800
3820 4370 1447718400
3820 1466 1486512000
3820 1466 1486512000
3820 4369 1515369600
3821 1343 1438041600
3821 1466 1485129600
3821 1466 1485129600
3821 1711 1485216000
3821 549 1486771200
3822 1537 1433894400
3822 1466 1439596800
3822 1466 1439596800
3822 3634 1444176000
3822 3525 1471564800
3822 4371 1505174400
3823 3537 1444608000
3823 4372 1454112000
3823 4372 1454112000
3823 789 1454112000
3823 723 1514419200
3824 493 1417305600
3824 37 1478217600
3824 37 1478217600
3824 4374 1478217600
3824 2623 1479686400
3824 549 1480809600
3824 4373 1480809600
3825 1606 1408579200
3825 4376 1455580800
3825 1605 1485302400
3825 478 1490918400
3825 478 1490918400
3825 4375 1500508800
3826 478 1385596800
3826 478 1385596800
3826 478 1435276800
3826 478 1435276800
3826 478 1462060800
3826 478 1462060800
3827 478 1458000000
3827 478 1458000000
3827 398 1461369600
3827 398 1461369600
3827 478 1461888000
3827 478 1461888000
3827 2552 1524268800
3828 3762 1389139200
3828 478 1435881600
3828 478 1435881600
3828 2999 1452816000
3828 4377 1494633600
3829 398 1410652800
3829 398 1410652800
3829 478 1427155200
3829 478 1427155200
3829 1851 1444435200
3830 1794 1370649600
3830 4379 1376784000
3830 478 1408752000
3830 478 1408752000
3830 4301 1482969600
3830 4378 1520553600
3830 4380 1530230400
3831 557 1376524800
3831 478 1379289600
3831 478 1379289600
3831 17 1379289600
3831 478 1391817600
3831 478 1391817600
3832 1686 1292889600
3832 1687 1292889600
3832 1686 1292889600
3832 1687 1292889600
3832 1933 1320883200
3833 1686 1236211200
3833 2762 1236211200
3833 1687 1236211200
3833 1686 1236211200
3833 2762 1236211200
3833 1687 1236211200
3834 1686 1433030400
3834 1687 1433030400
3834 397 1433030400
3834 1686 1433030400
3834 1687 1433030400
3834 397 1433030400
3834 4381 1433030400
3835 1686 1409961600
3835 1686 1409961600
3835 397 1412812800
3835 397 1412812800
3835 421 1412812800
3836 1686 1344729600
3836 1687 1344729600
3836 1686 1344729600
3836 1687 1344729600
3836 2458 1437523200
3836 2458 1437523200
3836 2734 1437523200
3836 53 1437523200
3836 487 1461024000
3836 487 1475280000
3836 455 1524614400
3837 4382 1339027200
3837 1686 1339459200
3837 1686 1339459200
3837 2897 1345680000
3837 44 1364256000
3837 4383 1368057600
3837 4384 1368144000
3837 1754 1382313600
3837 3363 1403222400
3838 777 1372636800
3838 2762 1377129600
3838 2762 1377129600
3838 397 1386201600
3838 397 1386201600
3838 397 1386201600
3838 397 1386201600
3838 397 1386201600
3838 397 1386201600
3838 2196 1386201600
3839 397 1372204800
3839 397 1372204800
3839 2762 1372636800
3839 2762 1372636800
3839 4385 1372636800
3839 484 1458691200
3840 397 1401840000
3840 397 1401840000
3840 397 1401840000
3840 397 1401840000
3840 397 1412985600
3840 397 1412985600
3840 1687 1446249600
3840 1687 1446249600
3840 565 1446249600
3841 1687 1424217600
3841 397 1424217600
3841 1687 1424217600
3841 397 1424217600
3841 421 1424217600
3842 1933 1404432000
3842 565 1410307200
3842 1687 1423353600
3842 1687 1423353600
3842 467 1452816000
3842 1521 1471651200
3842 384 1471651200
3842 4386 1485734400
3842 50 1494547200
3842 1185 1527033600
3843 397 1363132800
3843 397 1363132800
3843 421 1363132800
3843 1687 1413676800
3843 1687 1413676800
3843 1933 1413676800
3844 1687 1367884800
3844 397 1367884800
3844 1687 1367884800
3844 397 1367884800
3844 421 1367884800
3844 4387 1479081600
3845 1687 1364601600
3845 397 1364601600
3845 1687 1364601600
3845 397 1364601600
3845 397 1364774400
3845 397 1364774400
3846 397 1229040000
3846 397 1229040000
3846 421 1229040000
3846 397 1232409600
3846 397 1232409600
3846 4388 1232409600
3846 397 1235606400
3846 397 1235606400
3846 565 1236643200
3847 397 1490745600
3847 397 1490745600
3847 2196 1490745600
3847 4291 1490745600
3847 421 1490745600
3848 2843 1482192000
3848 397 1482883200
3848 397 1482883200
3848 421 1482883200
3848 1051 1484784000
3848 35 1525564800
3849 397 1478995200
3849 397 1478995200
3849 2887 1478995200
3849 421 1478995200
3849 4389 1487894400
3850 2406 1369958400
3850 2406 1369958400
3850 397 1474588800
3850 397 1474588800
3850 421 1474588800
3851 4390 1463356800
3851 397 1470096000
3851 397 1470096000
3851 1482 1470096000
3851 4391 1470096000
3851 421 1470096000
3851 660 1472860800
3852 3918 1421712000
3852 397 1457049600
3852 397 1457049600
3852 421 1457049600
3852 1702 1501891200
3853 397 1456963200
3853 397 1456963200
3853 2057 1456963200
3853 4392 1456963200
3853 4393 1456963200
3854 397 1447632000
3854 397 1447632000
3854 397 1447632000
3854 397 1447632000
3854 421 1447632000
3855 397 1430265600
3855 397 1430265600
3855 397 1446076800
3855 397 1446076800
3855 4394 1484611200
3856 397 1441411200
3856 397 1441411200
3856 210 1441411200
3856 2196 1441411200
3856 421 1441411200
3856 689 1478390400
3857 397 1434931200
3857 397 1434931200
3857 397 1434931200
3857 397 1434931200
3857 2196 1434931200
3857 4395 1440979200
3858 4142 1431907200
3858 397 1433376000
3858 397 1433376000
3858 397 1433376000
3858 397 1433376000
3858 397 1433376000
3858 397 1433376000
3858 421 1433376000
3858 2648 1447113600
3859 159 1418774400
3859 397 1432944000
3859 397 1432944000
3859 421 1432944000
3859 540 1487808000
3860 397 1432857600
3860 397 1432857600
3860 421 1432857600
3860 3187 1432857600
3860 2402 1435708800
3861 465 1425340800
3861 397 1428969600
3861 397 1428969600
3861 421 1428969600
3861 3511 1430265600
3861 4196 1445817600
3862 397 1424822400
3862 397 1424822400
3862 397 1424822400
3862 397 1424822400
3862 421 1424822400
3862 421 1424822400
3863 397 1413676800
3863 397 1413676800
3863 397 1413676800
3863 397 1413676800
3863 565 1413676800
3863 421 1413676800
3863 2276 1464048000
3863 4041 1464048000
3863 4006 1467331200
3864 397 1408752000
3864 397 1408752000
3864 565 1408752000
3864 3253 1408752000
3864 2472 1408752000
3864 421 1408752000
3864 397 1412380800
3864 397 1412380800
3864 421 1412380800
3865 476 1407801600
3865 529 1407801600
3865 397 1412121600
3865 397 1412121600
3865 421 1412121600
3865 476 1419984000
3866 397 1334448000
3866 397 1334448000
3866 397 1412035200
3866 397 1412035200
3866 421 1412035200
3867 397 1411084800
3867 397 1411084800
3867 791 1411084800
3867 4396 1411084800
3867 1970 1411084800
3867 421 1411084800
3868 397 1410912000
3868 397 1410912000
3868 397 1410912000
3868 397 1410912000
3868 421 1410912000
3869 397 1404518400
3869 397 1404518400
3869 397 1409961600
3869 397 1409961600
3869 484 1448582400
3869 4397 1448582400
3870 397 1408665600
3870 397 1408665600
3870 1933 1408665600
3870 641 1408665600
3870 1702 1443139200
3871 2861 1396310400
3871 641 1396310400
3871 2018 1397174400
3871 4398 1397174400
3871 397 1404172800
3871 397 1404172800
3871 4385 1409529600
3872 565 1398124800
3872 397 1399420800
3872 397 1399420800
3872 421 1399420800
3872 4399 1399420800
3873 397 1397001600
3873 397 1397001600
3873 421 1397001600
3873 4385 1397001600
3873 4400 1482278400
3874 397 1396396800
3874 397 1396396800
3874 421 1396396800
3874 4401 1424476800
3874 459 1426550400
3874 650 1426550400
3874 133 1426550400
3874 161 1426550400
3874 684 1426550400
3875 692 1389916800
3875 397 1395360000
3875 397 1395360000
3875 421 1395360000
3875 936 1514592000
3875 1186 1519689600
3876 397 1393113600
3876 397 1393113600
3876 397 1393113600
3876 397 1393113600
3876 421 1393113600
3877 397 1388102400
3877 397 1388102400
3877 1026 1388102400
3877 132 1408406400
3877 4402 1497830400
3878 397 1386633600
3878 397 1386633600
3878 397 1386633600
3878 397 1386633600
3878 421 1386633600
3879 4059 1370304000
3879 397 1386201600
3879 397 1386201600
3879 421 1386201600
3879 565 1387929600
3879 3865 1388966400
3879 3866 1388966400
3879 106 1489881600
3880 2763 1380758400
3880 565 1380844800
3880 397 1381104000
3880 397 1381104000
3880 397 1381104000
3880 397 1381104000
3880 565 1381104000
3880 397 1381622400
3880 397 1381622400
3880 397 1381622400
3880 397 1381622400
3880 397 1382054400
3880 397 1382054400
3880 397 1382486400
3880 397 1382486400
3881 397 1381276800
3881 397 1381276800
3881 397 1381276800
3881 397 1381276800
3881 421 1381276800
3882 397 1370044800
3882 397 1370044800
3882 421 1370044800
3882 514 1381795200
3882 3494 1513555200
3883 565 1367539200
3883 397 1369612800
3883 397 1369612800
3883 397 1369612800
3883 397 1369612800
3883 421 1369612800
3884 4404 1352332800
3884 397 1368403200
3884 397 1368403200
3884 421 1368403200
3884 210 1375833600
3884 606 1420416000
3884 1328 1483056000
3884 4405 1483056000
3884 115 1483228800
3884 4403 1500163200
3885 397 1356912000
3885 397 1356912000
3885 397 1356912000
3885 397 1356912000
3885 421 1356912000
3885 421 1356912000
3886 397 1351987200
3886 397 1351987200
3886 4406 1351987200
3886 421 1351987200
3886 2482 1470787200
3887 397 1346976000
3887 397 1346976000
3887 421 1346976000
3887 397 1348531200
3887 397 1348531200
3887 421 1348531200
3887 4407 1481932800
3888 1737 1326499200
3888 397 1347753600
3888 397 1347753600
3888 421 1347753600
3888 1990 1384560000
3889 397 1347321600
3889 397 1347321600
3889 397 1347321600
3889 397 1347321600
3889 421 1347321600
3890 397 1339113600
3890 397 1339113600
3890 1818 1385164800
3890 1819 1385164800
3890 1869 1395360000
3890 3548 1399161600
3891 397 1321660800
3891 397 1321660800
3891 397 1321660800
3891 397 1321660800
3891 421 1321660800
3892 2406 1357084800
3892 2406 1357084800
3892 2157 1357084800
3892 4408 1357171200
3892 4408 1357171200
3893 398 1478563200
3893 398 1478563200
3893 4409 1492732800
3893 2280 1493164800
3893 2288 1493164800
3893 2406 1522108800
3893 2406 1522108800
3893 2775 1522108800
3893 4205 1522108800
3893 3569 1522713600
3893 1892 1522713600
3894 527 1469059200
3894 606 1469059200
3894 2406 1508112000
3894 125 1508112000
3894 2406 1508112000
3894 125 1508112000
3894 644 1508112000
3895 2208 1437696000
3895 94 1437696000
3895 2406 1507507200
3895 125 1507507200
3895 2406 1507507200
3895 125 1507507200
3895 1215 1507507200
3896 520 1453075200
3896 520 1453075200
3896 2406 1494201600
3896 2406 1494201600
3896 1816 1515974400
3897 2406 1489881600
3897 125 1489881600
3897 2406 1489881600
3897 125 1489881600
3897 3840 1491264000
3898 2406 1478649600
3898 3850 1478649600
3898 125 1478649600
3898 2406 1478649600
3898 3850 1478649600
3898 125 1478649600
3899 2406 1444262400
3899 3443 1444262400
3899 3850 1444262400
3899 2406 1444262400
3899 3443 1444262400
3899 3850 1444262400
3899 2157 1444262400
3899 4410 1470787200
3900 2406 1431993600
3900 2406 1431993600
3900 744 1431993600
3900 488 1440288000
3900 4411 1445904000
3900 1895 1452211200
3900 3604 1452211200
3900 1895 1452211200
3900 3604 1452211200
3900 4013 1454544000
3901 2406 1429747200
3901 2406 1429747200
3901 606 1429747200
3901 4412 1429747200
3901 605 1435276800
3902 2406 1427500800
3902 2406 1427500800
3902 3604 1453680000
3902 3604 1453680000
3902 4413 1478131200
3902 3862 1478131200
3903 2406 1422748800
3903 1895 1422748800
3903 591 1422748800
3903 2406 1422748800
3903 1895 1422748800
3903 591 1422748800
3903 1893 1422748800
3904 794 1480550400
3904 3850 1490054400
3904 3850 1490054400
3904 1816 1508284800
3904 125 1508284800
3904 1816 1508284800
3904 125 1508284800
3904 493 1519084800
3904 1095 1519689600
3904 1096 1519689600
3904 189 1519948800
3904 3668 1519948800
3904 1703 1526256000
3905 1816 1503014400
3905 591 1503014400
3905 125 1503014400
3905 1816 1503014400
3905 591 1503014400
3905 125 1503014400
3906 2648 1396569600
3906 1703 1485820800
3906 1703 1485820800
3906 1893 1485820800
3906 4414 1485820800
3907 1703 1481414400
3907 1703 1481414400
3907 125 1481500800
3907 125 1481500800
3907 1900 1481500800
3907 4031 1481846400
3907 3176 1481846400
3907 4415 1481846400
3907 4416 1481846400
3908 1703 1473811200
3908 1703 1473811200
3908 29 1482624000
3908 3865 1482624000
3908 3866 1482624000
3909 1703 1461974400
3909 1701 1461974400
3909 125 1461974400
3909 1703 1461974400
3909 1701 1461974400
3909 125 1461974400
3910 1221 1451520000
3910 1703 1452643200
3910 3443 1452643200
3910 3850 1452643200
3910 1703 1452643200
3910 3443 1452643200
3910 3850 1452643200
3910 3972 1452643200
3911 3569 1501027200
3911 3919 1501027200
3911 398 1501027200
3911 3569 1501027200
3911 3919 1501027200
3911 398 1501027200
3912 4417 1344038400
3912 3175 1394582400
3912 3554 1394582400
3912 1816 1466640000
3912 1816 1466640000
3913 3850 1487808000
3913 3850 1487808000
3913 1861 1487808000
3913 1478 1488672000
3913 1478 1488672000
3913 1892 1488672000
3914 676 1465430400
3914 1963 1465430400
3914 1478 1466208000
3914 2898 1466208000
3914 398 1466208000
3914 1478 1466208000
3914 2898 1466208000
3914 398 1466208000
3915 1816 1443830400
3915 1816 1443830400
3915 129 1468713600
3915 4418 1468713600
3915 3521 1470182400
3915 4419 1470182400
3916 1816 1435536000
3916 2223 1435536000
3916 1816 1435536000
3916 2223 1435536000
3916 565 1459296000
3917 1478 1444953600
3917 2898 1444953600
3917 124 1444953600
3917 1478 1444953600
3917 2898 1444953600
3917 124 1444953600
3918 1816 1355443200
3918 991 1355443200
3918 1816 1355443200
3918 991 1355443200
3918 2465 1420416000
3918 1703 1424476800
3918 1703 1424476800
3919 1478 1404086400
3919 398 1404086400
3919 1478 1404086400
3919 398 1404086400
3919 1467 1404086400
3920 2994 1335484800
3920 778 1391990400
3920 1816 1430438400
3920 991 1430438400
3920 2223 1430438400
3920 1816 1430438400
3920 991 1430438400
3920 2223 1430438400
3920 1893 1430438400
3920 3972 1430438400
3920 4145 1472169600
3920 4420 1512691200
3921 1816 1423612800
3921 991 1423612800
3921 1816 1423612800
3921 991 1423612800
3921 4036 1498348800
3922 2898 1370390400
3922 2898 1370390400
3922 1478 1379721600
3922 1478 1379721600
3922 3452 1420329600
3923 1703 1410220800
3923 3850 1410220800
3923 1703 1410220800
3923 3850 1410220800
3923 791 1410220800
3924 3604 1461196800
3924 3604 1461196800
3924 1892 1493337600
3924 2185 1506384000
3924 2185 1506384000
3925 2186 1470614400
3925 2185 1499212800
3925 2185 1499212800
3925 2204 1499212800
3925 4421 1499212800
3925 1598 1504742400
3925 2721 1504742400
3925 125 1504828800
3925 125 1504828800
3926 1816 1374364800
3926 3443 1374364800
3926 1816 1374364800
3926 3443 1374364800
3926 3974 1468454400
3926 3974 1468454400
3927 591 1474675200
3927 3604 1474675200
3927 591 1474675200
3927 3604 1474675200
3927 2185 1478304000
3927 2185 1478304000
3928 1703 1357776000
3928 1703 1357776000
3928 4013 1411344000
3928 4013 1411344000
3928 1892 1411344000
3928 3508 1411344000
3929 3443 1414972800
3929 3850 1414972800
3929 3443 1414972800
3929 3850 1414972800
3929 3822 1414972800
3930 355 1417737600
3930 68 1437004800
3930 974 1474329600
3930 991 1475625600
3930 991 1475625600
3930 174 1525392000
3931 265 1459814400
3931 935 1466640000
3931 991 1475020800
3931 991 1475020800
3931 1169 1479081600
3931 1003 1482192000
3931 226 1498694400
3931 335 1498694400
3931 83 1503705600
3931 753 1503705600
3932 1168 1431820800
3932 1218 1443830400
3932 398 1473638400
3932 398 1473638400
3932 1104 1473984000
3932 991 1475020800
3932 991 1475020800
3933 1200 1423699200
3933 1053 1443225600
3933 306 1446681600
3933 317 1447891200
3933 1179 1449705600
3933 978 1465257600
3933 270 1468713600
3933 991 1474243200
3933 991 1474243200
3934 1153 1415577600
3934 198 1420848000
3934 77 1443398400
3934 1287 1457568000
3934 1199 1459382400
3934 991 1474243200
3934 991 1474243200
3935 2898 1471046400
3935 1890 1471046400
3935 2898 1471046400
3935 1890 1471046400
3935 991 1473292800
3935 991 1473292800
3935 125 1488067200
3935 125 1488067200
3936 1281 1431820800
3936 321 1452902400
3936 373 1467849600
3936 991 1473206400
3936 991 1473206400
3936 1212 1520467200
3936 1260 1532736000
3937 1007 1407196800
3937 76 1417132800
3937 274 1419984000
3937 318 1445126400
3937 942 1445472000
3937 229 1445817600
3937 1179 1446076800
3937 1388 1446854400
3937 72 1452211200
3937 991 1473033600
3937 991 1473033600
3938 1129 1398556800
3938 1005 1398556800
3938 254 1416096000
3938 527 1443225600
3938 991 1473033600
3938 991 1473033600
3939 398 1464307200
3939 398 1464307200
3939 815 1466812800
3939 815 1466812800
3939 3443 1468281600
3939 344 1468281600
3939 3974 1468281600
3939 3443 1468281600
3939 344 1468281600
3939 3974 1468281600
3939 18 1468281600
3940 4422 1450137600
3940 4423 1461974400
3940 223 1462492800
3940 3966 1464220800
3940 3443 1464739200
3940 3443 1464739200
3941 688 1484438400
3941 688 1484438400
3941 3049 1484438400
3941 3049 1484438400
3941 4105 1484438400
3941 324 1486425600
3941 1889 1486512000
3941 1889 1486512000
3942 3961 1460160000
3942 3961 1460160000
3942 4424 1460160000
3942 1041 1466467200
3942 1041 1466467200
3942 3840 1466467200
3943 4425 1411430400
3943 991 1470182400
3943 991 1470182400
3943 1991 1470182400
3943 1004 1470268800
3943 3029 1470268800
3944 991 1468108800
3944 125 1468108800
3944 991 1468108800
3944 125 1468108800
3944 2465 1468108800
3945 3443 1448668800
3945 3443 1448668800
3945 3840 1448668800
3945 124 1452902400
3945 124 1452902400
3945 1903 1459900800
3946 3443 1441152000
3946 3443 1441152000
3946 92 1441152000
3946 596 1441152000
3946 2068 1441152000
3946 2265 1441152000
3947 125 1476835200
3947 125 1476835200
3947 2898 1487376000
3947 2898 1487376000
3947 4426 1487376000
3948 3604 1457136000
3948 3604 1457136000
3948 3840 1457136000
3948 2223 1478649600
3948 2223 1478649600
3948 1893 1489622400
3948 2259 1513468800
3949 2223 1475625600
3949 398 1475625600
3949 2223 1475625600
3949 398 1475625600
3949 1892 1475625600
3949 2465 1475625600
3950 2898 1468022400
3950 1701 1468022400
3950 1891 1468022400
3950 2898 1468022400
3950 1701 1468022400
3950 1891 1468022400
3951 1985 1421712000
3951 2898 1423180800
3951 489 1423180800
3951 2898 1423180800
3951 489 1423180800
3951 1557 1423180800
3951 2846 1423180800
3952 4427 1306281600
3952 1192 1403654400
3952 966 1415232000
3952 306 1445385600
3952 260 1446595200
3952 997 1469145600
3952 1012 1470441600
3952 1041 1472774400
3952 1041 1472774400
3952 917 1486339200
3952 226 1498435200
3952 1071 1502064000
3952 22 1524873600
3953 530 1414886400
3953 1010 1415750400
3953 77 1442188800
3953 358 1443139200
3953 1292 1445558400
3953 914 1457827200
3953 944 1460592000
3953 1187 1463616000
3953 1183 1466121600
3953 1041 1472688000
3953 1041 1472688000
3953 172 1491609600
3953 1100 1523577600
3954 1059 1417651200
3954 769 1453075200
3954 939 1458604800
3954 1041 1475625600
3954 1041 1475625600
3955 308 1444003200
3955 1041 1474675200
3955 1041 1474675200
3955 577 1481155200
3955 1058 1494806400
3955 235 1525996800
3956 777 1387065600
3956 1051 1403740800
3956 350 1403913600
3956 1276 1415404800
3956 173 1415404800
3956 967 1427414400
3956 1041 1473984000
3956 1041 1473984000
3956 1008 1483833600
3956 668 1527206400
3957 289 1433203200
3957 939 1456790400
3957 1357 1460246400
3957 1041 1473811200
3957 1041 1473811200
3957 242 1523318400
3958 1276 1414800000
3958 1247 1414800000
3958 1041 1473724800
3958 1041 1473724800
3958 39 1497916800
3958 1313 1513900800
3958 246 1525910400
3959 1889 1482969600
3959 1889 1482969600
3959 3657 1483920000
3959 125 1483920000
3959 3657 1483920000
3959 125 1483920000
3960 2372 1379376000
3960 467 1438905600
3960 1889 1458691200
3960 1889 1458691200
3960 996 1458691200
3961 2765 1344038400
3961 2765 1344038400
3961 3994 1526256000
3961 4428 1526256000
3961 2023 1526256000
3961 3758 1526428800
3962 2765 1465776000
3962 2765 1465776000
3962 2766 1465776000
3962 1820 1465776000
3962 744 1465776000
3963 2765 1439337600
3963 2765 1439337600
3963 2234 1439337600
3963 3788 1448236800
3963 747 1448236800
3963 1646 1448236800
3963 1819 1471392000
3963 4429 1487548800
3963 907 1506556800
3964 2765 1420502400
3964 2765 1420502400
3964 1819 1420502400
3964 3531 1424131200
3964 2190 1424131200
3965 1185 1400198400
3965 2437 1450137600
3965 2437 1450137600
3965 2436 1493856000
3965 1626 1493856000
3966 2186 1415836800
3966 3508 1415836800
3966 1796 1440374400
3966 1796 1440374400
3966 1128 1440374400
3966 2251 1440374400
3966 4430 1440374400
3966 2909 1440374400
3966 2862 1440374400
3966 1059 1440374400
3966 1794 1440374400
3966 619 1448064000
3966 932 1448064000
3967 4432 1399248000
3967 2091 1420070400
3967 4431 1420070400
3967 347 1429315200
3967 1796 1433980800
3967 1796 1433980800
3967 1796 1433980800
3967 1796 1433980800
3967 72 1518480000
3968 3122 1432771200
3968 2314 1432771200
3968 3123 1432771200
3968 3122 1432771200
3968 2314 1432771200
3968 3123 1432771200
3968 2311 1432771200
3968 3761 1432771200
3969 1796 1418601600
3969 1796 1418601600
3969 1128 1418601600
3969 617 1418601600
3969 1128 1431043200
3969 4314 1499558400
3970 3122 1425254400
3970 2314 1425254400
3970 3123 1425254400
3970 3122 1425254400
3970 2314 1425254400
3970 3123 1425254400
3971 3122 1357344000
3971 2314 1357344000
3971 3123 1357344000
3971 3122 1357344000
3971 2314 1357344000
3971 3123 1357344000
3972 589 1497312000
3972 589 1497312000
3972 442 1499817600
3972 442 1499817600
3972 445 1499817600
3973 619 1471996800
3973 589 1487548800
3973 589 1487548800
3973 1037 1520380800
3973 139 1520380800
3973 617 1520380800
3974 1537 1370563200
3974 3935 1417651200
3974 3935 1417651200
3974 920 1417651200
3974 715 1417651200
3974 4434 1417651200
3974 4433 1420329600
3974 4435 1420329600
3974 724 1480550400
3974 1247 1493596800
3974 4436 1493596800
3975 2010 1398038400
3975 4437 1430265600
3975 4437 1430265600
3975 2848 1430265600
3975 2686 1430265600
3976 1456 1381708800
3976 4437 1419811200
3976 4437 1419811200
3976 4438 1419811200
3976 4155 1419811200
3977 4439 1495238400
3977 4439 1495238400
3977 3289 1495238400
3977 484 1497571200
3977 652 1497571200
3978 4439 1419465600
3978 4439 1419465600
3978 346 1419465600
3978 4180 1429142400
3978 617 1464998400
3978 2362 1464998400
3979 2013 1436832000
3979 3256 1437004800
3979 3256 1437004800
3979 398 1437782400
3979 398 1437782400
3980 4441 1516147200
3980 4440 1519084800
3980 4440 1519084800
3980 772 1519084800
3980 3976 1519084800
3981 4440 1516233600
3981 4440 1516233600
3981 4441 1516233600
3981 1633 1516233600
3981 4442 1516233600
3981 488 1516233600
3982 59 1409356800
3982 4440 1510790400
3982 4440 1510790400
3982 44 1515628800
3982 999 1524873600
3983 4440 1405728000
3983 4440 1405728000
3983 4443 1405728000
3983 3067 1405728000
3983 2784 1534896000
3984 1384 1398902400
3984 4444 1398902400
3984 3304 1400112000
3984 3304 1400112000
3984 4137 1421193600
3985 3304 1368057600
3985 3304 1368057600
3985 1384 1419811200
3985 288 1419811200
3985 3565 1419811200
3986 2120 1263427200
3986 2120 1263427200
3986 4445 1384905600
3986 1271 1393632000
3986 1155 1394841600
3986 1222 1437436800
3986 177 1458000000
3986 1355 1463097600
3986 1132 1466380800
3986 326 1502150400
3987 2120 1484784000
3987 1747 1484784000
3987 2120 1484784000
3987 1747 1484784000
3987 1740 1484784000
3988 2120 1421971200
3988 2315 1421971200
3988 2120 1421971200
3988 2315 1421971200
3988 2125 1421971200
3989 2120 1391904000
3989 1747 1391904000
3989 2120 1391904000
3989 1747 1391904000
3989 3139 1431648000
3990 1098 1446595200
3990 265 1459987200
3990 1110 1473811200
3990 1110 1473811200
3990 1208 1475539200
3991 2218 1389830400
3991 263 1407542400
3991 1127 1414195200
3991 922 1418083200
3991 1054 1443484800
3991 140 1445990400
3991 1078 1453334400
3991 935 1466812800
3991 895 1467417600
3991 1110 1473552000
3991 1110 1473552000
3991 1079 1483833600
3991 262 1491436800
3991 1145 1503446400
3991 894 1506038400
3991 953 1532563200
3992 1114 1414800000
3992 1752 1467676800
3992 1110 1473465600
3992 1110 1473465600
3992 1079 1483056000
3992 1246 1489968000
3992 1027 1491609600
3992 39 1498176000
3992 943 1499126400
3992 335 1499126400
3993 105 1353196800
3993 1111 1354233600
3993 1127 1414108800
3993 940 1429833600
3993 1408 1439251200
3993 1053 1441238400
3993 930 1445299200
3993 1223 1448496000
3993 81 1460332800
3993 1183 1466208000
3993 1112 1466726400
3993 1110 1473465600
3993 1110 1473465600
3994 254 1416096000
3994 260 1445385600
3994 1078 1453766400
3994 1284 1457913600
3994 1017 1457913600
3994 1019 1468454400
3994 1110 1473379200
3994 1110 1473379200
3994 39 1497484800
3995 3138 1362268800
3995 1127 1362355200
3995 4446 1364515200
3995 1458 1403481600
3995 876 1430006400
3995 876 1430006400
3995 1314 1447113600
3995 1453 1472860800
3995 1023 1474243200
3995 1250 1483142400
3995 264 1498521600
3996 1890 1453852800
3996 1895 1453852800
3996 1890 1453852800
3996 1895 1453852800
3996 4447 1453852800
3997 3008 1395100800
3997 816 1426809600
3997 2943 1453593600
3997 2943 1453593600
3997 1634 1486684800
3998 856 1365379200
3998 856 1365379200
3998 1593 1371254400
3998 128 1371254400
3998 465 1388188800
3998 476 1442707200
3999 125 1494979200
3999 125 1494979200
3999 3847 1494979200
3999 3919 1501286400
3999 3919 1501286400
4000 485 1483488000
4000 3919 1488412800
4000 3919 1488412800
4000 1892 1488412800
4000 815 1488412800
4001 3919 1479081600
4001 344 1479081600
4001 125 1479081600
4001 3919 1479081600
4001 344 1479081600
4001 125 1479081600
4001 4448 1479168000
4002 4013 1409788800
4002 4013 1409788800
4002 3604 1451088000
4002 3604 1451088000
4002 2185 1518566400
4003 344 1421020800
4003 344 1421020800
4003 3772 1421020800
4003 466 1437004800
4003 31 1437004800
4004 1147 1458518400
4004 344 1474156800
4004 344 1474156800
4004 1338 1524009600
4004 668 1524441600
4004 1404 1533081600
4005 1258 1445385600
4005 943 1446249600
4005 344 1473379200
4005 344 1473379200
4005 1243 1494892800
4005 782 1524787200
4005 272 1526083200
4006 273 1449187200
4006 1152 1451779200
4006 934 1466726400
4006 270 1467763200
4006 1171 1472083200
4006 1140 1472169600
4006 344 1473379200
4006 344 1473379200
4006 347 1475193600
4006 796 1480896000
4006 1079 1483488000
4006 171 1485734400
4006 1195 1488844800
4006 1115 1512086400
4007 3850 1514419200
4007 125 1514419200
4007 3850 1514419200
4007 125 1514419200
4007 4181 1515715200
4008 1306 1442188800
4008 1701 1503273600
4008 1701 1503273600
4008 1254 1503273600
4008 2181 1503273600
4008 4357 1503273600
4008 1732 1506297600
4009 1701 1469750400
4009 520 1469750400
4009 1701 1469750400
4009 520 1469750400
4009 896 1469750400
4009 92 1472256000
4009 324 1484438400
4010 44 1379808000
4010 1701 1386633600
4010 1701 1386633600
4010 777 1416700800
4010 2909 1416700800
4011 124 1474416000
4011 3974 1474416000
4011 3604 1474416000
4011 124 1474416000
4011 3974 1474416000
4011 3604 1474416000
4011 2157 1474416000
4011 292 1474416000
4012 124 1444608000
4012 398 1444608000
4012 124 1444608000
4012 398 1444608000
4012 1770 1458864000
4013 1460 1438560000
4013 398 1438646400
4013 398 1438646400
4013 124 1438819200
4013 124 1438819200
4014 44 1487116800
4014 398 1487462400
4014 398 1487462400
4014 1891 1493510400
4014 1891 1493510400
4014 4449 1512604800
4015 398 1459382400
4015 398 1459382400
4015 1891 1490140800
4015 1891 1490140800
4015 2995 1491177600
4015 2995 1491177600
4016 1982 1413331200
4016 590 1424649600
4016 590 1424649600
4016 939 1440633600
4016 2669 1440633600
4016 4266 1440633600
4017 2186 1458259200
4017 65 1462060800
4017 223 1462060800
4017 590 1485475200
4017 590 1485475200
4018 590 1434240000
4018 590 1434240000
4018 3032 1446508800
4018 3508 1446508800
4018 4013 1446508800
4018 4450 1446508800
4019 1891 1441584000
4019 1891 1441584000
4019 17 1444780800
4019 4354 1467244800
4019 129 1520121600
4019 133 1520121600
4019 784 1520121600
4020 591 1475625600
4020 3604 1475625600
4020 591 1475625600
4020 3604 1475625600
4020 3610 1475625600
4020 3608 1475625600
4021 591 1451692800
4021 591 1451692800
4021 2011 1451692800
4021 1619 1452038400
4021 1134 1457827200
4021 67 1457827200
4021 2228 1469404800
4022 4451 1433376000
4022 4082 1434931200
4022 4453 1440288000
4022 815 1470096000
4022 815 1470096000
4022 4452 1479859200
4022 4451 1484179200
4023 3656 1424649600
4023 3656 1424649600
4023 398 1428105600
4023 398 1428105600
4023 44 1428105600
4023 2547 1455494400
4023 135 1455494400
4023 2295 1455494400
4023 4454 1455494400
4024 125 1523923200
4024 125 1523923200
4024 2054 1523923200
4024 688 1523923200
4024 346 1524096000
4025 367 1479427200
4025 1033 1479427200
4025 4455 1510790400
4025 125 1523577600
4025 125 1523577600
4026 125 1516924800
4026 125 1516924800
4026 3657 1518048000
4026 3657 1518048000
4026 1892 1524873600
4027 3657 1513036800
4027 398 1513036800
4027 3657 1513036800
4027 398 1513036800
4027 124 1513036800
4028 3657 1512000000
4028 125 1512000000
4028 398 1512000000
4028 3657 1512000000
4028 125 1512000000
4028 398 1512000000
4028 2775 1512000000
4029 658 1357084800
4029 3657 1466726400
4029 3657 1466726400
4029 135 1466726400
4029 4456 1466726400
4030 4457 1512950400
4030 549 1514505600
4030 125 1520121600
4030 125 1520121600
4030 44 1520121600
4031 125 1518480000
4031 125 1518480000
4031 4458 1518480000
4031 1478 1518480000
4031 2305 1518480000
4031 3229 1528502400
4032 2732 1502150400
4032 4459 1502150400
4032 4460 1502150400
4032 4461 1502150400
4032 24 1502236800
4032 24 1502236800
4032 3002 1502236800
4033 1911 1513468800
4033 2477 1513468800
4033 392 1516060800
4033 4462 1516060800
4033 125 1516838400
4033 125 1516838400
4033 722 1524009600
4034 1157 1418774400
4034 960 1423180800
4034 1131 1430265600
4034 1240 1447891200
4034 1187 1463616000
4034 669 1469232000
4034 24 1476144000
4034 24 1476144000
4034 1039 1476144000
4034 1163 1476230400
4034 226 1498867200
4035 24 1436918400
4035 24 1436918400
4035 24 1468540800
4035 24 1468540800
4035 4463 1475280000
4036 790 1438473600
4036 135 1455494400
4036 24 1468022400
4036 24 1468022400
4036 1655 1488758400
4036 4464 1523404800
4037 4351 1515715200
4037 125 1515801600
4037 398 1515801600
4037 125 1515801600
4037 398 1515801600
4038 24 1453248000
4038 24 1453248000
4038 24 1453248000
4038 24 1453248000
4038 3036 1473811200
4039 529 1413417600
4039 648 1413417600
4039 4465 1413417600
4039 4466 1420761600
4039 24 1430179200
4039 24 1430179200
4040 24 1421107200
4040 24 1421107200
4040 24 1428710400
4040 24 1428710400
4040 1061 1497657600
4041 1685 1512950400
4041 1394 1512950400
4041 125 1513036800
4041 125 1513036800
4041 467 1513036800
4042 24 1395100800
4042 24 1395100800
4042 24 1399680000
4042 24 1399680000
4042 24 1408320000
4042 24 1408320000
4043 24 1397779200
4043 24 1397779200
4043 420 1476057600
4043 4090 1476057600
4043 4467 1488326400
4043 4057 1488326400
4044 4469 1397347200
4044 4470 1397347200
4044 24 1397433600
4044 24 1397433600
4044 4468 1458086400
4045 24 1363564800
4045 24 1363564800
4045 17 1383868800
4045 410 1452816000
4045 4471 1452816000
4045 467 1488844800
4045 1819 1489536000
4046 24 1361318400
4046 24 1361318400
4046 24 1361318400
4046 24 1361318400
4046 2961 1496620800
4047 125 1511568000
4047 125 1511568000
4047 4472 1516406400
4047 134 1516406400
4047 4473 1516406400
4047 627 1516406400
4047 325 1516406400
4048 2808 1446768000
4048 125 1508803200
4048 125 1508803200
4048 493 1514332800
4048 493 1525392000
4049 676 1355961600
4049 233 1359763200
4049 135 1453593600
4049 135 1453593600
4049 135 1453593600
4049 135 1477008000
4049 125 1508198400
4049 125 1508198400
4050 125 1506816000
4050 125 1506816000
4050 728 1506816000
4050 467 1506816000
4050 2547 1506816000
4051 125 1503360000
4051 125 1503360000
4051 84 1511568000
4051 1029 1525132800
4051 174 1525305600
4051 668 1526256000
4051 1116 1526860800
4051 953 1533772800
4051 1048 1533945600
4051 1404 1534118400
4051 1144 1534118400
4051 1076 1534291200
4052 125 1501632000
4052 125 1501632000
4052 493 1501632000
4052 1537 1502841600
4052 2395 1506902400
4052 1363 1509408000
4053 4474 1421020800
4053 125 1501459200
4053 398 1501459200
4053 125 1501459200
4053 398 1501459200
4054 1060 1398643200
4054 3190 1478131200
4054 125 1499040000
4054 125 1499040000
4054 2470 1502496000
4055 3423 1411689600
4055 2901 1411689600
4055 3423 1411689600
4055 2901 1411689600
4055 2424 1411689600
4056 125 1494028800
4056 398 1494028800
4056 125 1494028800
4056 398 1494028800
4056 1279 1527206400
4057 1965 1433462400
4057 489 1443052800
4057 489 1443052800
4057 125 1493942400
4057 125 1493942400
4058 398 1490313600
4058 398 1490313600
4058 125 1493337600
4058 125 1493337600
4058 135 1493337600
4059 1371 1390867200
4059 442 1420588800
4059 442 1420588800
4059 445 1420588800
4059 125 1492819200
4059 125 1492819200
4060 125 1492128000
4060 125 1492128000
4060 3870 1500940800
4060 4475 1514592000
4060 1714 1521331200
4061 4476 1446940800
4061 576 1485216000
4061 576 1485216000
4061 190 1487203200
4061 741 1490486400
4061 741 1490486400
4062 741 1411430400
4062 741 1411430400
4062 741 1471132800
4062 741 1471132800
4062 132 1474416000
4063 2901 1452038400
4063 741 1452038400
4063 2901 1452038400
4063 741 1452038400
4063 741 1452729600
4063 741 1452729600
4064 741 1427328000
4064 741 1427328000
4064 2901 1442793600
4064 2901 1442793600
4064 3420 1448150400
4065 4477 1375315200
4065 261 1432684800
4065 2723 1438128000
4065 791 1438128000
4065 741 1452902400
4065 741 1452902400
4065 1720 1518307200
4065 4151 1518307200
4066 4478 1353110400
4066 4478 1353110400
4066 2901 1359504000
4066 2901 1359504000
4066 171 1480636800
4067 741 1438560000
4067 741 1438560000
4067 2267 1438560000
4067 3421 1438560000
4067 4479 1438560000
4067 2901 1489449600
4067 3258 1521244800
4068 741 1424563200
4068 741 1424563200
4068 2424 1424563200
4068 2424 1424563200
4068 227 1483142400
4069 4478 1214870400
4069 4478 1214870400
4069 3419 1372550400
4069 4480 1378080000
4069 2194 1447113600
4069 4481 1530748800
4070 4478 1378080000
4070 4478 1378080000
4070 2726 1492732800
4070 2735 1492732800
4070 1675 1492732800
4070 2728 1492732800
4070 4482 1492732800
4071 741 1405296000
4071 741 1405296000
4071 741 1407715200
4071 741 1407715200
4071 4483 1488758400
4072 125 1490486400
4072 398 1490486400
4072 125 1490486400
4072 398 1490486400
4072 2849 1490486400
4072 3961 1490486400
4073 125 1487376000
4073 398 1487376000
4073 125 1487376000
4073 398 1487376000
4073 129 1496361600
4074 609 1444867200
4074 125 1486166400
4074 398 1486166400
4074 125 1486166400
4074 398 1486166400
4075 125 1483747200
4075 125 1483747200
4075 1606 1483747200
4075 3899 1483747200
4075 120 1483747200
4076 3076 1441065600
4076 4486 1466640000
4076 125 1482364800
4076 125 1482364800
4076 4484 1482364800
4076 4485 1482364800
4077 816 1454630400
4077 4488 1472342400
4077 125 1477094400
4077 125 1477094400
4077 3966 1477094400
4077 4489 1477094400
4077 538 1480636800
4077 4487 1480636800
4077 3743 1507593600
4078 125 1476489600
4078 398 1476489600
4078 125 1476489600
4078 398 1476489600
4078 2055 1484006400
4079 1185 1471910400
4079 1463 1471910400
4079 1599 1471910400
4079 125 1476403200
4079 125 1476403200
4080 125 1475884800
4080 398 1475884800
4080 125 1475884800
4080 398 1475884800
4080 546 1475884800
4081 4490 1456617600
4081 3506 1460851200
4081 715 1468800000
4081 4491 1469059200
4081 125 1472774400
4081 125 1472774400
4081 324 1481846400
4082 398 1465257600
4082 398 1465257600
4082 125 1469145600
4082 125 1469145600
4082 789 1517184000
4083 233 1439164800
4083 442 1439942400
4083 442 1439942400
4083 445 1439942400
4083 1934 1467244800
4083 489 1506902400
4083 489 1506902400
4084 489 1504310400
4084 442 1504310400
4084 489 1504310400
4084 442 1504310400
4084 445 1504310400
4085 489 1499817600
4085 442 1499817600
4085 489 1499817600
4085 442 1499817600
4085 445 1499817600
4086 442 1480550400
4086 442 1480550400
4086 445 1480550400
4086 489 1493251200
4086 489 1493251200
4087 56 1453939200
4087 476 1456963200
4087 476 1456963200
4087 3245 1490486400
4087 489 1492041600
4087 489 1492041600
4088 442 1428192000
4088 442 1428192000
4088 445 1428192000
4088 489 1490140800
4088 489 1490140800
4088 728 1490140800
4089 489 1464134400
4089 398 1464134400
4089 489 1464134400
4089 398 1464134400
4089 791 1464134400
4090 125 1463011200
4090 125 1463011200
4090 330 1485302400
4090 744 1485302400
4090 484 1485302400
4090 4492 1485302400
4090 4493 1486598400
4091 489 1430697600
4091 489 1430697600
4091 442 1504483200
4091 442 1504483200
4091 445 1504483200
4092 125 1462147200
4092 125 1462147200
4092 45 1462147200
4092 2197 1502582400
4092 1279 1502582400
4092 1328 1502582400
4093 1692 1440374400
4093 125 1461801600
4093 125 1461801600
4093 1693 1471392000
4093 133 1474675200
4094 606 1370390400
4094 489 1406160000
4094 489 1406160000
4094 3175 1406160000
4094 606 1406160000
4095 3571 1446076800
4095 125 1461196800
4095 125 1461196800
4095 189 1461196800
4095 706 1465344000
4096 489 1404172800
4096 489 1404172800
4096 442 1483660800
4096 442 1483660800
4096 445 1483660800
4097 442 1303257600
4097 442 1303257600
4097 445 1303257600
4097 489 1306627200
4097 489 1306627200
4098 3978 1395878400
4098 1911 1512000000
4098 442 1518393600
4098 442 1518393600
4098 445 1518393600
4099 442 1513641600
4099 520 1513641600
4099 442 1513641600
4099 520 1513641600
4099 445 1513641600
4100 1219 1443657600
4100 129 1452988800
4100 1219 1452988800
4100 425 1452988800
4100 1537 1456704000
4100 442 1504396800
4100 442 1504396800
4100 445 1504396800
4101 723 1486944000
4101 442 1504310400
4101 442 1504310400
4101 445 1504310400
4101 529 1504310400
4102 4494 1500076800
4102 442 1500163200
4102 442 1500163200
4102 445 1500163200
4102 135 1515024000
4103 610 1390521600
4103 863 1467417600
4103 442 1494115200
4103 442 1494115200
4103 2420 1494115200
4103 445 1494115200
4103 613 1498089600
4103 624 1498089600
4103 3642 1505692800
4104 520 1407369600
4104 520 1407369600
4104 442 1489363200
4104 442 1489363200
4104 445 1489363200
4105 1537 1285113600
4105 786 1357084800
4105 442 1487462400
4105 442 1487462400
4105 445 1487462400
4106 215 1502582400
4106 2363 1507507200
4106 520 1512864000
4106 520 1512864000
4106 4037 1531958400
4106 3643 1532822400
4107 2263 1418169600
4107 1337 1444953600
4107 442 1484956800
4107 442 1484956800
4107 445 1484956800
4108 442 1483488000
4108 3292 1483488000
4108 442 1483488000
4108 3292 1483488000
4108 445 1483488000
4109 520 1508371200
4109 520 1508371200
4109 3619 1508371200
4109 2379 1508371200
4109 2628 1510704000
4110 398 1422835200
4110 398 1422835200
4110 606 1455494400
4110 442 1482883200
4110 442 1482883200
4110 445 1482883200
4110 270 1482883200
4111 4495 1451088000
4111 3444 1451088000
4111 1911 1475280000
4111 442 1482883200
4111 442 1482883200
4111 445 1482883200
4112 1120 1378080000
4112 1129 1400284800
4112 987 1404345600
4112 66 1415491200
4112 285 1448928000
4112 1106 1474156800
4112 1023 1475280000
4112 1093 1478476800
4112 1169 1479081600
4112 916 1479427200
4112 979 1480032000
4112 520 1489795200
4112 520 1489795200
4112 1087 1509494400
4112 1522 1515888000
4113 442 1470009600
4113 398 1470009600
4113 442 1470009600
4113 398 1470009600
4113 445 1470009600
4114 442 1468108800
4114 442 1468108800
4114 445 1468108800
4114 476 1518134400
4114 529 1518134400
4115 3408 1428624000
4115 442 1466812800
4115 442 1466812800
4115 445 1466812800
4115 4348 1522368000
4116 442 1465430400
4116 442 1465430400
4116 445 1465430400
4116 398 1484697600
4116 398 1484697600
4117 2382 1416096000
4117 2458 1475971200
4117 2458 1475971200
4117 484 1475971200
4117 3982 1475971200
4118 442 1436659200
4118 442 1436659200
4118 445 1436659200
4118 520 1482451200
4118 520 1482451200
4119 442 1464652800
4119 442 1464652800
4119 1819 1464652800
4119 445 1464652800
4119 2975 1464652800
4119 747 1464652800
4120 520 1478995200
4120 520 1478995200
4120 392 1478995200
4120 384 1478995200
4120 1363 1478995200
4121 3873 1458518400
4121 1572 1461888000
4121 442 1462492800
4121 442 1462492800
4121 445 1462492800
4122 520 1472947200
4122 520 1472947200
4122 3976 1487894400
4122 4010 1490227200
4122 4496 1490227200
4122 4497 1490227200
4123 2604 1456704000
4123 442 1459123200
4123 442 1459123200
4123 445 1459123200
4123 8 1488931200
4124 386 1331856000
4124 791 1454457600
4124 442 1458777600
4124 442 1458777600
4124 445 1458777600
4125 151 1464652800
4125 4498 1464652800
4125 520 1467849600
4125 520 1467849600
4125 802 1492214400
4126 549 1451952000
4126 790 1451952000
4126 4099 1451952000
4126 392 1456704000
4126 442 1457827200
4126 442 1457827200
4126 445 1457827200
4126 4499 1457827200
4126 2395 1457827200
4127 557 1416441600
4127 1568 1440115200
4127 1569 1440115200
4127 520 1457395200
4127 520 1457395200
4128 442 1456185600
4128 442 1456185600
4128 445 1456185600
4128 2038 1465084800
4128 4500 1465084800
4129 4410 1436400000
4129 442 1455753600
4129 442 1455753600
4129 445 1455753600
4129 4501 1456444800
4129 606 1459296000
4129 196 1478304000
4129 1061 1497916800
4130 658 1419033600
4130 442 1455235200
4130 442 1455235200
4130 445 1455235200
4130 549 1455321600
4130 652 1470528000
4130 1116 1470528000
4131 442 1454544000
4131 442 1454544000
4131 445 1454544000
4131 4502 1454630400
4131 1537 1500508800
4132 442 1450483200
4132 442 1450483200
4132 445 1450483200
4132 791 1454976000
4132 3036 1461801600
4133 4503 1367798400
4133 4504 1367798400
4133 2344 1438128000
4133 442 1449446400
4133 442 1449446400
4133 445 1449446400
4134 520 1423008000
4134 520 1423008000
4134 488 1430697600
4134 1412 1479859200
4134 2909 1479859200
4134 190 1487116800
4134 2464 1487116800
4134 106 1487116800
4135 728 1352851200
4135 728 1352851200
4135 1538 1352851200
4135 391 1355702400
4135 520 1414972800
4135 520 1414972800
4135 658 1419120000
4136 3619 1430956800
4136 2379 1430956800
4136 442 1440892800
4136 442 1440892800
4136 445 1440892800
4137 2059 1412640000
4137 3254 1412640000
4137 442 1439164800
4137 442 1439164800
4137 445 1439164800
4138 4505 1402358400
4138 973 1408320000
4138 2405 1408320000
4138 442 1437696000
4138 442 1437696000
4138 445 1437696000
4139 442 1437004800
4139 442 1437004800
4139 598 1437004800
4139 445 1437004800
4139 620 1437004800
4140 442 1435276800
4140 442 1435276800
4140 445 1435276800
4140 2698 1445558400
4140 162 1446768000
4141 520 1409356800
4141 520 1409356800
4141 471 1437264000
4141 1540 1437264000
4141 31 1437264000
4142 520 1403654400
4142 520 1403654400
4142 520 1409270400
4142 520 1409270400
4142 1467 1415145600
4143 126 1357776000
4143 1092 1391990400
4143 1750 1423094400
4143 442 1431734400
4143 442 1431734400
4143 445 1431734400
4144 2014 1426204800
4144 442 1431648000
4144 442 1431648000
4144 445 1431648000
4144 1492 1523577600
4145 520 1407456000
4145 520 1407456000
4145 1636 1456444800
4145 4507 1526860800
4145 4506 1528675200
4146 3509 1418860800
4146 442 1429574400
4146 442 1429574400
4146 445 1429574400
4146 1632 1440892800
4147 442 1429142400
4147 442 1429142400
4147 4509 1481587200
4147 1720 1496534400
4147 4508 1496534400
4148 442 1424217600
4148 442 1424217600
4148 445 1424217600
4148 129 1495411200
4148 485 1495411200
4148 4170 1502236800
4148 1605 1516147200
4149 442 1423699200
4149 442 1423699200
4149 383 1423699200
4149 445 1423699200
4149 1540 1423699200
4150 384 1328659200
4150 392 1367280000
4150 442 1419033600
4150 442 1419033600
4150 445 1419033600
4150 1685 1456963200
4151 4510 1410480000
4151 4511 1410480000
4151 442 1418083200
4151 442 1418083200
4151 445 1418083200
4152 520 1384819200
4152 520 1384819200
4152 2914 1396224000
4152 520 1400630400
4152 520 1400630400
4153 400 1371772800
4153 190 1381968000
4153 4512 1384214400
4153 442 1413504000
4153 442 1413504000
4153 445 1413504000
4154 1468 1400716800
4154 442 1411084800
4154 442 1411084800
4154 445 1411084800
4154 3224 1449014400
4154 190 1464739200
4154 1567 1529280000
4155 442 1408060800
4155 442 1408060800
4155 445 1408060800
4155 3036 1408320000
4155 1343 1462320000
4156 1605 1384300800
4156 594 1385769600
4156 442 1403395200
4156 442 1403395200
4156 445 1403395200
4156 598 1498435200
4156 620 1498435200
4156 602 1498435200
4157 442 1402704000
4157 442 1402704000
4157 445 1402704000
4157 598 1470960000
4157 620 1470960000
4158 442 1398729600
4158 442 1398729600
4158 3206 1398729600
4158 445 1398729600
4158 760 1431302400
4159 520 1395100800
4159 520 1395100800
4159 340 1423267200
4159 599 1435190400
4159 2916 1448496000
4159 3987 1514678400
4159 3498 1514678400
4160 442 1395619200
4160 442 1395619200
4160 445 1395619200
4160 676 1413244800
4160 133 1441152000
4161 520 1389571200
4161 520 1389571200
4161 442 1393113600
4161 442 1393113600
4161 445 1393113600
4162 2464 1391644800
4162 4514 1391644800
4162 520 1394150400
4162 520 1394150400
4162 658 1394150400
4162 3196 1394496000
4162 4513 1399420800
4162 771 1411516800
4162 771 1425340800
4162 3198 1426032000
4163 442 1389398400
4163 442 1389398400
4163 445 1389398400
4163 1441 1433808000
4163 769 1449446400
4163 669 1470096000
4163 1242 1488844800
4163 788 1489104000
4163 998 1494288000
4164 442 1388966400
4164 442 1388966400
4164 445 1388966400
4164 4253 1390608000
4164 2588 1399593600
4164 3722 1413849600
4164 1004 1420416000
4164 3161 1422403200
4164 443 1423612800
4165 442 1375920000
4165 442 1375920000
4165 445 1375920000
4165 3175 1415923200
4165 3175 1415923200
4165 4515 1485734400
4166 442 1367539200
4166 442 1367539200
4166 445 1367539200
4166 476 1390435200
4166 1819 1507161600
4167 1595 1386288000
4167 520 1386374400
4167 520 1386374400
4167 2698 1434412800
4167 816 1486598400
4168 442 1354320000
4168 442 1354320000
4168 445 1354320000
4168 4516 1455408000
4168 4517 1468972800
4169 56 1375747200
4169 520 1380758400
4169 520 1380758400
4169 392 1387324800
4169 133 1390176000
4170 442 1290988800
4170 442 1290988800
4170 442 1290988800
4170 442 1290988800
4170 445 1290988800
4170 445 1290988800
4171 2464 1370304000
4171 543 1470873600
4171 543 1470873600
4171 1467 1513555200
4171 4502 1513555200
4172 3690 1376438400
4172 2791 1396483200
4172 543 1423267200
4172 543 1423267200
4172 2791 1436486400
4173 3915 1454803200
4173 3915 1454803200
4173 3915 1454803200
4173 3915 1454803200
4173 3545 1454803200
4174 3915 1408320000
4174 3915 1408320000
4174 4041 1408320000
4174 2293 1408320000
4174 4315 1408320000
4175 2013 1445904000
4175 209 1464652800
4175 209 1464652800
4175 549 1467763200
4175 4123 1476576000
4176 1817 1466812800
4176 1817 1466812800
4176 4499 1486944000
4176 3176 1497139200
4176 4518 1523059200
4176 547 1523059200
4177 4519 1323216000
4177 2960 1323302400
4177 400 1323302400
4177 398 1512777600
4177 398 1512777600
4178 398 1505692800
4178 398 1505692800
4178 3661 1505692800
4178 4520 1505692800
4178 4521 1505692800
4179 2034 1438214400
4179 1664 1440201600
4179 4522 1440201600
4179 398 1501804800
4179 398 1501804800
4180 1343 1409529600
4180 930 1452211200
4180 1915 1455408000
4180 129 1497139200
4180 398 1498262400
4180 398 1498262400
4181 785 1483574400
4181 324 1483574400
4181 398 1490659200
4181 398 1490659200
4181 498 1490659200
4182 398 1478822400
4182 398 1478822400
4182 3966 1478822400
4182 4523 1478822400
4182 4524 1478822400
4183 398 1475020800
4183 398 1475020800
4183 1628 1475020800
4183 4525 1475020800
4183 4526 1475020800
4183 4527 1475020800
4184 920 1437350400
4184 1550 1441670400
4184 398 1468195200
4184 398 1468195200
4184 4528 1468195200
4185 4529 1448841600
4185 3058 1450915200
4185 4113 1451347200
4185 828 1451433600
4185 398 1464220800
4185 398 1464220800
4186 400 1384905600
4186 476 1409529600
4186 476 1411516800
4186 398 1461196800
4186 398 1461196800
4186 4530 1470960000
4186 460 1501200000
4187 476 1426464000
4187 1869 1447286400
4187 398 1460419200
4187 398 1460419200
4187 2465 1462752000
4188 398 1458259200
4188 398 1458259200
4188 4531 1458259200
4188 1473 1458259200
4188 4532 1458259200
4188 4533 1458259200
4189 398 1452902400
4189 398 1452902400
4189 942 1457654400
4189 2979 1464480000
4189 944 1464480000
4189 393 1471564800
4189 824 1482192000
4189 896 1482192000
4189 1014 1482192000
4189 119 1486080000
4190 398 1433462400
4190 398 1433462400
4190 791 1433462400
4190 113 1461110400
4190 3929 1462233600
4191 768 1407369600
4191 398 1432598400
4191 398 1432598400
4191 1444 1432598400
4191 1987 1432598400
4192 4535 1427932800
4192 4393 1427932800
4192 4536 1427932800
4192 4537 1427932800
4192 398 1428969600
4192 398 1428969600
4192 4534 1428969600
4193 993 1382227200
4193 398 1419552000
4193 398 1419552000
4193 816 1464825600
4193 3490 1485734400
4194 398 1404777600
4194 398 1404777600
4194 3858 1404777600
4194 1971 1418860800
4194 1877 1418860800
4195 398 1397520000
4195 398 1397520000
4195 191 1414108800
4195 3229 1423094400
4195 187 1465344000
4196 3071 1303171200
4196 3071 1303171200
4196 3071 1303171200
4196 3071 1303171200
4196 4538 1303171200
4197 345 1412035200
4197 1185 1412035200
4197 975 1412121600
4197 3136 1412121600
4197 1127 1412121600
4197 1247 1412121600
4197 1220 1412121600
4198 975 1472601600
4198 1114 1472601600
4198 1185 1472601600
4198 1247 1472601600
4198 1059 1472601600
4198 1220 1472601600
4198 4539 1472601600
4198 3294 1472601600
4198 135 1472688000
4199 1236 1392422400
4199 534 1403740800
4199 350 1403740800
4199 1059 1417564800
4199 975 1418256000
4199 1157 1420416000
4199 1150 1424736000
4199 1131 1430265600
4199 201 1435190400
4199 269 1480118400
4199 1045 1488585600
4199 1239 1489276800
4200 975 1416441600
4200 1179 1446076800
4200 85 1449705600
4200 1147 1458691200
4200 1461 1464480000
4200 1313 1514332800
4201 4312 1242864000
4201 949 1371686400
4201 1237 1413936000
4201 1358 1415059200
4201 975 1415577600
4201 1220 1415577600
4201 715 1418601600
4201 981 1430265600
4201 289 1431216000
4201 1101 1473379200
4201 1104 1473379200
4201 83 1502841600
4202 1043 1402531200
4202 346 1405900800
4202 975 1415491200
4202 261 1445212800
4202 1152 1452556800
4202 1012 1472515200
4202 1169 1479859200
4202 1060 1487548800
4202 619 1490832000
4202 955 1490832000
4202 39 1510876800
4203 975 1415404800
4203 1352 1445212800
4203 577 1481500800
4203 272 1523145600
4203 249 1525392000
4204 618 1321488000
4204 1913 1407196800
4204 618 1412640000
4204 2760 1476057600
4204 4320 1476576000
4204 475 1503014400
4205 4540 1433116800
4205 190 1433808000
4205 3642 1466035200
4205 1473 1470614400
4205 475 1495152000
4205 487 1520294400
4206 3923 1291939200
4206 894 1460073600
4206 1557 1513036800
4206 636 1513036800
4206 1797 1513036800
4206 1558 1516579200
4206 4541 1516579200
4207 3005 1267920000
4207 3097 1336348800
4207 3097 1337299200
4207 4058 1337472000
4207 4179 1337817600
4207 1468 1348185600
4207 4542 1447459200
4208 3512 1434672000
4208 4544 1434672000
4208 2619 1461110400
4208 556 1471824000
4208 4543 1502150400
4209 3978 1435622400
4209 2619 1440547200
4209 1636 1449100800
4209 1710 1465344000
4209 1711 1465344000
4209 4008 1499731200
4210 4545 1317427200
4210 4546 1401494400
4210 4548 1445472000
4210 4547 1452297600
4210 3882 1452297600
4210 3760 1458691200
4210 4549 1469923200
4211 4208 1446076800
4211 135 1455753600
4211 821 1455926400
4211 1971 1457395200
4211 676 1458086400
4211 3407 1468281600
4212 676 1456790400
4212 56 1456790400
4212 234 1456790400
4212 45 1463270400
4212 2349 1474934400
4212 3760 1478822400
4213 676 1437696000
4213 56 1437696000
4213 546 1437696000
4213 2360 1437696000
4213 1971 1437696000
4213 791 1437696000
4213 1877 1437696000
4214 1971 1411603200
4214 676 1421625600
4214 516 1431907200
4214 762 1476057600
4214 33 1476057600
4215 1128 1412380800
4215 744 1412467200
4215 1877 1414800000
4215 2558 1415145600
4215 676 1415664000
4215 3414 1424995200
4215 4550 1434326400
4215 2532 1447718400
4216 546 1380585600
4216 676 1395100800
4216 4552 1449100800
4216 4553 1501718400
4216 4551 1502496000
4216 4370 1502496000
4217 676 1370044800
4217 840 1370044800
4217 840 1370044800
4217 56 1370044800
4217 484 1433635200
4218 472 1393632000
4218 3100 1401235200
4218 3194 1402272000
4218 4554 1402272000
4218 1682 1404172800
4218 1100 1431302400
4219 1413 1395014400
4219 1200 1422835200
4219 954 1422835200
4219 3722 1434326400
4219 1434 1442620800
4220 1197 1446422400
4220 1570 1446422400
4220 3513 1449014400
4220 883 1449014400
4220 3365 1450396800
4220 104 1466380800
4221 1197 1417219200
4221 2263 1425686400
4221 3513 1426982400
4221 1210 1431820800
4221 119 1455321600
4221 120 1455321600
4221 115 1455667200
4221 2305 1455753600
4221 1605 1456704000
4221 119 1456963200
4221 2227 1468713600
4221 4555 1494892800
4221 4346 1495065600
4222 4346 1279497600
4222 1128 1470614400
4222 611 1470614400
4222 33 1497916800
4222 1460 1499990400
4222 248 1502668800
4223 2599 1353369600
4223 4556 1378339200
4223 4558 1429142400
4223 4557 1438905600
4223 4266 1440374400
4223 4339 1449532800
4224 882 1407974400
4224 17 1449878400
4224 556 1449878400
4224 1569 1449878400
4224 11 1469923200
4225 17 1448841600
4225 135 1456185600
4225 1911 1489536000
4225 493 1516320000
4225 447 1526860800
4226 1253 1378512000
4226 4559 1403308800
4226 996 1403308800
4226 4560 1403308800
4226 1128 1438300800
4226 17 1445385600
4226 1128 1451433600
4226 4086 1454371200
4227 3607 1359763200
4227 17 1434844800
4227 2339 1434844800
4227 3184 1434844800
4227 113 1482019200
4228 17 1408320000
4228 2600 1408320000
4228 1911 1408320000
4228 1911 1408320000
4228 3255 1408320000
4228 3505 1408320000
4229 17 1386460800
4229 4561 1465344000
4229 225 1495152000
4229 853 1515542400
4229 854 1515542400
4230 608 1358985600
4230 17 1359072000
4230 2915 1390176000
4230 625 1398988800
4230 1128 1440460800
4230 4562 1440460800
4230 1363 1440460800
4230 1517 1440460800
4230 2118 1440460800
4230 1637 1440460800
4230 625 1441843200
4230 4563 1466380800
4230 4564 1466380800
4230 838 1480464000
4231 17 1315699200
4231 2243 1386979200
4231 26 1434499200
4231 3266 1434499200
4231 4565 1506470400
4232 465 1366761600
4232 565 1412035200
4232 2838 1422403200
4232 2847 1431993600
4232 459 1449619200
4233 606 1446768000
4233 790 1446768000
4233 4566 1465516800
4233 2766 1488240000
4233 2282 1488240000
4233 744 1508198400
4233 2631 1508198400
4233 2283 1508198400
4233 4567 1524441600
4234 254 1436140800
4234 3136 1436140800
4234 403 1436140800
4234 1495 1436140800
4234 1463 1436140800
4234 1664 1436140800
4235 528 1392768000
4235 258 1392768000
4235 352 1403049600
4235 1458 1405900800
4235 355 1414540800
4235 921 1414886400
4235 254 1417564800
4235 922 1419379200
4235 1267 1421452800
4235 1287 1457395200
4235 282 1515369600
4236 254 1417305600
4236 1072 1446249600
4236 1145 1502582400
4236 1108 1514592000
4236 1332 1521331200
4237 1236 1395187200
4237 254 1416441600
4237 1118 1416441600
4237 1154 1443139200
4237 1028 1447977600
4237 1432 1449187200
4237 170 1457654400
4237 297 1467676800
4237 309 1469491200
4237 325 1474416000
4237 1115 1513555200
4237 1048 1533686400
4238 105 1370995200
4238 254 1416441600
4238 284 1426204800
4238 68 1435276800
4238 512 1446076800
4238 824 1447027200
4238 1119 1481673600
4238 1426 1487894400
4238 1128 1526947200
4239 1046 1403913600
4239 254 1416268800
4239 1159 1420761600
4239 1314 1447804800
4239 905 1470700800
4239 1038 1477526400
4239 1164 1486252800
4239 1124 1506297600
4239 1056 1506816000
4239 894 1506816000
4240 135 1450569600
4240 135 1450569600
4240 135 1452297600
4240 135 1452297600
4240 3036 1452816000
4241 459 1436659200
4241 2575 1529884800
4241 1303 1529884800
4241 1034 1529884800
4241 4568 1529884800
4242 2282 1446595200
4242 1906 1462924800
4242 1913 1467590400
4242 4569 1472428800
4242 2424 1476489600
4242 451 1485302400
4242 4560 1487721600
4242 1773 1506124800
4243 2261 1409270400
4243 4174 1428796800
4243 4571 1433203200
4243 4570 1434499200
4243 4572 1434499200
4243 2059 1507852800
4244 1620 1469059200
4244 1614 1478476800
4244 1601 1510531200
4244 2722 1510531200
4244 539 1511308800
4244 537 1511308800
4244 1503 1511308800
4245 3911 1476144000
4245 82 1479513600
4245 1601 1506470400
4245 160 1506470400
4245 1186 1521936000
4245 33 1521936000
4245 4573 1521936000
4245 3907 1529193600
4245 3912 1529193600
4246 1601 1433376000
4246 160 1433376000
4246 4574 1433376000
4246 162 1510358400
4246 4575 1519603200
4247 3097 1413504000
4247 2557 1432771200
4247 3096 1432771200
4247 4058 1432771200
4247 3097 1432771200
4247 4179 1432771200
4248 625 1386979200
4248 1860 1392076800
4248 1253 1414281600
4248 2557 1415664000
4248 1531 1415664000
4249 1324 1423267200
4249 2077 1423267200
4249 1253 1423267200
4249 183 1424044800
4249 1482 1424390400
4249 1614 1426204800
4250 121 1486425600
4250 607 1489104000
4250 1411 1498521600
4250 2417 1498521600
4250 2013 1499644800
4250 45 1500940800
4251 1411 1480118400
4251 188 1480118400
4251 2697 1480118400
4251 189 1480118400
4251 191 1480118400
4251 3302 1480118400
4251 1861 1480118400
4251 2337 1480118400
4251 2228 1480118400
4252 1933 1433289600
4252 233 1433289600
4252 3960 1433289600
4252 4244 1435968000
4252 1042 1450828800
4252 795 1450828800
4252 1411 1454025600
4253 1411 1415404800
4253 812 1415404800
4253 527 1437350400
4253 453 1438560000
4253 3595 1454112000
4253 1410 1457222400
4253 4576 1457913600
4253 1441 1457913600
4253 650 1459641600
4253 197 1459641600
4254 2401 1393200000
4254 812 1398384000
4254 1411 1400630400
4254 27 1400630400
4254 4577 1461024000
4255 160 1513900800
4255 1517 1513900800
4255 2749 1513900800
4255 2241 1513900800
4255 4578 1513900800
4255 4579 1513900800
4255 4580 1513900800
4256 160 1442707200
4256 1482 1442707200
4256 2249 1442707200
4256 184 1445299200
4256 1511 1445299200
4256 4581 1445299200
4257 2524 1425772800
4257 8 1425772800
4257 1823 1425772800
4257 3619 1425772800
4257 2379 1425772800
4258 225 1415923200
4258 1047 1468368000
4258 775 1473897600
4258 1101 1478563200
4258 1171 1478563200
4258 1140 1478563200
4258 84 1513468800
4259 530 1458777600
4259 1190 1458777600
4259 795 1459900800
4259 301 1473033600
4259 2022 1495584000
4259 606 1503446400
4260 115 1375920000
4260 2263 1375920000
4260 301 1388880000
4260 1506 1440115200
4260 1483 1440115200
4261 4582 1373328000
4261 2262 1421020800
4261 1696 1461542400
4261 1113 1466899200
4261 4583 1469577600
4261 1467 1487116800
4261 521 1487116800
4262 3203 1450742400
4262 3365 1463961600
4262 4403 1493251200
4262 465 1503532800
4262 4291 1535068800
4263 2218 1387929600
4263 332 1398297600
4263 956 1404086400
4263 173 1412899200
4263 966 1415404800
4263 77 1443398400
4263 825 1444780800
4263 261 1445126400
4263 45 1445817600
4263 894 1446422400
4263 1198 1457481600
4263 255 1468454400
4263 1391 1491091200
4263 1336 1503187200
4263 311 1504396800
4263 272 1523750400
4264 1276 1414713600
4264 1302 1415750400
4264 1452 1448841600
4264 341 1483315200
4264 1835 1483660800
4264 311 1498176000
4264 1075 1507852800
4264 175 1523404800
4265 1655 1379894400
4265 552 1379894400
4265 631 1390176000
4265 2617 1393804800
4265 4585 1423872000
4265 175 1427241600
4265 184 1427241600
4265 1536 1429315200
4265 4584 1511740800
4266 330 1453507200
4266 484 1453507200
4266 3136 1470528000
4266 2021 1470528000
4266 2861 1489708800
4266 1605 1503100800
4267 1433 1416787200
4267 289 1431475200
4267 1098 1447891200
4267 1376 1449878400
4267 330 1456876800
4267 266 1462838400
4267 78 1484265600
4267 226 1501027200
4267 1181 1505001600
4268 966 1415318400
4268 1433 1416614400
4268 1159 1421452800
4268 1183 1466294400
4268 532 1468108800
4268 2202 1473292800
4268 1299 1476489600
4268 39 1498435200
4269 1433 1416268800
4269 336 1416268800
4269 1438 1419897600
4269 193 1424908800
4269 1136 1447113600
4269 1439 1458086400
4269 485 1461715200
4269 257 1470268800
4269 998 1489881600
4270 1433 1416096000
4270 943 1445040000
4270 317 1445040000
4270 894 1446508800
4270 1208 1474588800
4270 270 1478304000
4270 998 1488499200
4271 949 1372550400
4271 1120 1378425600
4271 1155 1395100800
4271 1433 1416009600
4271 1201 1416009600
4271 1153 1416009600
4271 198 1422835200
4271 1203 1435622400
4272 1067 1370822400
4272 806 1415836800
4272 1433 1415923200
4272 1263 1439942400
4272 319 1443744000
4272 318 1444089600
4272 1082 1447718400
4272 257 1467244800
4272 373 1467244800
4272 1984 1470182400
4272 905 1470873600
4272 1101 1473984000
4272 1060 1486252800
4272 917 1486425600
4272 239 1526428800
4273 988 1398124800
4273 63 1398902400
4273 1247 1415059200
4273 1010 1415836800
4273 1433 1415923200
4273 359 1423353600
4274 534 1406246400
4274 1433 1415836800
4274 1302 1415836800
4274 1141 1449705600
4274 1105 1468886400
4274 1113 1496707200
4274 335 1500336000
4274 1212 1536451200
4275 66 1415059200
4275 1433 1415836800
4275 715 1419379200
4275 1150 1423612800
4275 260 1446076800
4275 1152 1453593600
4275 240 1467072000
4275 1137 1475625600
4276 346 1407456000
4276 1302 1417132800
4276 345 1418947200
4276 1172 1431907200
4276 319 1447027200
4276 959 1476662400
4276 902 1486080000
4276 1109 1488758400
4276 1195 1492387200
4276 667 1521331200
4277 256 1395273600
4277 345 1418860800
4277 1410 1421452800
4277 512 1444867200
4277 1180 1445212800
4277 894 1447113600
4277 498 1449014400
4278 1127 1415145600
4278 76 1415923200
4278 345 1418256000
4278 1930 1430870400
4278 1056 1507852800
4278 1232 1529625600
4279 345 1417737600
4279 922 1417737600
4279 987 1445385600
4279 1311 1457136000
4279 946 1488067200
4280 3616 1361664000
4280 1043 1403136000
4280 345 1417305600
4280 1249 1460764800
4280 946 1488067200
4280 302 1489968000
4280 950 1497225600
4280 1151 1503619200
4280 671 1503964800
4280 1115 1524268800
4280 226 1525478400
4280 335 1525478400
4280 311 1525478400
4280 39 1525478400
4280 1144 1534204800
4281 1588 1445644800
4281 140 1445644800
4281 824 1445644800
4281 2979 1456444800
4281 4038 1456531200
4281 3530 1456531200
4281 1173 1460851200
4281 958 1460851200
4281 2014 1461542400
4282 3270 1374192000
4282 4587 1374192000
4282 4588 1374192000
4282 4038 1400025600
4282 4586 1400025600
4282 3137 1419120000
4282 4293 1434758400
4282 342 1534377600
4283 3186 1488672000
4283 2118 1488931200
4283 2368 1488931200
4283 1648 1488931200
4283 4589 1489622400
4283 2462 1492387200
4284 2462 1413072000
4284 2473 1413072000
4284 3172 1416009600
4284 4279 1431734400
4284 2295 1457913600
4285 1818 1438646400
4285 1559 1485561600
4285 1620 1502323200
4285 4590 1502323200
4285 1204 1515888000
4286 203 1416009600
4286 1082 1447286400
4286 1098 1449878400
4286 279 1511308800
4286 323 1525996800
4287 197 1421107200
4287 981 1430524800
4287 1121 1433203200
4287 295 1444953600
4287 294 1445472000
4287 894 1446508800
4287 1439 1457049600
4287 1749 1457049600
4287 896 1458000000
4287 1033 1458432000
4287 935 1466380800
4287 1019 1469318400
4287 979 1480550400
4287 1091 1488844800
4287 279 1509321600
4288 1398 1479081600
4288 979 1479427200
4288 1253 1485475200
4288 619 1485820800
4288 279 1508976000
4288 1057 1511481600
4289 4592 1458432000
4289 4591 1469750400
4289 575 1505260800
4289 552 1516320000
4289 2384 1525996800
4290 105 1299974400
4290 219 1331164800
4290 1128 1430352000
4290 552 1443830400
4290 4593 1444435200
4291 1655 1405641600
4291 552 1413676800
4291 2679 1413676800
4291 1913 1439078400
4291 3215 1439078400
4291 3215 1461456000
4292 552 1369785600
4292 2584 1371513600
4292 2363 1376006400
4292 4594 1438300800
4292 384 1484956800
4293 1655 1350172800
4293 1344 1398470400
4293 4596 1420848000
4293 4595 1460937600
4293 4597 1468195200
4294 92 1505779200
4294 1394 1521158400
4294 4598 1521158400
4294 3047 1521158400
4294 728 1522972800
4294 59 1522972800
4295 728 1520035200
4295 967 1520035200
4295 391 1520035200
4295 1538 1520035200
4295 534 1520035200
4296 2935 1430524800
4296 1069 1430524800
4296 1729 1434067200
4296 1728 1444089600
4296 216 1454112000
4297 2322 1451347200
4297 728 1468627200
4297 1927 1498176000
4297 73 1505865600
4297 645 1508544000
4297 4599 1509321600
4297 728 1518134400
4298 728 1391904000
4298 1729 1427760000
4298 1069 1427760000
4298 1846 1473033600
4298 3130 1504396800
4299 728 1442102400
4299 2630 1442102400
4299 2360 1468108800
4299 1971 1468108800
4299 2155 1468108800
4300 728 1441324800
4300 3176 1453248000
4300 555 1464393600
4300 4601 1474934400
4300 4600 1487808000
4300 998 1520380800
4300 3787 1523750400
4301 728 1345939200
4301 4602 1363392000
4301 3094 1419552000
4301 1631 1421193600
4301 1085 1427932800
4302 92 1509235200
4302 1916 1509235200
4302 3665 1509408000
4302 3794 1509408000
4302 276 1515283200
4302 1039 1515283200
4303 1730 1416700800
4303 1737 1459468800
4303 216 1476403200
4303 1274 1482537600
4303 1929 1489795200
4303 276 1525996800
4304 92 1479600000
4304 364 1479600000
4304 2848 1527724800
4304 2850 1527724800
4304 4603 1528243200
4304 271 1528243200
4305 570 1383177600
4305 2382 1408233600
4305 92 1467590400
4305 534 1467590400
4305 1212 1473292800
4306 350 1437782400
4306 92 1460419200
4306 2630 1461110400
4306 2935 1473811200
4306 65 1499126400
4307 92 1442793600
4307 1523 1468540800
4307 4604 1477699200
4307 129 1497312000
4307 20 1522713600
4308 4605 1419120000
4308 59 1419552000
4308 65 1419552000
4308 3075 1419552000
4308 92 1419638400
4308 3027 1419638400
4309 2344 1362096000
4309 3750 1383004800
4309 3130 1391644800
4309 2195 1391644800
4309 92 1391817600
4309 4607 1396483200
4309 3343 1396483200
4309 4606 1465430400
4309 613 1471996800
4309 115 1475884800
4309 1976 1492473600
4309 4608 1492473600
4310 4565 1417305600
4310 3619 1433203200
4310 2379 1433203200
4310 4609 1436572800
4310 2263 1438300800
4310 181 1440374400
4311 189 1390694400
4311 1611 1423872000
4311 182 1423958400
4311 4610 1423958400
4311 1128 1459123200
4311 33 1459296000
4312 2384 1382659200
4312 4612 1382659200
4312 182 1455926400
4312 467 1455926400
4312 1460 1455926400
4312 4611 1455926400
4312 682 1478908800
4313 1081 1440547200
4313 718 1444348800
4313 182 1445040000
4313 4613 1445040000
4313 493 1513728000
4314 4615 1420243200
4314 182 1438300800
4314 2241 1438300800
4314 4616 1438300800
4314 4614 1470268800
4315 1351 1326758400
4315 656 1326758400
4315 2816 1326758400
4315 391 1370131200
4315 2196 1387584000
4316 126 1386028800
4316 4459 1392940800
4316 663 1400889600
4316 59 1505865600
4316 724 1509408000
4317 59 1467072000
4317 4602 1467072000
4317 4617 1467072000
4317 2887 1485993600
4317 2550 1485993600
4318 59 1429228800
4318 3619 1429228800
4318 4618 1429228800
4318 2379 1429228800
4318 4619 1429228800
4319 534 1396224000
4319 1308 1396224000
4319 350 1396224000
4319 59 1397088000
4319 1538 1397088000
4320 59 1387929600
4320 1605 1387929600
4320 598 1387929600
4320 620 1387929600
4320 4620 1442880000
4321 283 1430092800
4321 1287 1457136000
4321 1033 1457481600
4321 898 1481155200
4321 796 1486684800
4321 1009 1488499200
4321 950 1491436800
4321 1008 1497657600
4321 83 1502755200
4321 248 1504137600
4321 577 1508284800
4321 986 1510963200
4321 936 1516233600
4321 1213 1522108800
4321 1270 1525219200
4321 340 1529020800
4322 1452 1448496000
4322 964 1508976000
4322 1213 1522454400
4322 272 1523404800
4322 1048 1529193600
4323 1220 1416441600
4323 198 1421020800
4323 498 1449619200
4323 896 1457827200
4323 266 1457827200
4323 1198 1457827200
4323 944 1459987200
4323 1045 1486339200
4323 1213 1522108800
4323 1270 1525651200
4324 197 1421280000
4324 1258 1445385600
4324 1047 1467849600
4324 297 1468108800
4324 1019 1469664000
4324 1070 1478995200
4325 922 1420243200
4325 1127 1421712000
4325 2788 1453939200
4325 3229 1486944000
4325 724 1486944000
4326 258 1393804800
4326 196 1404086400
4326 1127 1415232000
4326 1438 1419292800
4326 967 1427241600
4326 261 1445990400
4326 944 1461024000
4326 1225 1468368000
4326 309 1469491200
4326 1299 1476662400
4326 311 1498089600
4326 1143 1523404800
4327 2942 1373673600
4327 1127 1415145600
4327 283 1430438400
4327 201 1435104000
4327 906 1453334400
4327 943 1503273600
4327 1331 1506988800
4327 900 1518998400
4328 4116 1398038400
4328 44 1456099200
4328 3759 1478995200
4328 3759 1478995200
4328 4621 1496188800
4329 2407 1394409600
4329 2073 1401062400
4329 3990 1493510400
4329 129 1497398400
4329 485 1497398400
4329 1306 1510272000
4330 1517 1434931200
4330 1483 1452384000
4330 183 1458000000
4330 185 1458000000
4330 3525 1463184000
4331 2319 1510012800
4331 757 1511913600
4331 3465 1511913600
4331 3465 1511913600
4331 3465 1511913600
4331 3465 1511913600
4331 3465 1511913600
4331 3465 1511913600
4331 3465 1511913600
4331 3465 1511913600
4331 3465 1511913600
4331 3465 1511913600
4331 3465 1511913600
4331 3465 1511913600
4331 3465 1511913600
4331 3465 1511913600
4331 3465 1511913600
4331 3465 1511913600
4331 3465 1511913600
4331 3465 1511913600
4331 3465 1511913600
4331 3465 1511913600
4331 3465 1511913600
4331 3465 1511913600
4331 3465 1511913600
4331 3465 1511913600
4331 3465 1511913600
4331 3465 1511913600
4331 3465 1511913600
4331 3465 1511913600
4331 3465 1511913600
4331 3465 1511913600
4331 3465 1511913600
4331 3465 1511913600
4331 3465 1511913600
4331 3465 1511913600
4331 3465 1511913600
4331 3465 1511913600
4331 3465 1511913600
4331 3465 1511913600
4331 3465 1511913600
4331 3465 1511913600
4331 3465 1511913600
4331 3465 1511913600
4331 3465 1511913600
4331 3465 1511913600
4331 3465 1511913600
4331 3465 1511913600
4331 3465 1511913600
4331 3465 1511913600
4331 3465 1511913600
4331 3465 1511913600
4331 3465 1511913600
4331 3465 1511913600
4331 3465 1511913600
4331 3465 1511913600
4331 3465 1511913600
4331 3465 1511913600
4331 3465 1511913600
4331 3465 1511913600
4331 3465 1511913600
4331 3465 1511913600
4331 3465 1511913600
4331 3465 1511913600
4331 3465 1511913600
4331 3465 1511913600
4331 3465 1511913600
4331 3465 1511913600
4331 3465 1511913600
4331 3465 1511913600
4331 3465 1511913600
4331 3465 1511913600
4331 3465 1511913600
4331 3465 1511913600
4331 3465 1511913600
4331 3465 1511913600
4331 3465 1511913600
4331 3465 1511913600
4331 3465 1511913600
4331 3465 1511913600
4331 3465 1511913600
4331 3465 1511913600
4331 3465 1511913600
4331 3465 1511913600
4331 3465 1511913600
4331 3465 1511913600
4331 3465 1511913600
4331 3465 1511913600
4331 3465 1511913600
4331 3465 1511913600
4331 3465 1511913600
4331 3465 1511913600
4331 3465 1511913600
4331 3465 1511913600
4331 3465 1511913600
4331 3465 1511913600
4331 3465 1511913600
4331 3465 1511913600
4331 3465 1511913600
4331 3465 1511913600
4331 3465 1511913600
4331 3465 1511913600
4331 3465 1511913600
4331 3465 1511913600
4331 3465 1511913600
4331 3465 1511913600
4331 3465 1511913600
4331 3465 1511913600
4331 3465 1511913600
4331 3465 1511913600
4331 3465 1511913600
4331 3465 1511913600
4331 3465 1511913600
4331 3465 1511913600
4331 3465 1511913600
4331 3465 1511913600
4331 3465 1511913600
4331 3465 1511913600
4331 3465 1511913600
4331 3465 1511913600
4331 3465 1511913600
4331 3465 1511913600
4331 3465 1511913600
4331 3465 1511913600
4332 757 1498867200
4332 3465 1498867200
4332 3465 1498867200
4332 3465 1498867200
4332 3465 1498867200
4332 3465 1498867200
4332 3465 1498867200
4332 3465 1498867200
4332 3465 1498867200
4332 3465 1498867200
4332 3465 1498867200
4332 3465 1498867200
4332 3465 1498867200
4332 3465 1498867200
4332 3465 1498867200
4332 3465 1498867200
4332 3465 1498867200
4332 3465 1498867200
4332 3465 1498867200
4332 3465 1498867200
4332 3465 1498867200
4332 3465 1498867200
4332 3465 1498867200
4332 3465 1498867200
4332 3465 1498867200
4332 3465 1498867200
4332 3465 1498867200
4332 3465 1498867200
4332 3465 1498867200
4332 3465 1498867200
4332 3465 1498867200
4332 3465 1498867200
4332 3465 1498867200
4332 3465 1498867200
4332 3465 1498867200
4332 3465 1498867200
4332 3465 1498867200
4332 3465 1498867200
4332 3465 1498867200
4332 3465 1498867200
4332 3465 1498867200
4332 3465 1498867200
4332 3465 1498867200
4332 3465 1498867200
4332 3465 1498867200
4332 3465 1498867200
4332 3465 1498867200
4332 3465 1498867200
4332 3465 1498867200
4332 3465 1498867200
4332 3465 1498867200
4332 3465 1498867200
4332 3465 1498867200
4332 3465 1498867200
4332 3465 1498867200
4332 3465 1498867200
4332 3465 1498867200
4332 3465 1498867200
4332 3465 1498867200
4332 3465 1498867200
4332 3465 1498867200
4332 3465 1498867200
4332 3465 1498867200
4332 3465 1498867200
4332 3465 1498867200
4332 3465 1498867200
4332 3465 1498867200
4332 3465 1498867200
4332 3465 1498867200
4332 3465 1498867200
4332 3465 1498867200
4332 3465 1498867200
4332 3465 1498867200
4332 3465 1498867200
4332 3465 1498867200
4332 3465 1498867200
4332 3465 1498867200
4332 3465 1498867200
4332 3465 1498867200
4332 3465 1498867200
4332 3465 1498867200
4332 3465 1498867200
4332 3465 1498867200
4332 3465 1498867200
4332 3465 1498867200
4332 3465 1498867200
4332 3465 1498867200
4332 3465 1498867200
4332 3465 1498867200
4332 3465 1498867200
4332 3465 1498867200
4332 3465 1498867200
4332 3465 1498867200
4332 3465 1498867200
4332 3465 1498867200
4332 3465 1498867200
4332 3465 1498867200
4332 3465 1498867200
4332 3465 1498867200
4332 3465 1498867200
4332 3465 1498867200
4332 3465 1498867200
4332 3465 1498867200
4332 3465 1498867200
4332 3465 1498867200
4332 3465 1498867200
4332 3465 1498867200
4332 3465 1498867200
4332 3465 1498867200
4332 3465 1498867200
4332 3465 1498867200
4332 3465 1498867200
4332 3465 1498867200
4332 3465 1498867200
4332 3465 1498867200
4332 3465 1498867200
4332 3465 1498867200
4332 3465 1498867200
4332 3465 1498867200
4332 3465 1498867200
4332 3465 1498867200
4332 3465 1498867200
4332 1379 1498867200
4332 3465 1498867200
4333 757 1497830400
4333 3465 1497830400
4333 3465 1497830400
4333 3465 1497830400
4333 3465 1497830400
4333 3465 1497830400
4333 3465 1497830400
4333 3465 1497830400
4333 3465 1497830400
4333 3465 1497830400
4333 3465 1497830400
4333 3465 1497830400
4333 3465 1497830400
4333 3465 1497830400
4333 3465 1497830400
4333 3465 1497830400
4333 3465 1497830400
4333 3465 1497830400
4333 3465 1497830400
4333 3465 1497830400
4333 3465 1497830400
4333 3465 1497830400
4333 3465 1497830400
4333 3465 1497830400
4333 3465 1497830400
4333 3465 1497830400
4333 3465 1497830400
4333 3465 1497830400
4333 3465 1497830400
4333 3465 1497830400
4333 3465 1497830400
4333 3465 1497830400
4333 3465 1497830400
4333 3465 1497830400
4333 3465 1497830400
4333 3465 1497830400
4333 3465 1497830400
4333 3465 1497830400
4333 3465 1497830400
4333 3465 1497830400
4333 3465 1497830400
4333 3465 1497830400
4333 3465 1497830400
4333 3465 1497830400
4333 3465 1497830400
4333 3465 1497830400
4333 3465 1497830400
4333 3465 1497830400
4333 3465 1497830400
4333 3465 1497830400
4333 3465 1497830400
4333 3465 1497830400
4333 3465 1497830400
4333 3465 1497830400
4333 3465 1497830400
4333 3465 1497830400
4333 3465 1497830400
4333 3465 1497830400
4333 3465 1497830400
4333 3465 1497830400
4333 3465 1497830400
4333 3465 1497830400
4333 3465 1497830400
4333 3465 1497830400
4333 3465 1497830400
4333 3465 1497830400
4333 3465 1497830400
4333 3465 1497830400
4333 3465 1497830400
4333 3465 1497830400
4333 3465 1497830400
4333 3465 1497830400
4333 3465 1497830400
4333 3465 1497830400
4333 3465 1497830400
4333 3465 1497830400
4333 3465 1497830400
4333 3465 1497830400
4333 3465 1497830400
4333 3465 1497830400
4333 3465 1497830400
4333 3465 1497830400
4333 3465 1497830400
4333 3465 1497830400
4333 3465 1497830400
4333 3465 1497830400
4333 3465 1497830400
4333 3465 1497830400
4333 3465 1497830400
4333 3465 1497830400
4333 3465 1497830400
4333 3465 1497830400
4333 3465 1497830400
4333 3465 1497830400
4333 3465 1497830400
4333 3465 1497830400
4333 3465 1497830400
4333 3465 1497830400
4333 3465 1497830400
4333 3465 1497830400
4333 3465 1497830400
4333 3465 1497830400
4333 3465 1497830400
4333 3465 1497830400
4333 3465 1497830400
4333 3465 1497830400
4333 3465 1497830400
4333 3465 1497830400
4333 3465 1497830400
4333 3465 1497830400
4333 3465 1497830400
4333 3465 1497830400
4333 3465 1497830400
4333 3465 1497830400
4333 3465 1497830400
4333 3465 1497830400
4333 3465 1497830400
4333 3465 1497830400
4333 3465 1497830400
4333 3465 1497830400
4333 3465 1497830400
4333 3465 1497830400
4333 3465 1497830400
4334 2114 1427673600
4334 757 1476835200
4334 3465 1476835200
4334 3465 1476835200
4334 3465 1476835200
4334 3465 1476835200
4334 3465 1476835200
4334 3465 1476835200
4334 3465 1476835200
4334 3465 1476835200
4334 3465 1476835200
4334 3465 1476835200
4334 3465 1476835200
4334 3465 1476835200
4334 3465 1476835200
4334 3465 1476835200
4334 3465 1476835200
4334 3465 1476835200
4334 3465 1476835200
4334 3465 1476835200
4334 3465 1476835200
4334 3465 1476835200
4334 3465 1476835200
4334 3465 1476835200
4334 3465 1476835200
4334 3465 1476835200
4334 3465 1476835200
4334 3465 1476835200
4334 3465 1476835200
4334 3465 1476835200
4334 3465 1476835200
4334 3465 1476835200
4334 3465 1476835200
4334 3465 1476835200
4334 3465 1476835200
4334 3465 1476835200
4334 3465 1476835200
4334 3465 1476835200
4334 3465 1476835200
4334 3465 1476835200
4334 3465 1476835200
4334 3465 1476835200
4334 3465 1476835200
4334 3465 1476835200
4334 3465 1476835200
4334 3465 1476835200
4334 3465 1476835200
4334 3465 1476835200
4334 3465 1476835200
4334 3465 1476835200
4334 3465 1476835200
4334 3465 1476835200
4334 3465 1476835200
4334 3465 1476835200
4334 3465 1476835200
4334 3465 1476835200
4334 3465 1476835200
4334 3465 1476835200
4334 3465 1476835200
4334 3465 1476835200
4334 3465 1476835200
4334 3465 1476835200
4334 3465 1476835200
4334 3465 1476835200
4334 3465 1476835200
4334 3465 1476835200
4334 3465 1476835200
4334 3465 1476835200
4334 3465 1476835200
4334 3465 1476835200
4334 3465 1476835200
4334 3465 1476835200
4334 3465 1476835200
4334 3465 1476835200
4334 3465 1476835200
4334 3465 1476835200
4334 3465 1476835200
4334 3465 1476835200
4334 3465 1476835200
4334 3465 1476835200
4334 3465 1476835200
4334 3465 1476835200
4334 3465 1476835200
4334 3465 1476835200
4334 3465 1476835200
4334 3465 1476835200
4334 3465 1476835200
4334 3465 1476835200
4334 3465 1476835200
4334 3465 1476835200
4334 3465 1476835200
4334 3465 1476835200
4334 3465 1476835200
4334 3465 1476835200
4334 3465 1476835200
4334 3465 1476835200
4334 3465 1476835200
4334 3465 1476835200
4334 3465 1476835200
4334 3465 1476835200
4334 3465 1476835200
4334 3465 1476835200
4334 3465 1476835200
4334 3465 1476835200
4334 3465 1476835200
4334 3465 1476835200
4334 3465 1476835200
4334 3465 1476835200
4334 3465 1476835200
4334 3465 1476835200
4334 3465 1476835200
4334 3465 1476835200
4334 3465 1476835200
4334 3465 1476835200
4334 3465 1476835200
4334 3465 1476835200
4334 3465 1476835200
4334 3465 1476835200
4334 3465 1476835200
4334 3465 1476835200
4334 3465 1476835200
4334 3465 1476835200
4334 3465 1476835200
4334 3465 1476835200
4335 757 1471651200
4335 3465 1471651200
4335 3465 1471651200
4335 3465 1471651200
4335 3465 1471651200
4335 3465 1471651200
4335 3465 1471651200
4335 3465 1471651200
4335 3465 1471651200
4335 3465 1471651200
4335 3465 1471651200
4335 3465 1471651200
4335 3465 1471651200
4335 3465 1471651200
4335 3465 1471651200
4335 3465 1471651200
4335 3465 1471651200
4335 3465 1471651200
4335 3465 1471651200
4335 3465 1471651200
4335 3465 1471651200
4335 3465 1471651200
4335 3465 1471651200
4335 3465 1471651200
4335 3465 1471651200
4335 3465 1471651200
4335 3465 1471651200
4335 3465 1471651200
4335 3465 1471651200
4335 3465 1471651200
4335 3465 1471651200
4335 3465 1471651200
4335 3465 1471651200
4335 3465 1471651200
4335 3465 1471651200
4335 3465 1471651200
4335 3465 1471651200
4335 3465 1471651200
4335 3465 1471651200
4335 3465 1471651200
4335 3465 1471651200
4335 3465 1471651200
4335 3465 1471651200
4335 3465 1471651200
4335 3465 1471651200
4335 3465 1471651200
4335 3465 1471651200
4335 3465 1471651200
4335 3465 1471651200
4335 3465 1471651200
4335 3465 1471651200
4335 3465 1471651200
4335 3465 1471651200
4335 3465 1471651200
4335 3465 1471651200
4335 3465 1471651200
4335 3465 1471651200
4335 3465 1471651200
4335 3465 1471651200
4335 3465 1471651200
4335 3465 1471651200
4335 3465 1471651200
4335 3465 1471651200
4335 3465 1471651200
4335 3465 1471651200
4335 3465 1471651200
4335 3465 1471651200
4335 3465 1471651200
4335 3465 1471651200
4335 3465 1471651200
4335 3465 1471651200
4335 3465 1471651200
4335 3465 1471651200
4335 3465 1471651200
4335 3465 1471651200
4335 3465 1471651200
4335 3465 1471651200
4335 3465 1471651200
4335 3465 1471651200
4335 3465 1471651200
4335 3465 1471651200
4335 3465 1471651200
4335 3465 1471651200
4335 3465 1471651200
4335 3465 1471651200
4335 3465 1471651200
4335 3465 1471651200
4335 3465 1471651200
4335 3465 1471651200
4335 3465 1471651200
4335 3465 1471651200
4335 3465 1471651200
4335 3465 1471651200
4335 3465 1471651200
4335 3465 1471651200
4335 3465 1471651200
4335 3465 1471651200
4335 3465 1471651200
4335 3465 1471651200
4335 3465 1471651200
4335 3465 1471651200
4335 3465 1471651200
4335 3465 1471651200
4335 3465 1471651200
4335 3465 1471651200
4335 3465 1471651200
4335 3465 1471651200
4335 3465 1471651200
4335 3465 1471651200
4335 3465 1471651200
4335 3465 1471651200
4335 3465 1471651200
4335 3465 1471651200
4335 3465 1471651200
4335 3465 1471651200
4335 3465 1471651200
4335 3465 1471651200
4335 3465 1471651200
4335 3465 1471651200
4335 3465 1471651200
4335 3465 1471651200
4335 3465 1471651200
4335 3465 1471651200
4336 757 1419984000
4336 757 1467331200
4336 3465 1467331200
4336 3465 1467331200
4336 3465 1467331200
4336 3465 1467331200
4336 3465 1467331200
4336 3465 1467331200
4336 3465 1467331200
4336 3465 1467331200
4336 3465 1467331200
4336 3465 1467331200
4336 3465 1467331200
4336 3465 1467331200
4336 3465 1467331200
4336 3465 1467331200
4336 3465 1467331200
4336 3465 1467331200
4336 3465 1467331200
4336 3465 1467331200
4336 3465 1467331200
4336 3465 1467331200
4336 3465 1467331200
4336 3465 1467331200
4336 3465 1467331200
4336 3465 1467331200
4336 3465 1467331200
4336 3465 1467331200
4336 3465 1467331200
4336 3465 1467331200
4336 3465 1467331200
4336 3465 1467331200
4336 3465 1467331200
4336 3465 1467331200
4336 3465 1467331200
4336 3465 1467331200
4336 3465 1467331200
4336 3465 1467331200
4336 3465 1467331200
4336 3465 1467331200
4336 3465 1467331200
4336 3465 1467331200
4336 3465 1467331200
4336 3465 1467331200
4336 3465 1467331200
4336 3465 1467331200
4336 3465 1467331200
4336 3465 1467331200
4336 3465 1467331200
4336 3465 1467331200
4336 3465 1467331200
4336 3465 1467331200
4336 3465 1467331200
4336 3465 1467331200
4336 3465 1467331200
4336 3465 1467331200
4336 3465 1467331200
4336 3465 1467331200
4336 3465 1467331200
4336 3465 1467331200
4336 3465 1467331200
4336 3465 1467331200
4336 3465 1467331200
4336 3465 1467331200
4336 3465 1467331200
4336 3465 1467331200
4336 3465 1467331200
4336 3465 1467331200
4336 3465 1467331200
4336 3465 1467331200
4336 3465 1467331200
4336 3465 1467331200
4336 3465 1467331200
4336 3465 1467331200
4336 3465 1467331200
4336 3465 1467331200
4336 3465 1467331200
4336 3465 1467331200
4336 3465 1467331200
4336 3465 1467331200
4336 3465 1467331200
4336 3465 1467331200
4336 3465 1467331200
4336 3465 1467331200
4336 3465 1467331200
4336 3465 1467331200
4336 3465 1467331200
4336 3465 1467331200
4336 3465 1467331200
4336 3465 1467331200
4336 3465 1467331200
4336 3465 1467331200
4336 3465 1467331200
4336 3465 1467331200
4336 3465 1467331200
4336 3465 1467331200
4336 3465 1467331200
4336 3465 1467331200
4336 3465 1467331200
4336 3465 1467331200
4336 3465 1467331200
4336 3465 1467331200
4336 3465 1467331200
4336 3465 1467331200
4336 3465 1467331200
4336 3465 1467331200
4336 3465 1467331200
4336 3465 1467331200
4336 3465 1467331200
4336 3465 1467331200
4336 3465 1467331200
4336 3465 1467331200
4336 3465 1467331200
4336 3465 1467331200
4336 3465 1467331200
4336 3465 1467331200
4336 3465 1467331200
4336 3465 1467331200
4336 3465 1467331200
4336 3465 1467331200
4336 3465 1467331200
4336 3465 1467331200
4336 3465 1467331200
4336 3465 1467331200
4337 757 1430092800
4337 2113 1430092800
4337 2657 1477958400
4337 2924 1484179200
4337 4622 1485907200
4338 757 1374019200
4338 757 1427846400
4338 2113 1430870400
4338 2113 1430870400
4338 2703 1433289600
4338 1413 1461888000
4338 2114 1461888000
4338 1846 1461888000
4338 2924 1476144000
4339 2113 1400889600
4339 757 1403222400
4339 757 1420761600
4339 1737 1420761600
4339 1413 1421193600
4339 3665 1452124800
4339 4623 1452124800
4339 2114 1495411200
4340 757 1419206400
4340 4624 1433635200
4340 1413 1434758400
4340 2114 1434758400
4340 1379 1480809600
4341 757 1395360000
4341 3465 1395360000
4341 3465 1395360000
4341 3465 1395360000
4341 3465 1395360000
4341 3465 1395360000
4341 3465 1395360000
4341 3465 1395360000
4341 3465 1395360000
4341 3465 1395360000
4341 3465 1395360000
4341 3465 1395360000
4341 3465 1395360000
4341 3465 1395360000
4341 3465 1395360000
4341 3465 1395360000
4341 3465 1395360000
4341 3465 1395360000
4341 3465 1395360000
4341 3465 1395360000
4341 3465 1395360000
4341 3465 1395360000
4341 3465 1395360000
4341 3465 1395360000
4341 3465 1395360000
4341 3465 1395360000
4341 3465 1395360000
4341 3465 1395360000
4341 3465 1395360000
4341 3465 1395360000
4341 3465 1395360000
4341 3465 1395360000
4341 3465 1395360000
4341 3465 1395360000
4341 3465 1395360000
4341 3465 1395360000
4341 3465 1395360000
4341 3465 1395360000
4341 3465 1395360000
4341 3465 1395360000
4341 3465 1395360000
4341 3465 1395360000
4341 3465 1395360000
4341 3465 1395360000
4341 3465 1395360000
4341 3465 1395360000
4341 3465 1395360000
4341 3465 1395360000
4341 3465 1395360000
4341 3465 1395360000
4341 3465 1395360000
4341 3465 1395360000
4341 3465 1395360000
4341 3465 1395360000
4341 3465 1395360000
4341 3465 1395360000
4341 3465 1395360000
4341 3465 1395360000
4341 3465 1395360000
4341 3465 1395360000
4341 3465 1395360000
4341 3465 1395360000
4341 3465 1395360000
4341 3465 1395360000
4341 3465 1395360000
4341 3465 1395360000
4341 3465 1395360000
4341 3465 1395360000
4341 3465 1395360000
4341 3465 1395360000
4341 3465 1395360000
4341 3465 1395360000
4341 3465 1395360000
4341 3465 1395360000
4341 3465 1395360000
4341 3465 1395360000
4341 3465 1395360000
4341 3465 1395360000
4341 3465 1395360000
4341 3465 1395360000
4341 3465 1395360000
4341 3465 1395360000
4341 3465 1395360000
4341 3465 1395360000
4341 3465 1395360000
4341 3465 1395360000
4341 3465 1395360000
4341 3465 1395360000
4341 3465 1395360000
4341 3465 1395360000
4341 3465 1395360000
4341 3465 1395360000
4341 3465 1395360000
4341 3465 1395360000
4341 3465 1395360000
4341 3465 1395360000
4341 3465 1395360000
4341 3465 1395360000
4341 3465 1395360000
4341 3465 1395360000
4341 3465 1395360000
4341 3465 1395360000
4341 3465 1395360000
4341 3465 1395360000
4341 3465 1395360000
4341 3465 1395360000
4341 3465 1395360000
4341 3465 1395360000
4341 3465 1395360000
4341 3465 1395360000
4341 3465 1395360000
4341 3465 1395360000
4341 3465 1395360000
4341 3465 1395360000
4341 3465 1395360000
4341 3465 1395360000
4341 3465 1395360000
4341 3465 1395360000
4341 3465 1395360000
4341 3465 1395360000
4341 3465 1395360000
4341 3465 1395360000
4341 3465 1395360000
4342 1371 1374019200
4342 1413 1378080000
4342 2114 1378771200
4342 757 1380672000
4342 1846 1380672000
4343 757 1357689600
4343 3465 1357689600
4343 3465 1357689600
4343 3465 1357689600
4343 3465 1357689600
4343 3465 1357689600
4343 3465 1357689600
4343 3465 1357689600
4343 3465 1357689600
4343 3465 1357689600
4343 3465 1357689600
4343 3465 1357689600
4343 3465 1357689600
4343 3465 1357689600
4343 3465 1357689600
4343 3465 1357689600
4343 3465 1357689600
4343 3465 1357689600
4343 3465 1357689600
4343 3465 1357689600
4343 3465 1357689600
4343 3465 1357689600
4343 3465 1357689600
4343 3465 1357689600
4343 3465 1357689600
4343 3465 1357689600
4343 3465 1357689600
4343 3465 1357689600
4343 3465 1357689600
4343 3465 1357689600
4343 3465 1357689600
4343 3465 1357689600
4343 3465 1357689600
4343 3465 1357689600
4343 3465 1357689600
4343 3465 1357689600
4343 3465 1357689600
4343 3465 1357689600
4343 3465 1357689600
4343 3465 1357689600
4343 3465 1357689600
4343 3465 1357689600
4343 3465 1357689600
4343 3465 1357689600
4343 3465 1357689600
4343 3465 1357689600
4343 3465 1357689600
4343 3465 1357689600
4343 3465 1357689600
4343 3465 1357689600
4343 3465 1357689600
4343 3465 1357689600
4343 3465 1357689600
4343 3465 1357689600
4343 3465 1357689600
4343 3465 1357689600
4343 3465 1357689600
4343 3465 1357689600
4343 3465 1357689600
4343 3465 1357689600
4343 3465 1357689600
4343 3465 1357689600
4343 3465 1357689600
4343 3465 1357689600
4343 3465 1357689600
4343 3465 1357689600
4343 3465 1357689600
4343 3465 1357689600
4343 3465 1357689600
4343 3465 1357689600
4343 3465 1357689600
4343 3465 1357689600
4343 3465 1357689600
4343 3465 1357689600
4343 3465 1357689600
4343 3465 1357689600
4343 3465 1357689600
4343 3465 1357689600
4343 3465 1357689600
4343 3465 1357689600
4343 3465 1357689600
4343 3465 1357689600
4343 3465 1357689600
4343 3465 1357689600
4343 3465 1357689600
4343 3465 1357689600
4343 3465 1357689600
4343 3465 1357689600
4343 3465 1357689600
4343 3465 1357689600
4343 3465 1357689600
4343 3465 1357689600
4343 3465 1357689600
4343 3465 1357689600
4343 3465 1357689600
4343 3465 1357689600
4343 3465 1357689600
4343 3465 1357689600
4343 3465 1357689600
4343 3465 1357689600
4343 3465 1357689600
4343 3465 1357689600
4343 3465 1357689600
4343 3465 1357689600
4343 3465 1357689600
4343 3465 1357689600
4343 3465 1357689600
4343 3465 1357689600
4343 3465 1357689600
4343 3465 1357689600
4343 3465 1357689600
4343 3465 1357689600
4343 3465 1357689600
4343 3465 1357689600
4343 3465 1357689600
4343 3465 1357689600
4343 3465 1357689600
4343 3465 1357689600
4343 3465 1357689600
4343 3465 1357689600
4343 3465 1357689600
4343 3465 1357689600
4343 3465 1357689600
4344 992 1422748800
4344 3376 1440115200
4344 3002 1484092800
4344 3678 1484611200
4344 65 1484870400
4345 961 1404345600
4345 1281 1429920000
4345 289 1430870400
4345 1218 1443398400
4345 1072 1446249600
4345 954 1458259200
4345 1135 1466899200
4345 388 1483315200
4345 1037 1488153600
4345 946 1488326400
4345 1243 1494201600
4346 1359 1416528000
4346 1168 1431820800
4346 987 1445299200
4346 388 1450224000
4346 219 1511222400
4346 235 1526601600
4347 331 1397865600
4347 1005 1400112000
4347 1172 1430784000
4347 358 1445385600
4347 388 1450051200
4347 1078 1453161600
4347 1225 1467763200
4347 531 1476576000
4347 4625 1522195200
4347 1213 1522886400
4347 246 1526688000
4348 2680 1443484800
4348 3161 1453334400
4348 4626 1463270400
4348 363 1463270400
4348 4603 1481932800
4348 32 1481932800
4348 1309 1523577600
4349 3161 1452988800
4349 4629 1452988800
4349 1652 1462233600
4349 4627 1462233600
4349 4628 1509148800
4349 3926 1509148800
4350 4499 1412380800
4350 4631 1415491200
4350 1678 1433376000
4350 806 1433376000
4350 448 1470700800
4350 3877 1470700800
4350 2547 1470700800
4350 483 1470700800
4350 3111 1470700800
4350 4630 1470700800
4350 83 1470700800
4350 1585 1470700800
4350 2036 1470700800
4350 3520 1470700800
4351 4632 1485129600
4351 3659 1485129600
4351 187 1489190400
4351 189 1489190400
4351 2198 1489190400
4352 1588 1437177600
4352 2697 1437177600
4352 2179 1437177600
4352 191 1437177600
4352 2337 1437177600
4352 4633 1437177600
4352 2567 1465689600
4352 187 1467590400
4352 60 1470009600
4352 4590 1484438400
4353 1537 1252713600
4353 189 1381622400
4353 2365 1431388800
4353 187 1439251200
4353 4634 1439424000
4354 1628 1349568000
4354 1376 1524873600
4354 4442 1524873600
4354 718 1524873600
4354 4635 1524873600
4355 2358 1422662400
4355 4636 1422662400
4355 384 1422662400
4355 4637 1422662400
4355 3515 1467504000
4356 275 1396137600
4356 2319 1404604800
4356 2113 1410134400
4356 1846 1410134400
4356 1157 1418601600
4356 1267 1421107200
4356 958 1450051200
4356 72 1452124800
4356 1080 1457827200
4356 1379 1464825600
4356 1087 1465257600
4357 973 1483833600
4357 54 1483833600
4357 1320 1483833600
4357 3227 1483833600
4357 4638 1483833600
4357 4639 1483833600
4357 2363 1489449600
4357 493 1489449600
4357 784 1489449600
4358 2372 1417478400
4358 133 1417478400
4358 999 1417478400
4358 4641 1417478400
4358 1962 1419033600
4358 2227 1434672000
4358 63 1438387200
4358 3623 1438646400
4358 2363 1438992000
4358 1685 1450915200
4358 1394 1450915200
4358 4640 1463011200
4359 1413 1519171200
4359 1846 1519689600
4359 3465 1526515200
4359 3465 1526515200
4359 3465 1526515200
4359 3465 1526515200
4359 3465 1526515200
4359 3465 1526515200
4359 3465 1526515200
4359 3465 1526515200
4359 3465 1526515200
4359 3465 1526515200
4359 3465 1526515200
4359 3465 1526515200
4359 3465 1526515200
4359 3465 1526515200
4359 3465 1526515200
4359 3465 1526515200
4359 3465 1526515200
4359 3465 1526515200
4359 3465 1526515200
4359 3465 1526515200
4359 3465 1526515200
4359 3465 1526515200
4359 3465 1526515200
4359 3465 1526515200
4359 3465 1526515200
4359 3465 1526515200
4359 3465 1526515200
4359 3465 1526515200
4359 3465 1526515200
4359 3465 1526515200
4359 3465 1526515200
4359 3465 1526515200
4359 3465 1526515200
4359 3465 1526515200
4359 3465 1526515200
4359 3465 1526515200
4359 3465 1526515200
4359 3465 1526515200
4359 3465 1526515200
4359 3465 1526515200
4359 3465 1526515200
4359 3465 1526515200
4359 3465 1526515200
4359 3465 1526515200
4359 3465 1526515200
4359 3465 1526515200
4359 3465 1526515200
4359 3465 1526515200
4359 3465 1526515200
4359 3465 1526515200
4359 3465 1526515200
4359 3465 1526515200
4359 3465 1526515200
4359 3465 1526515200
4359 3465 1526515200
4359 3465 1526515200
4359 3465 1526515200
4359 3465 1526515200
4359 3465 1526515200
4359 3465 1526515200
4359 3465 1526515200
4359 3465 1526515200
4359 3465 1526515200
4359 3465 1526515200
4359 3465 1526515200
4359 3465 1526515200
4359 3465 1526515200
4359 3465 1526515200
4359 3465 1526515200
4359 3465 1526515200
4359 3465 1526515200
4359 3465 1526515200
4359 3465 1526515200
4359 3465 1526515200
4359 3465 1526515200
4359 3465 1526515200
4359 3465 1526515200
4359 3465 1526515200
4359 3465 1526515200
4359 3465 1526515200
4359 3465 1526515200
4359 3465 1526515200
4359 3465 1526515200
4359 3465 1526515200
4359 3465 1526515200
4359 3465 1526515200
4359 3465 1526515200
4359 3465 1526515200
4359 3465 1526515200
4359 3465 1526515200
4359 3465 1526515200
4359 3465 1526515200
4359 3465 1526515200
4359 3465 1526515200
4359 3465 1526515200
4359 3465 1526515200
4359 3465 1526515200
4359 3465 1526515200
4359 3465 1526515200
4359 3465 1526515200
4359 3465 1526515200
4359 3465 1526515200
4359 3465 1526515200
4359 3465 1526515200
4359 3465 1526515200
4359 3465 1526515200
4359 3465 1526515200
4359 3465 1526515200
4359 3465 1526515200
4359 3465 1526515200
4359 3465 1526515200
4359 3465 1526515200
4359 3465 1526515200
4359 3465 1526515200
4359 3465 1526515200
4359 3465 1526515200
4359 3465 1526515200
4359 3465 1526515200
4359 3465 1526515200
4359 3465 1526515200
4359 3465 1526515200
4359 757 1526515200
4359 3465 1526515200
4360 218 1310169600
4360 1416 1310169600
4360 2689 1316304000
4360 4642 1343520000
4360 241 1351728000
4360 3651 1357862400
4361 1814 1428624000
4361 1440 1472860800
4361 3544 1482537600
4361 2269 1482537600
4361 4643 1482537600
4361 4149 1482537600
4361 4150 1482537600
4362 2691 1354060800
4362 3368 1354060800
4362 628 1354060800
4362 2368 1425254400
4362 4644 1425254400
4363 2878 1456358400
4363 840 1456358400
4363 1322 1456358400
4363 1971 1456358400
4363 889 1456358400
4364 1360 1438300800
4364 1196 1447718400
4364 498 1450828800
4364 1820 1456185600
4364 3019 1466380800
4364 3019 1466380800
4364 270 1467849600
4364 1062 1490227200
4364 943 1496620800
4364 302 1499731200
4364 1257 1503964800
4364 1087 1508803200
4364 1330 1525824000
4364 668 1526256000
4365 577 1487635200
4365 302 1496102400
4365 1197 1498780800
4365 1003 1499644800
4365 1239 1502841600
4365 335 1517097600
4366 1267 1421712000
4366 527 1443571200
4366 905 1470528000
4366 1171 1473811200
4366 917 1485993600
4366 1151 1492819200
4366 302 1494892800
4366 1378 1513987200
4366 1332 1518739200
4367 1153 1414886400
4367 1069 1419033600
4367 219 1425168000
4367 940 1430265600
4367 998 1493596800
4367 302 1494115200
4367 1144 1530230400
4368 897 1431648000
4368 1230 1431648000
4368 307 1469664000
4368 1195 1488585600
4368 302 1493942400
4368 311 1497657600
4368 1212 1520035200
4368 1194 1523059200
4368 668 1524873600
4368 235 1525996800
4369 302 1493596800
4369 311 1498003200
4369 39 1501632000
4369 1144 1534118400
4369 953 1536796800
4370 939 1456185600
4370 1311 1456876800
4370 255 1468454400
4370 1163 1477699200
4370 1009 1480636800
4370 1107 1484352000
4370 1229 1490227200
4370 1231 1490227200
4370 302 1493251200
4370 577 1503360000
4370 248 1504051200
4370 938 1511481600
4370 282 1512172800
4370 1313 1512691200
4371 1605 1365033600
4371 115 1367884800
4371 966 1415318400
4371 1078 1453852800
4371 934 1467763200
4371 997 1469577600
4371 1393 1491609600
4371 907 1491868800
4371 1036 1491868800
4371 302 1492819200
4371 226 1502755200
4371 947 1520467200
4372 338 1478563200
4372 577 1481500800
4372 1290 1486166400
4372 998 1488758400
4372 302 1492732800
4372 1102 1500336000
4372 326 1502409600
4372 1056 1502409600
4372 1071 1502668800
4372 1115 1513036800
4372 1194 1523318400
4372 22 1525651200
4372 1138 1525824000
4372 1128 1525996800
4373 347 1475798400
4373 1109 1485820800
4373 302 1488067200
4373 1229 1491696000
4373 1231 1491696000
4373 335 1497657600
4373 311 1497657600
4373 226 1498262400
4373 311 1498262400
4373 270 1504137600
4373 1177 1515888000
4373 782 1525132800
4374 493 1508803200
4374 303 1515283200
4374 1243 1515283200
4374 4170 1515283200
4374 1029 1523664000
4375 1031 1467504000
4375 267 1475366400
4375 1038 1478217600
4375 1045 1488153600
4375 1428 1491782400
4375 303 1495324800
4376 1069 1419379200
4376 281 1430524800
4376 1241 1437609600
4376 1224 1489449600
4376 303 1494892800
4377 275 1398902400
4377 331 1398902400
4377 292 1430870400
4377 1115 1513209600
4377 282 1515456000
4378 1070 1479168000
4378 983 1493510400
4378 1063 1493510400
4378 1256 1509148800
4378 1115 1513036800
4378 1094 1525996800
4379 921 1415059200
4379 1158 1416614400
4379 1277 1455753600
4379 944 1460505600
4379 905 1469923200
4379 1202 1474502400
4379 1113 1485820800
4379 3767 1494460800
4379 311 1497830400
4379 39 1497916800
4379 1115 1513036800
4379 1029 1525305600
4379 1144 1531699200
4380 1185 1412899200
4380 356 1431216000
4380 1111 1446163200
4380 1098 1447718400
4380 170 1457568000
4380 1284 1458345600
4380 366 1458345600
4380 368 1468886400
4380 27 1475625600
4380 169 1482451200
4380 1107 1484784000
4380 1239 1485388800
4380 998 1488412800
4380 824 1496102400
4380 226 1497657600
4380 39 1497657600
4380 311 1498608000
4380 986 1511222400
4380 1115 1512518400
4381 3635 1442793600
4381 188 1442793600
4381 1588 1442793600
4381 2697 1442793600
4381 476 1523923200
4382 4142 1476144000
4382 919 1476144000
4382 3702 1519084800
4382 1403 1519084800
4382 915 1519084800
4382 4645 1519084800
4383 4142 1432857600
4383 4646 1432857600
4383 4647 1432857600
4383 4648 1432857600
4383 4649 1432857600
4384 2267 1456876800
4384 3595 1457395200
4384 1605 1477353600
4384 598 1495756800
4384 620 1495756800
4384 4650 1525046400
4385 3421 1397952000
4385 4651 1400630400
4385 2267 1404172800
4385 3835 1422748800
4385 51 1429228800
4385 4648 1441756800
4386 3025 1419984000
4386 4652 1419984000
4386 19 1420675200
4386 1130 1466985600
4386 3611 1474416000
4387 218 1526342400
4387 575 1526342400
4387 217 1526342400
4387 128 1526342400
4387 1540 1526342400
4388 1456 1486684800
4388 1456 1498003200
4388 512 1498003200
4388 3049 1498003200
4388 2957 1498003200
4389 241 1370044800
4389 2251 1370044800
4389 219 1370044800
4389 3730 1453248000
4389 1128 1453248000
4389 1259 1457827200
4389 4653 1475452800
4389 4654 1525219200
4390 793 1418947200
4390 476 1418947200
4390 476 1418947200
4390 529 1418947200
4390 476 1429488000
4390 2407 1436745600
4391 966 1415145600
4391 960 1423526400
4391 292 1432339200
4391 1098 1445385600
4391 903 1447113600
4391 917 1485820800
4391 1191 1491609600
4391 1334 1502150400
4391 326 1502582400
4391 1071 1503619200
4391 1075 1507852800
4391 282 1513123200
4391 1194 1522454400
4391 1128 1527033600
4391 1144 1530316800
4391 1048 1532476800
4391 33 1537056000
4392 1045 1486512000
4392 788 1486512000
4392 243 1486684800
4392 226 1498780800
4392 938 1510963200
4392 1108 1511568000
4392 668 1524441600
4392 1128 1526947200
4392 1259 1528416000
4393 897 1430956800
4393 1230 1430956800
4393 45 1445644800
4393 769 1449619200
4393 917 1485561600
4393 1334 1501977600
4393 3408 1512864000
4393 1138 1526688000
4393 1128 1526774400
4394 1462 1480118400
4394 2251 1508025600
4394 1128 1525219200
4394 56 1525219200
4394 2547 1525219200
4394 2342 1525219200
4395 4655 1520035200
4395 1128 1520726400
4395 33 1520726400
4395 617 1520726400
4395 2866 1520726400
4396 1259 1497312000
4396 33 1497312000
4396 1128 1497398400
4396 4656 1497398400
4396 30 1525996800
4396 4654 1525996800
4396 4653 1525996800
4397 1128 1482364800
4397 2820 1482364800
4397 4657 1482364800
4397 4658 1482364800
4397 611 1506297600
4398 1128 1432252800
4398 1128 1434412800
4398 1128 1442966400
4398 219 1479168000
4398 220 1479168000
4399 1128 1400544000
4399 1128 1404950400
4399 1128 1441584000
4399 1060 1441584000
4399 4659 1441584000
4399 788 1509235200
4399 463 1509235200
4399 33 1509235200
4400 4660 1375228800
4400 1128 1434672000
4400 950 1434672000
4400 4663 1434672000
4400 4664 1434672000
4400 1128 1437350400
4400 4661 1449014400
4400 119 1499299200
4400 120 1499299200
4400 4662 1508976000
4401 1128 1430870400
4401 2909 1439683200
4401 219 1441065600
4401 241 1443657600
4401 1138 1454457600
4402 1128 1430006400
4402 1991 1430870400
4402 4665 1440201600
4402 2576 1452643200
4402 4666 1520553600
4403 126 1496361600
4403 4667 1503187200
4403 2154 1503187200
4403 2155 1503187200
4403 861 1503446400
4403 783 1503446400
4403 2183 1503446400
4403 851 1503446400
4404 593 1424563200
4404 3393 1432080000
4404 3871 1472515200
4404 1534 1500768000
4404 4668 1500768000
4405 529 1387152000
4405 4669 1404864000
4405 476 1404864000
4405 476 1404864000
4405 476 1404864000
4405 4670 1404864000
4405 476 1405728000
4405 476 1410912000
4405 476 1410912000
4405 4310 1457308800
4406 4510 1432166400
4406 4671 1440979200
4406 184 1490140800
4406 3905 1500076800
4406 1467 1523836800
4407 744 1464998400
4407 392 1516838400
4407 1915 1516838400
4407 2023 1516838400
4407 3758 1516838400
4408 1915 1459296000
4408 2014 1502582400
4408 392 1503100800
4408 1991 1513209600
4408 2181 1519257600
4409 3608 1406073600
4409 50 1459814400
4409 1869 1463788800
4409 499 1465689600
4409 1467 1489363200
4409 2516 1525219200
4410 1702 1388793600
4410 1702 1388793600
4410 863 1457222400
4410 392 1466553600
4410 4407 1528934400
4411 565 1353196800
4411 1467 1425340800
4411 4672 1425340800
4411 3009 1425340800
4411 117 1429056000
4412 3396 1459209600
4412 392 1459296000
4412 4674 1484784000
4412 4673 1510444800
4412 518 1519776000
4413 94 1410134400
4413 392 1458000000
4413 334 1490572800
4413 1179 1491436800
4413 139 1507852800
4413 485 1516406400
4413 1098 1516406400
4414 599 1452988800
4414 4676 1452988800
4414 4677 1452988800
4414 392 1454630400
4414 1915 1454630400
4414 4675 1486339200
4414 77 1506384000
4414 4667 1516406400
4415 4678 1403654400
4415 50 1423785600
4415 440 1443830400
4415 392 1451606400
4415 440 1451606400
4416 392 1433635200
4416 1022 1479168000
4416 1024 1482537600
4416 3258 1510790400
4416 1441 1514160000
4417 325 1475452800
4417 1009 1482192000
4417 90 1493251200
4417 91 1493251200
4417 1285 1494979200
4417 1133 1498435200
4417 226 1499040000
4417 1008 1503446400
4417 1029 1525996800
4417 953 1533859200
4418 16 1491955200
4418 376 1494892800
4418 4679 1494892800
4418 4414 1494892800
4418 4680 1497744000
4419 120 1463011200
4419 2305 1479945600
4419 613 1479945600
4419 376 1487808000
4419 2258 1494115200
4420 3361 1503532800
4420 2566 1503532800
4420 4222 1503532800
4420 521 1507248000
4420 1699 1507248000
4420 3367 1507248000
4420 3362 1507248000
4421 1482 1420243200
4421 658 1421539200
4421 4559 1436572800
4421 996 1436572800
4421 4560 1436572800
4422 658 1415232000
4422 3608 1415232000
4422 3986 1415232000
4422 4681 1415232000
4422 2758 1415232000
4423 476 1388966400
4423 476 1401667200
4423 529 1401667200
4423 521 1445817600
4423 516 1452124800
4423 4682 1452729600
4423 3112 1452729600
4423 555 1455494400
4423 1483 1455494400
4424 500 1367798400
4424 521 1433289600
4424 3276 1449014400
4424 3990 1462406400
4424 746 1523318400
4425 658 1359072000
4425 4683 1397779200
4425 2155 1443744000
4425 2360 1446854400
4425 2344 1526515200
4426 2157 1436832000
4426 4331 1436832000
4426 3832 1436832000
4426 4684 1436832000
4426 420 1495584000
4427 1120 1378252800
4427 256 1393027200
4427 1043 1401494400
4427 915 1410480000
4427 1168 1431043200
4427 1073 1444435200
4427 1352 1445299200
4427 1188 1474502400
4427 1003 1482105600
4427 171 1485561600
4427 1151 1492387200
4427 1334 1502668800
4427 909 1504569600
4428 256 1391731200
4428 333 1393372800
4428 988 1397865600
4428 349 1399939200
4428 353 1399939200
4428 1153 1417478400
4428 1168 1431907200
4429 256 1391040000
4429 76 1415664000
4429 1189 1423008000
4429 499 1429056000
4429 247 1431475200
4429 1407 1433548800
4429 1061 1443484800
4429 295 1445558400
4429 1287 1457049600
4429 367 1457827200
4429 997 1468972800
4429 311 1498780800
4429 1096 1525824000
4430 863 1377302400
4430 596 1405036800
4430 4115 1445299200
4430 605 1445299200
4430 862 1445299200
4430 4685 1445299200
4430 2852 1464048000
4430 3245 1466899200
4430 1327 1475020800
4430 594 1489363200
4430 425 1489363200
4430 1029 1523318400
4431 2305 1478217600
4431 594 1488326400
4431 603 1488326400
4431 604 1488326400
4431 2852 1488326400
4432 121 1455148800
4432 594 1463961600
4432 4659 1463961600
4432 2614 1463961600
4432 549 1470873600
4433 1100 1431129600
4433 115 1431302400
4433 594 1431993600
4433 607 1432684800
4433 595 1438646400
4433 3177 1438646400
4433 2604 1458259200
4433 119 1479600000
4433 3175 1498003200
4433 4686 1501372800
4434 594 1399852800
4434 597 1399852800
4434 1605 1399852800
4434 606 1399852800
4434 556 1399852800
4434 3013 1399852800
4434 613 1399852800
4434 2603 1399852800
4434 602 1418342400
4435 594 1373328000
4435 4356 1373328000
4435 605 1373328000
4435 597 1376179200
4435 602 1376179200
4435 597 1392422400
4435 2386 1434412800
4435 2299 1470787200
4435 1320 1478476800
4435 1696 1490140800
4435 4687 1501804800
4436 4688 1486684800
4436 862 1486684800
4436 1327 1486684800
4436 4317 1486684800
4436 4568 1486684800
4437 1441 1353888000
4437 4689 1449187200
4437 4688 1456963200
4437 115 1458172800
4437 3743 1522972800
4438 597 1358726400
4438 4690 1362009600
4438 605 1362009600
4438 606 1366588800
4438 1711 1416787200
4439 602 1383004800
4439 596 1388275200
4439 4422 1471392000
4439 484 1471392000
4439 595 1477699200
4439 1682 1477699200
4439 4691 1481587200
4439 222 1484265600
4439 2273 1495065600
4439 4692 1498435200
4439 4693 1505433600
4440 4690 1468368000
4440 2851 1468368000
4440 3899 1468368000
4440 2852 1468368000
4440 2251 1492041600
4441 4690 1465257600
4441 3175 1465257600
4441 4115 1465257600
4441 2851 1465257600
4441 2852 1465257600
4442 595 1379203200
4442 596 1411430400
4442 1606 1418256000
4442 3504 1445644800
4442 119 1507248000
4442 120 1507248000
4443 4690 1401840000
4443 2305 1401840000
4443 3899 1401840000
4443 4694 1419206400
4443 4695 1428105600
4443 4696 1489449600
4443 606 1528243200
4444 115 1524182400
4444 606 1524182400
4444 119 1524182400
4444 1606 1524182400
4444 605 1524182400
4444 2851 1524182400
4444 3899 1524182400
4444 2852 1524182400
4444 624 1524182400
4444 1393 1524182400
4444 121 1524182400
4445 115 1524096000
4445 598 1524096000
4445 620 1524096000
4445 120 1524096000
4445 4697 1524096000
4446 115 1522022400
4446 606 1522022400
4446 2633 1522022400
4446 120 1522022400
4446 3241 1522022400
4446 3175 1522022400
4446 624 1522022400
4446 121 1522022400
4447 2234 1458604800
4447 3189 1458604800
4447 115 1503446400
4447 2614 1503446400
4447 2065 1511913600
4448 768 1381622400
4448 1075 1414540800
4448 4698 1414540800
4448 115 1497312000
4448 3175 1497312000
4449 596 1476144000
4449 3177 1476144000
4449 115 1492387200
4449 598 1524441600
4449 620 1524441600
4450 115 1489622400
4450 605 1489622400
4450 3225 1489622400
4450 624 1489622400
4450 1685 1489622400
4450 2614 1489622400
4450 1191 1489622400
4451 1605 1377388800
4451 598 1377388800
4451 602 1377388800
4451 620 1377388800
4451 3175 1505520000
4452 3175 1486684800
4452 3203 1486684800
4452 121 1486684800
4452 3550 1486684800
4452 4699 1486684800
4453 4239 1451433600
4453 3175 1485302400
4453 4700 1485302400
4453 2282 1512950400
4453 2234 1512950400
4453 3758 1512950400
4454 2305 1514937600
4454 1637 1514937600
4454 3219 1514937600
4454 1296 1514937600
4454 2689 1514937600
4454 3220 1514937600
4455 50 1330732800
4455 598 1409616000
4455 620 1409616000
4455 597 1411344000
4455 607 1411344000
4455 606 1429315200
4455 1605 1431993600
4455 2604 1443571200
4455 115 1463875200
4456 476 1465344000
4456 529 1465344000
4456 648 1487721600
4456 2407 1489536000
4456 4670 1489536000
4456 2305 1492992000
4457 4702 1431475200
4457 4701 1435449600
4457 2700 1435449600
4457 1605 1464134400
4457 598 1464134400
4457 620 1464134400
4457 2305 1474070400
4457 1116 1500336000
4458 2243 1429228800
4458 3362 1429228800
4458 2887 1434844800
4458 3179 1435968000
4458 1306 1440201600
4459 115 1397174400
4459 598 1397174400
4459 602 1397174400
4459 620 1397174400
4459 613 1435276800
4460 384 1432080000
4460 2379 1436745600
4460 1004 1443052800
4460 790 1443830400
4460 2926 1448582400
4460 2305 1450137600
4460 3177 1458432000
4461 384 1327881600
4461 612 1423612800
4461 2305 1431302400
4461 1605 1437350400
4461 598 1437350400
4461 620 1437350400
4461 2783 1437350400
4461 624 1453075200
4461 4177 1457308800
4461 4703 1457308800
4461 1320 1461801600
4461 120 1461801600
4461 3225 1461801600
4461 849 1461801600
4461 3227 1461801600
4462 1570 1397606400
4462 2305 1412380800
4462 597 1412380800
4462 4115 1412812800
4462 557 1412812800
4462 882 1412812800
4462 1571 1412812800
4462 3598 1412812800
4462 3899 1458518400
4463 2305 1411776000
4463 597 1411776000
4463 598 1411776000
4463 602 1411776000
4463 620 1411776000
4464 596 1510704000
4464 1606 1510704000
4464 4115 1510704000
4464 1394 1510704000
4464 3047 1510704000
4465 606 1340582400
4465 598 1357516800
4465 620 1357516800
4465 597 1359849600
4465 862 1359849600
4466 3887 1366675200
4466 2305 1379808000
4466 4704 1406419200
4466 613 1435017600
4466 2407 1435017600
4466 3676 1481846400
4467 1363 1458518400
4467 596 1470614400
4467 598 1470614400
4467 620 1470614400
4467 4705 1478390400
4468 596 1465257600
4468 1606 1465257600
4468 4329 1465257600
4468 3225 1465257600
4468 624 1504828800
4468 3177 1504828800
4469 1605 1363824000
4469 598 1363824000
4469 620 1363824000
4469 612 1394668800
4469 4706 1421798400
4469 4707 1422403200
4470 1605 1339804800
4470 598 1339804800
4470 605 1339804800
4470 620 1339804800
4470 606 1354147200
4471 596 1409097600
4471 603 1409097600
4471 613 1409097600
4471 950 1417737600
4471 597 1420243200
4472 747 1506729600
4472 1646 1506729600
4472 746 1506729600
4472 1605 1518912000
4472 4708 1518912000
4473 597 1496361600
4473 1605 1496361600
4473 598 1496361600
4473 4115 1496361600
4473 863 1496361600
4473 620 1496361600
4473 3047 1496361600
4474 1605 1479081600
4474 598 1479081600
4474 3899 1479081600
4474 863 1479081600
4474 620 1479081600
4475 4375 1374796800
4475 830 1447027200
4475 597 1464048000
4475 4709 1467331200
4475 1514 1521936000
4476 3598 1435104000
4476 2759 1482364800
4476 598 1497744000
4476 620 1497744000
4476 863 1525824000
4477 602 1423094400
4477 1473 1426636800
4477 598 1452988800
4477 620 1452988800
4477 1605 1453075200
4478 1605 1449100800
4478 598 1449100800
4478 598 1449100800
4478 620 1449100800
4478 620 1449100800
4479 1605 1425168000
4479 1605 1426032000
4479 1605 1428019200
4479 598 1428019200
4479 620 1428019200
4480 1605 1424649600
4480 1605 1424649600
4480 1605 1424649600
4480 598 1424649600
4480 598 1424649600
4480 620 1424649600
4480 620 1424649600
4481 597 1393545600
4481 605 1393545600
4481 3899 1393545600
4481 597 1396656000
4481 39 1412467200
4482 1605 1414972800
4482 598 1414972800
4482 620 1414972800
4482 476 1426291200
4482 476 1426291200
4482 1633 1426291200
4482 860 1426291200
4482 529 1426291200
4483 598 1461283200
4483 620 1461283200
4483 119 1512950400
4483 4710 1512950400
4483 4418 1512950400
4484 1238 1413763200
4484 972 1419984000
4484 148 1459209600
4484 1425 1491264000
4484 1151 1493337600
4485 219 1426291200
4485 940 1431475200
4485 219 1439683200
4485 220 1439683200
4485 1187 1464134400
4485 245 1467072000
4485 1204 1492473600
4485 1151 1492646400
4485 1331 1528761600
4486 951 1430179200
4486 895 1467417600
4486 1299 1475798400
4486 1204 1488758400
4486 1224 1489536000
4486 1151 1492387200
4486 83 1502841600
4487 171 1485388800
4487 788 1485561600
4487 1246 1488585600
4487 1204 1489449600
4487 1151 1492300800
4487 982 1493769600
4487 226 1498089600
4487 311 1498089600
4487 1186 1514764800
4487 1177 1516838400
4487 246 1525219200
4487 1076 1533686400
4487 1404 1533686400
4488 951 1430697600
4488 318 1444089600
4488 542 1467676800
4488 1216 1482624000
4488 1250 1483142400
4488 1215 1489536000
4488 998 1489536000
4488 1151 1491955200
4488 933 1491955200
4488 907 1492300800
4489 243 1397433600
4489 3949 1409788800
4489 3229 1417737600
4489 4711 1429401600
4489 4713 1429401600
4489 3787 1493424000
4489 4714 1493424000
4489 4712 1496102400
4489 4418 1523836800
4490 4264 1333152000
4490 4665 1368576000
4490 162 1373846400
4490 2837 1387152000
4490 4252 1387152000
4490 166 1394409600
4490 4715 1436140800
4491 982 1497830400
4491 1919 1518652800
4491 174 1523491200
4491 22 1524614400
4491 1259 1526342400
4491 953 1531785600
4492 3373 1482883200
4492 3526 1499731200
4492 2783 1499731200
4492 4633 1499731200
4492 22 1509667200
4492 4716 1509667200
4493 2641 1383350400
4493 3006 1383350400
4493 4717 1383350400
4493 3627 1383350400
4493 507 1420070400
4493 2644 1420070400
4494 1043 1360281600
4494 4718 1363305600
4494 1463 1365811200
4494 188 1381536000
4494 3048 1381708800
4494 4113 1409097600
4494 812 1409097600
4494 2758 1417910400
4494 4428 1530835200
4495 840 1463443200
4495 546 1463443200
4495 783 1463443200
4495 794 1463443200
4495 3551 1464134400
4496 105 1352851200
4496 1067 1373328000
4496 346 1406678400
4496 74 1410220800
4496 75 1410393600
4496 922 1420329600
4497 105 1352937600
4497 1067 1371945600
4497 199 1414800000
4497 1438 1418774400
4497 1407 1434153600
4497 952 1450569600
4498 840 1454889600
4498 2360 1454889600
4498 791 1454889600
4498 783 1454889600
4498 364 1454889600
4498 549 1463529600
4499 840 1433894400
4499 56 1433894400
4499 1971 1433894400
4499 4719 1433894400
4499 546 1482451200
4499 1877 1482451200
4500 840 1423785600
4500 2360 1424649600
4500 1970 1424649600
4500 4501 1441152000
4500 724 1465516800
4501 915 1410134400
4501 1247 1414800000
4501 1088 1430524800
4501 969 1443225600
4501 362 1445558400
4501 1055 1465430400
4501 373 1466899200
4501 257 1467417600
4501 1112 1467417600
4501 268 1469145600
4501 899 1489363200
4501 243 1491436800
4501 39 1498953600
4501 311 1499212800
4501 83 1507161600
4502 949 1374105600
4502 2038 1391990400
4502 1307 1397952000
4502 973 1401235200
4502 1161 1408492800
4502 1302 1415923200
4502 65 1417824000
4502 802 1419552000
4502 4720 1419811200
4502 683 1440460800
4502 1080 1458259200
4502 1199 1458259200
4502 257 1467331200
4502 998 1488499200
4502 1428 1488931200
4502 1102 1498089600
4502 753 1503964800
4502 894 1504828800
4502 1260 1533427200
4503 523 1284768000
4503 626 1466985600
4503 1475 1504224000
4503 4721 1504224000
4503 4722 1509580800
4504 523 1462492800
4504 4436 1463702400
4504 4723 1463702400
4504 189 1504224000
4504 427 1526601600
4504 492 1526601600
4504 2619 1526601600
4505 1078 1453680000
4505 240 1465689600
4505 169 1482969600
4505 1224 1489104000
4505 311 1498867200
4506 169 1482624000
4506 902 1484524800
4506 796 1484697600
4506 946 1487548800
4506 1391 1492560000
4507 1220 1415664000
4507 508 1449878400
4507 906 1452816000
4507 1183 1466294400
4507 268 1467158400
4507 270 1468281600
4507 1984 1469318400
4507 1356 1479081600
4507 169 1482624000
4507 1060 1485302400
4507 946 1487203200
4507 950 1491350400
4507 39 1498348800
4507 1333 1502064000
4508 139 1359936000
4508 1639 1367539200
4508 3383 1367539200
4508 3388 1367539200
4508 4228 1424390400
4508 4724 1470700800
4509 2055 1437004800
4509 652 1437004800
4509 166 1463011200
4509 129 1468108800
4509 485 1529625600
4510 2204 1435017600
4510 128 1438128000
4510 3412 1438128000
4510 28 1439942400
4510 2006 1459987200
4510 1306 1459987200
4510 4705 1459987200
4510 4725 1459987200
4510 2740 1461628800
4511 2006 1431216000
4511 3553 1431216000
4511 347 1431216000
4511 3595 1431216000
4511 1441 1431216000
4511 4171 1431216000
4511 28 1431216000
4511 3723 1431216000
4511 29 1431216000
4512 1441 1358121600
4512 4504 1358121600
4512 4170 1386633600
4512 28 1390003200
4512 2006 1422748800
4512 4726 1472515200
4513 356 1429833600
4513 1152 1452384000
4513 1055 1464307200
4513 373 1466208000
4513 1101 1473033600
4513 985 1502928000
4513 672 1503014400
4514 1120 1377475200
4514 1043 1401235200
4514 1157 1418947200
4514 1159 1421625600
4514 1073 1444953600
4514 1179 1445644800
4514 1152 1452211200
4514 1017 1457913600
4514 943 1498348800
4515 1414 1438905600
4515 3411 1438905600
4515 2391 1444348800
4515 2190 1450051200
4515 440 1481500800
4516 1989 1407110400
4516 467 1438646400
4516 1006 1438646400
4516 3916 1444608000
4516 721 1474848000
4517 384 1416787200
4517 4727 1422403200
4517 50 1471651200
4517 4728 1505606400
4517 4729 1525996800
4518 476 1441152000
4518 476 1441152000
4518 50 1467158400
4518 1549 1492560000
4518 3963 1492560000
4519 528 1395100800
4519 973 1403049600
4519 350 1404604800
4519 346 1407024000
4519 1247 1415059200
4519 1190 1415923200
4519 292 1428796800
4519 1131 1430870400
4519 1441 1434153600
4519 68 1437091200
4519 527 1443225600
4519 308 1443225600
4519 1434 1444694400
4519 825 1444867200
4519 1111 1445558400
4519 1179 1447632000
4519 312 1448150400
4519 1136 1449100800
4519 894 1450396800
4519 366 1458000000
4519 1304 1459900800
4519 1206 1460332800
4519 1357 1460419200
4519 351 1467763200
4519 532 1468713600
4519 998 1491091200
4519 968 1494979200
4519 326 1504915200
4520 1434 1444348800
4520 319 1444348800
4520 1082 1445212800
4520 270 1470614400
4520 1104 1473120000
4521 274 1419033600
4521 1360 1436486400
4521 1434 1443571200
4521 360 1443571200
4521 946 1492819200
4522 1434 1443484800
4522 358 1445904000
4522 1173 1450137600
4522 905 1469145600
4522 898 1482364800
4522 1037 1489104000
4522 943 1496707200
4523 1086 1391817600
4523 348 1405555200
4523 1274 1438041600
4523 1434 1442534400
4523 229 1445212800
4523 1253 1485648000
4524 2942 1375920000
4524 1085 1392681600
4524 333 1395187200
4524 1131 1432080000
4524 1168 1434844800
4524 1434 1442534400
4524 347 1442966400
4524 73 1445558400
4524 229 1450051200
4524 1272 1458000000
4524 1049 1464652800
4524 1379 1464825600
4524 1087 1465084800
4524 1132 1466294400
4524 307 1471996800
4524 309 1471996800
4524 959 1475539200
4524 1398 1494460800
4524 1119 1494806400
4524 1093 1500768000
4524 1092 1509321600
4524 1261 1511827200
4524 950 1513555200
4524 1393 1513728000
4524 896 1526169600
4524 1038 1526169600
4525 1068 1379289600
4525 1155 1393718400
4525 1153 1415836800
4525 1434 1442448000
4525 1023 1473811200
4525 39 1500249600
4525 1259 1527552000
4525 323 1527552000
4526 2013 1435881600
4526 50 1458000000
4526 2059 1458000000
4526 812 1483574400
4526 493 1525996800
4527 132 1373068800
4527 599 1401840000
4527 4730 1434844800
4527 3543 1443312000
4527 50 1451174400
4528 50 1448409600
4528 1869 1472515200
4528 1336 1482969600
4528 4470 1482969600
4528 4731 1498694400
4529 3548 1343174400
4529 50 1372896000
4529 51 1392595200
4529 1549 1439596800
4529 162 1476489600
4530 50 1316736000
4530 4732 1370563200
4530 1658 1370563200
4530 4733 1393891200
4530 334 1510704000
4531 1632 1453420800
4531 1616 1456790400
4531 858 1478390400
4531 1626 1491436800
4531 2259 1498348800
4531 383 1505952000
4532 1139 1485388800
4532 1239 1486425600
4532 1425 1489881600
4532 1245 1492905600
4532 982 1492992000
4532 311 1497312000
4532 1331 1501632000
4532 1300 1501804800
4533 352 1403136000
4533 243 1485302400
4533 1239 1485388800
4533 1397 1489795200
4533 1245 1492560000
4534 1460 1337299200
4534 3224 1394582400
4534 790 1410307200
4534 4736 1411603200
4534 4735 1412035200
4534 4737 1412035200
4534 4734 1412121600
4534 1485 1518134400
4535 1911 1408579200
4535 2117 1451865600
4535 3185 1486598400
4535 2133 1486598400
4535 136 1490140800
4535 783 1496793600
4536 1537 1511654400
4536 191 1511654400
4536 4034 1518048000
4536 4035 1518048000
4536 3905 1519430400
4536 508 1519430400
4536 4738 1519430400
4537 2219 1410134400
4537 3272 1410134400
4537 4739 1410134400
4537 1537 1437696000
4537 3345 1448582400
4538 1537 1403481600
4538 129 1435449600
4538 3703 1435449600
4538 1820 1435449600
4538 1647 1435449600
4538 4300 1435449600
4538 2836 1435449600
4539 1537 1402099200
4539 476 1402099200
4539 476 1402099200
4539 476 1402099200
4539 476 1402099200
4539 529 1402099200
4539 529 1402099200
4539 648 1402099200
4539 185 1517961600
4540 1537 1395878400
4540 129 1418169600
4540 3028 1487376000
4540 1856 1487376000
4540 282 1514246400
4541 476 1388188800
4541 476 1388188800
4541 476 1388188800
4541 476 1388188800
4541 476 1388188800
4541 4740 1388188800
4541 529 1388188800
4541 476 1393891200
4541 476 1393891200
4541 2736 1393891200
4541 476 1406505600
4541 476 1406678400
4541 476 1410566400
4541 476 1410566400
4541 476 1417305600
4541 529 1417305600
4541 476 1424736000
4541 476 1424736000
4541 476 1435017600
4541 476 1458518400
4541 2939 1467331200
4542 382 1452729600
4542 2939 1453334400
4542 294 1453334400
4542 961 1453334400
4542 1846 1454889600
4543 2779 1413072000
4543 4306 1424217600
4543 3365 1424217600
4543 4741 1424563200
4543 4742 1424563200
4544 4140 1444953600
4544 420 1453680000
4544 768 1453680000
4544 3939 1461888000
4544 554 1471737600
4545 652 1404345600
4545 157 1440806400
4545 420 1448064000
4545 4743 1462147200
4545 1199 1472083200
4545 1253 1519084800
4545 171 1519084800
4545 1195 1519084800
4546 26 1373068800
4546 420 1414108800
4546 2680 1432857600
4546 133 1443484800
4546 603 1482451200
4546 604 1482451200
4546 4686 1482451200
4547 189 1423872000
4547 1819 1431043200
4547 2448 1440633600
4547 1646 1491177600
4547 744 1525392000
4548 2697 1400544000
4548 191 1410048000
4548 791 1410048000
4548 188 1438214400
4548 2194 1458691200
4548 2821 1483574400
4549 1474 1421798400
4549 2697 1454630400
4549 1697 1465084800
4549 260 1473811200
4549 134 1473811200
4549 3525 1477526400
4549 706 1483747200
4550 2697 1442448000
4550 476 1465776000
4550 476 1465776000
4550 580 1473638400
4550 858 1525305600
4551 1823 1465257600
4551 788 1518912000
4551 189 1525305600
4551 862 1525305600
4551 2852 1525305600
4552 2179 1445472000
4552 2531 1445472000
4552 4744 1448841600
4552 4745 1448841600
4552 1911 1475539200
4553 3636 1413849600
4553 1098 1413849600
4553 94 1413849600
4553 616 1413849600
4553 3634 1413849600
4554 1118 1416355200
4554 972 1418169600
4554 1159 1420848000
4554 942 1445126400
4554 987 1445212800
4554 297 1468108800
4554 619 1486425600
4554 968 1498694400
4555 972 1418860800
4555 824 1446681600
4555 670 1465862400
4555 1091 1487116800
4555 1087 1509926400
4555 901 1511395200
4555 938 1511395200
4555 219 1515196800
4555 1166 1532044800
4556 1044 1399248000
4556 1247 1415318400
4556 972 1418601600
4556 1112 1467072000
4556 1984 1470787200
4556 1253 1486684800
4556 788 1486684800
4556 80 1491955200
4556 39 1499644800
4556 311 1499644800
4556 668 1523923200
4557 915 1409961600
4557 972 1418256000
4557 931 1423180800
4557 290 1430956800
4557 315 1444867200
4557 365 1459814400
4557 1083 1461110400
4558 245 1433116800
4558 3286 1433721600
4558 1201 1491782400
4558 2926 1491782400
4558 4746 1491782400
4558 975 1491782400
4559 203 1415836800
4559 1201 1417651200
4559 715 1421280000
4559 1407 1433894400
4559 1003 1484956800
4559 83 1503360000
4560 1220 1415232000
4560 1201 1416182400
4560 1059 1417392000
4560 290 1430956800
4560 45 1446854400
4560 140 1447977600
4560 932 1454371200
4560 1047 1467417600
4560 901 1515888000
4560 1259 1530576000
4561 1201 1415923200
4561 1267 1421452800
4561 1052 1458432000
4561 148 1458864000
4561 368 1469059200
4561 1405 1526947200
4562 1201 1415836800
4562 198 1421193600
4562 1088 1431388800
4562 1360 1437264000
4562 1378 1515715200
4563 2835 1442880000
4563 790 1442880000
4563 550 1442880000
4563 166 1461542400
4563 4316 1475020800
4563 4747 1475020800
4563 2628 1482364800
4563 324 1494720000
4564 1413 1375142400
4564 1787 1425427200
4564 1846 1425427200
4564 3345 1466812800
4564 3947 1503705600
4565 4305 1413244800
4565 2600 1440115200
4565 1847 1440115200
4565 4748 1444176000
4565 4748 1444176000
4566 786 1419292800
4566 3163 1481068800
4566 3513 1481068800
4566 3115 1481932800
4566 1197 1511740800
4566 3164 1511740800
4566 4368 1511740800
4566 1491 1511740800
4566 4749 1527033600
4567 26 1340236800
4567 2263 1363132800
4567 1583 1473120000
4567 3163 1476403200
4567 11 1488240000
4567 2628 1505865600
4567 2474 1529452800
4568 3164 1381881600
4568 356 1431734400
4568 1072 1445644800
4568 365 1459555200
4568 148 1459728000
4569 4750 1443571200
4569 4751 1454976000
4569 3521 1464566400
4569 2023 1464566400
4569 3758 1464566400
4570 968 1492992000
4570 998 1493683200
4570 824 1495238400
4570 311 1497830400
4570 226 1500336000
4571 1153 1414800000
4571 670 1466035200
4571 796 1482624000
4571 1008 1484265600
4571 226 1499731200
4571 1305 1517616000
4571 323 1525996800
4572 1153 1415059200
4572 1054 1441584000
4572 1012 1469577600
4572 363 1469577600
4572 371 1471996800
4572 1250 1484697600
4572 243 1485907200
4572 955 1487289600
4572 226 1499299200
4572 226 1499299200
4573 76 1415491200
4573 1441 1433721600
4573 343 1443830400
4573 334 1445644800
4573 512 1445644800
4573 930 1447113600
4573 1098 1450656000
4573 532 1467849600
4573 1112 1467849600
4573 373 1467849600
4573 1225 1468627200
4573 270 1470441600
4573 271 1470441600
4573 255 1470441600
4573 226 1498953600
4573 1145 1501804800
4573 335 1515024000
4573 1048 1531958400
4574 318 1444089600
4574 1202 1475280000
4574 896 1478044800
4574 226 1498953600
4574 782 1524700800
4575 1238 1412985600
4575 296 1415059200
4575 1462 1433808000
4575 1017 1459296000
4575 1357 1461110400
4575 907 1491436800
4575 226 1498867200
4575 84 1509840000
4575 1232 1527379200
4576 341 1482278400
4576 1282 1497484800
4576 226 1498694400
4576 335 1498694400
4576 39 1503878400
4576 1296 1528761600
4577 1034 1487376000
4577 983 1492560000
4577 226 1498694400
4577 1145 1502755200
4577 335 1514592000
4577 1116 1526428800
4577 1144 1531267200
4577 953 1534291200
4578 1281 1429747200
4578 243 1485993600
4578 226 1498435200
4578 335 1498435200
4578 1071 1502668800
4578 1293 1519776000
4578 342 1524355200
4578 1260 1531958400
4579 959 1475625600
4579 337 1475625600
4579 998 1488672000
4579 226 1498089600
4579 311 1498089600
4579 668 1523836800
4580 1146 1445904000
4580 1173 1450396800
4580 563 1459468800
4580 519 1464480000
4580 1019 1468454400
4580 226 1497916800
4580 39 1498435200
4580 1102 1498608000
4581 921 1414540800
4581 966 1414972800
4581 1098 1447200000
4581 1130 1457049600
4581 1301 1457568000
4581 1099 1458172800
4581 899 1485993600
4581 226 1497916800
4581 39 1497916800
4581 1145 1501545600
4581 910 1507680000
4581 1075 1507939200
4581 1212 1519776000
4581 239 1523491200
4581 1422 1523491200
4581 1095 1524614400
4582 28 1432598400
4582 4752 1432598400
4582 46 1440720000
4582 135 1441929600
4582 226 1448841600
4583 226 1426636800
4583 2059 1453593600
4583 3960 1453593600
4583 3074 1453593600
4583 1380 1453680000
4584 3411 1359504000
4584 226 1360281600
4584 1590 1405382400
4584 4754 1406246400
4584 4753 1408752000
4584 3187 1424217600
4584 45 1447286400
4584 2268 1447459200
4585 3827 1455062400
4585 2558 1480032000
4585 1797 1495843200
4585 4570 1499040000
4585 3241 1499040000
4585 2534 1502236800
4586 4755 1414368000
4586 1553 1431129600
4586 493 1494115200
4586 133 1494115200
4586 2094 1515283200
4586 1137 1519344000
4587 607 1509148800
4587 1463 1509148800
4587 529 1509148800
4587 1697 1509148800
4587 476 1517270400
4587 723 1517270400
4587 950 1517270400
4588 786 1476230400
4588 476 1480636800
4588 529 1480636800
4588 3982 1480636800
4588 1953 1485129600
4589 529 1375142400
4589 1633 1378339200
4589 723 1379721600
4589 476 1411948800
4589 4756 1441584000
4589 476 1471478400
4590 476 1468454400
4590 476 1468454400
4590 773 1468454400
4590 476 1471046400
4590 836 1490054400
4590 807 1490054400
4590 4496 1490054400
4591 476 1469750400
4591 476 1469750400
4591 476 1469750400
4591 476 1469750400
4591 476 1469750400
4592 476 1469404800
4592 476 1469404800
4592 476 1469404800
4592 476 1469404800
4592 2736 1469404800
4593 476 1468972800
4593 2736 1468972800
4593 4758 1473724800
4593 4759 1473724800
4593 3695 1473724800
4593 4760 1473724800
4593 4757 1530576000
4594 476 1373500800
4594 476 1419984000
4594 476 1429056000
4594 476 1429056000
4594 476 1429056000
4594 529 1432598400
4594 835 1432598400
4594 476 1462060800
4595 476 1396828800
4595 529 1396828800
4595 476 1414281600
4595 476 1460332800
4595 2736 1460332800
4596 129 1390348800
4596 476 1455926400
4596 723 1455926400
4596 791 1455926400
4596 772 1455926400
4597 1633 1421020800
4597 476 1434326400
4597 4670 1434326400
4597 529 1434326400
4597 476 1436745600
4597 476 1442793600
4597 476 1454716800
4597 476 1454716800
4597 476 1454716800
4597 476 1454716800
4597 476 1454716800
4598 476 1423612800
4598 476 1453939200
4598 165 1457654400
4598 4740 1463702400
4598 4348 1508457600
4598 758 1510099200
4599 476 1452816000
4599 476 1452816000
4599 476 1452816000
4599 476 1452816000
4599 476 1452816000
4599 4670 1452816000
4600 476 1449273600
4600 476 1449273600
4600 476 1449273600
4600 476 1449273600
4600 476 1449273600
4600 476 1449273600
4600 476 1449273600
4600 476 1449273600
4600 476 1449273600
4600 476 1449273600
4601 476 1448409600
4601 476 1448409600
4601 476 1448409600
4601 476 1448409600
4601 529 1448409600
4602 476 1443484800
4602 4484 1443484800
4602 4409 1443484800
4602 4485 1443484800
4602 4761 1443484800
4603 476 1424044800
4603 476 1424044800
4603 529 1430092800
4603 476 1437350400
4603 476 1441584000
4603 476 1441584000
4603 2464 1441584000
4604 133 1398816000
4604 476 1435536000
4604 476 1435968000
4604 4762 1485648000
4604 781 1529798400
4605 723 1409184000
4605 476 1428710400
4605 3404 1429833600
4605 476 1434326400
4605 476 1434326400
4606 476 1428796800
4606 476 1428796800
4606 476 1428796800
4606 476 1428796800
4606 476 1428796800
4606 476 1428796800
4606 476 1428796800
4606 1633 1428796800
4606 4740 1428796800
4607 476 1428710400
4607 476 1428710400
4607 476 1428710400
4607 476 1428710400
4607 4740 1428710400
4607 529 1428710400
4608 476 1394582400
4608 2736 1394582400
4608 476 1394755200
4608 529 1417910400
4608 476 1426291200
4608 476 1427155200
4609 476 1426118400
4609 529 1426118400
4609 648 1426118400
4609 3683 1488844800
4609 2603 1488844800
4610 476 1402012800
4610 529 1402012800
4610 476 1405123200
4610 476 1405123200
4610 476 1405468800
4610 476 1423008000
4611 476 1421193600
4611 476 1421193600
4611 476 1421193600
4611 476 1421193600
4611 476 1421193600
4611 476 1421193600
4611 1633 1421193600
4611 529 1421193600
4612 529 1388707200
4612 476 1411344000
4612 476 1411344000
4612 529 1411344000
4612 476 1419984000
4612 476 1419984000
4613 476 1418169600
4613 476 1418169600
4613 476 1418169600
4613 846 1418169600
4613 529 1418169600
4613 529 1418169600
4614 529 1410220800
4614 476 1414627200
4614 529 1414627200
4614 476 1414972800
4614 476 1417996800
4615 3997 1387065600
4615 476 1415750400
4615 476 1415750400
4615 476 1415750400
4615 529 1415750400
4615 2867 1415750400
4615 3676 1418774400
4616 476 1410998400
4616 476 1410998400
4616 4740 1410998400
4616 529 1410998400
4616 529 1417305600
4617 600 1377734400
4617 608 1379894400
4617 1531 1379894400
4617 2260 1379894400
4617 476 1400630400
4617 476 1400630400
4617 1589 1400630400
4617 529 1400630400
4617 648 1400630400
4617 4763 1400630400
4617 476 1409097600
4617 3982 1409097600
4618 476 1401321600
4618 476 1407715200
4618 529 1408406400
4618 292 1470960000
4618 795 1485302400
4619 2867 1398211200
4619 476 1404172800
4619 648 1404172800
4619 476 1407369600
4619 65 1420934400
4620 476 1407196800
4620 476 1407196800
4620 4058 1437955200
4620 3097 1437955200
4620 3097 1437955200
4620 4764 1449792000
4620 1071 1507161600
4620 1300 1507161600
4621 476 1403136000
4621 476 1403136000
4621 476 1403136000
4621 476 1405641600
4621 529 1412294400
4622 529 1399161600
4622 476 1404604800
4622 476 1404604800
4622 4765 1431129600
4622 4766 1431129600
4623 2679 1389139200
4623 648 1401667200
4623 476 1402358400
4623 529 1402358400
4623 4670 1468368000
4624 476 1399766400
4624 476 1399766400
4624 476 1399766400
4624 476 1399766400
4624 3545 1399766400
4625 4767 1340841600
4625 476 1397779200
4625 803 1452902400
4625 3400 1518652800
4625 1412 1525219200
4626 476 1397606400
4626 476 1397606400
4626 529 1397606400
4626 119 1437091200
4626 120 1437091200
4627 4740 1386979200
4627 529 1386979200
4627 476 1395360000
4627 476 1395360000
4627 476 1395360000
4628 476 1381795200
4628 476 1381795200
4628 476 1381795200
4628 529 1381795200
4628 476 1390867200
4628 476 1394841600
4629 476 1394668800
4629 476 1394668800
4629 476 1394668800
4629 476 1394668800
4629 4670 1394668800
4630 476 1393286400
4630 476 1393286400
4630 476 1393286400
4630 476 1393286400
4630 529 1393286400
4631 476 1386288000
4631 1339 1458777600
4631 1345 1458777600
4631 1346 1458777600
4631 1347 1458777600
4631 2016 1458950400
4631 4768 1458950400
4631 2946 1458950400
4632 476 1386028800
4632 4740 1399680000
4632 2339 1419206400
4632 529 1423353600
4632 3119 1448064000
4633 476 1373587200
4633 4670 1373587200
4633 4441 1376438400
4633 529 1376438400
4633 476 1383782400
4634 476 1383091200
4634 476 1383091200
4634 4740 1383091200
4634 529 1383091200
4634 2736 1383091200
4634 4670 1383523200
4634 529 1383523200
4635 4770 1348790400
4635 2603 1459641600
4635 120 1459641600
4635 4686 1459641600
4635 4769 1481414400
4635 1036 1500595200
4636 3383 1372550400
4636 4353 1443916800
4636 3659 1469232000
4636 3660 1469232000
4636 4771 1523664000
4637 26 1444867200
4637 888 1444867200
4637 4772 1454976000
4637 617 1454976000
4637 2779 1471910400
4637 4603 1503100800
4637 4306 1529625600
4637 30 1529625600
4637 1138 1529625600
4637 3414 1529625600
4637 82 1529625600
4638 4773 1375488000
4638 4774 1418860800
4638 26 1439078400
4638 1894 1519516800
4638 2983 1524009600
4639 26 1362268800
4639 1474 1365638400
4639 4775 1372377600
4639 355 1437955200
4639 3624 1532390400
4640 4778 1510876800
4640 3601 1512604800
4640 1473 1512691200
4640 4776 1512777600
4640 905 1512777600
4640 4777 1513123200
4640 51 1522281600
4641 4181 1488240000
4641 51 1492387200
4641 2181 1504483200
4641 4357 1504483200
4641 3670 1504483200
4642 3472 1419552000
4642 2950 1419552000
4642 1869 1419552000
4642 51 1456704000
4642 1489 1456704000
4643 1321 1359590400
4643 3400 1359590400
4643 146 1436313600
4643 28 1436313600
4643 28 1442880000
4644 2950 1422057600
4644 2016 1437696000
4644 1549 1445904000
4644 150 1466899200
4644 4779 1480723200
4644 3548 1488844800
4645 2522 1482451200
4645 2861 1489795200
4645 1013 1489795200
4645 1037 1494201600
4645 498 1494201600
4646 294 1445731200
4646 1314 1447372800
4646 769 1449619200
4646 1147 1459123200
4646 1171 1472774400
4646 27 1475452800
4646 337 1475452800
4646 1037 1488931200
4646 944 1501545600
4646 668 1523750400
4647 1085 1389916800
4647 1357 1460073600
4647 978 1463356800
4647 1037 1483056000
4647 917 1485907200
4647 2513 1490227200
4647 968 1490313600
4647 1075 1507680000
4647 340 1528934400
4648 1037 1474070400
4648 512 1477008000
4648 861 1493078400
4648 72 1512518400
4648 3277 1512518400
4648 3606 1517529600
4648 1175 1518480000
4649 769 1428537600
4649 930 1428537600
4649 1037 1431043200
4649 511 1436832000
4649 2208 1436832000
4649 1619 1445472000
4649 4425 1529107200
4650 1682 1375401600
4650 1037 1396569600
4650 1162 1468713600
4650 607 1472860800
4650 592 1481068800
4650 1697 1506988800
4651 1807 1315180800
4651 296 1415059200
4651 715 1418256000
4651 942 1445385600
4651 1098 1447804800
4651 1223 1450742400
4651 1299 1476835200
4651 313 1490572800
4651 1100 1492560000
4651 1186 1512604800
4652 2008 1368403200
4652 1819 1414713600
4652 1820 1454716800
4652 1911 1454716800
4652 1197 1454803200
4653 1412 1378512000
4653 440 1384300800
4653 2666 1394496000
4653 4780 1394496000
4653 1547 1394496000
4653 1663 1408579200
4653 1211 1458604800
4654 208 1448323200
4654 4571 1448323200
4654 4781 1448323200
4654 4012 1448323200
4654 4782 1448323200
4654 1911 1451174400
4655 1149 1458086400
4655 367 1458086400
4655 365 1461283200
4655 979 1483228800
4655 272 1523577600
4655 1048 1530576000
4656 1005 1398729600
4656 1267 1421107200
4656 1053 1440288000
4656 1072 1445040000
4656 348 1449014400
4656 1112 1466467200
4656 895 1467331200
4656 1105 1468368000
4656 904 1472774400
4656 902 1483142400
4656 243 1485216000
4656 1246 1488758400
4656 977 1510790400
4656 272 1523404800
4657 961 1403568000
4657 65 1418169600
4657 1203 1433635200
4657 272 1523145600
4657 1048 1529280000
4658 1414 1488672000
4658 4783 1517961600
4658 4784 1517961600
4658 1363 1518912000
4658 4329 1528502400
4658 926 1528502400
4659 66 1415318400
4659 76 1416960000
4659 357 1422403200
4659 292 1429833600
4659 1414 1446422400
4659 312 1446422400
4660 1414 1367625600
4660 4785 1367625600
4660 3858 1369008000
4660 162 1395964800
4660 606 1401494400
4660 607 1401494400
4660 114 1401494400
4660 1851 1437868800
4661 4786 1349308800
4661 4173 1364947200
4661 4787 1474070400
4661 4788 1474070400
4661 1278 1494115200
4662 1847 1384387200
4662 166 1469664000
4662 4122 1469664000
4662 606 1469664000
4662 1197 1505865600
4663 3021 1335830400
4663 4077 1474243200
4663 955 1486771200
4663 1091 1487721600
4663 1229 1494892800
4663 1231 1494892800
4663 672 1505520000
4663 242 1525651200
4663 937 1525651200
4663 33 1530835200
4664 3021 1329782400
4664 600 1446940800
4664 2368 1446940800
4664 599 1451088000
4664 1589 1451088000
4664 2925 1451088000
4664 4789 1451088000
4665 105 1356480000
4665 861 1419724800
4665 198 1420934400
4665 940 1431907200
4665 308 1443139200
4665 1388 1449014400
4665 1141 1452211200
4665 330 1456012800
4665 1014 1464048000
4665 485 1464048000
4665 1171 1475798400
4665 1664 1481760000
4666 45 1445385600
4666 1078 1453680000
4666 330 1455148800
4666 1199 1458691200
4666 1083 1460419200
4667 2218 1391990400
4667 199 1415577600
4667 969 1444176000
4667 330 1455148800
4667 1080 1459468800
4667 563 1462147200
4667 904 1473638400
4667 667 1518912000
4667 175 1525132800
4668 352 1400976000
4668 1276 1415145600
4668 292 1428364800
4668 330 1453680000
4668 1199 1459296000
4668 1171 1475193600
4668 27 1476316800
4668 1428 1490140800
4668 1145 1501545600
4669 527 1445126400
4669 330 1453507200
4669 1355 1463356800
4669 898 1483574400
4669 1079 1515974400
4670 1215 1499385600
4670 234 1499385600
4670 930 1499385600
4670 45 1499385600
4670 508 1500595200
4671 1290 1485216000
4671 1215 1488326400
4671 1204 1488931200
4671 1246 1489536000
4671 83 1502841600
4671 1066 1526688000
4671 1315 1526860800
4671 953 1531872000
4672 4790 1380672000
4672 471 1380672000
4672 2016 1387584000
4672 4791 1390262400
4672 4166 1391212800
4672 3592 1391212800
4672 1609 1400976000
4672 3223 1459209600
4673 3440 1453161600
4673 2648 1468195200
4673 1085 1487376000
4673 4194 1500336000
4673 267 1512432000
4674 3434 1191888000
4674 4792 1191888000
4674 534 1403049600
4674 1484 1442448000
4674 1277 1456185600
4674 1426 1487635200
4675 1361 1424217600
4675 1819 1465430400
4675 2783 1467244800
4675 3599 1511481600
4675 549 1517356800
4675 1697 1521590400
4676 2379 1441152000
4676 769 1472774400
4676 508 1472774400
4676 67 1479772800
4676 334 1494979200
4676 549 1496793600
4677 549 1486598400
4677 1720 1493769600
4677 4793 1493769600
4677 2950 1494547200
4677 82 1494547200
4677 1137 1498867200
4677 1549 1507507200
4677 4794 1508025600
4677 2601 1518739200
4677 2292 1518825600
4677 3519 1522540800
4678 2648 1400457600
4678 210 1413331200
4678 4796 1413331200
4678 4795 1423958400
4678 678 1455235200
4678 1026 1455235200
4678 4231 1465603200
4678 549 1482278400
4679 549 1480464000
4679 1427 1480464000
4679 1291 1480464000
4679 4797 1480464000
4679 4798 1480464000
4680 440 1460764800
4680 3713 1461628800
4680 4799 1461628800
4680 4800 1461628800
4680 549 1465689600
4681 2730 1517184000
4681 1101 1517184000
4681 2848 1520467200
4681 2530 1520467200
4681 2850 1520467200
4682 2848 1518220800
4682 1131 1518220800
4682 2850 1518220800
4682 825 1519948800
4682 1717 1519948800
4682 4801 1519948800
4682 2843 1520640000
4683 450 1484179200
4683 706 1497744000
4683 1441 1505347200
4683 711 1505347200
4683 3674 1509580800
4684 4802 1389225600
4684 4803 1389225600
4684 4804 1389225600
4684 4805 1389225600
4684 2140 1396656000
4684 706 1480118400
4685 1521 1455667200
4685 1630 1455667200
4685 474 1455667200
4685 186 1455667200
4685 4806 1520812800
4685 713 1534291200
4686 4808 1423267200
4686 3229 1424736000
4686 4809 1436745600
4686 4807 1458604800
4686 4810 1466812800
4687 1358 1415404800
4687 310 1423094400
4687 68 1434499200
4687 148 1460592000
4687 81 1460592000
4687 1012 1470182400
4687 363 1470787200
4687 796 1481414400
4687 248 1497830400
4687 39 1498348800
4687 1181 1498348800
4687 964 1506211200
4687 335 1515542400
4687 1194 1523232000
4688 964 1414972800
4688 830 1414972800
4688 538 1414972800
4688 538 1414972800
4688 538 1414972800
4688 538 1414972800
4688 538 1414972800
4689 4811 1519862400
4689 1363 1519862400
4689 2395 1519862400
4689 2333 1519862400
4689 4812 1519862400
4690 2333 1421712000
4690 1363 1421712000
4690 4813 1421712000
4690 4783 1421712000
4690 4592 1421712000
4690 4814 1421712000
4691 4815 1411430400
4691 809 1449187200
4691 410 1449187200
4691 711 1449187200
4691 4816 1524787200
4692 809 1466380800
4692 3547 1466380800
4692 3255 1466380800
4692 811 1466380800
4692 1911 1474761600
4693 1098 1452816000
4693 723 1483660800
4693 825 1510876800
4693 544 1515628800
4693 4817 1515628800
4694 1111 1449360000
4694 1098 1449360000
4694 1179 1449360000
4694 1226 1487462400
4694 998 1496793600
4695 1280 1401235200
4695 1237 1415318400
4695 966 1415491200
4695 1111 1447977600
4695 901 1512000000
4695 242 1524268800
4696 1086 1389139200
4696 1044 1398297600
4696 1010 1415491200
4696 1098 1449187200
4696 1309 1460592000
4696 270 1470873600
4697 940 1429660800
4697 318 1444608000
4697 1098 1447632000
4697 1334 1501891200
4697 84 1509494400
4698 2942 1372118400
4698 1068 1375660800
4698 1161 1408406400
4698 1098 1445644800
4698 1141 1448496000
4698 958 1449273600
4698 321 1451520000
4698 1310 1467936000
4698 1212 1521072000
4699 1042 1431475200
4699 791 1431475200
4699 1877 1431475200
4699 3499 1431475200
4699 2387 1500076800
4700 2263 1510099200
4700 2035 1510099200
4700 4818 1510099200
4700 3956 1510099200
4700 2181 1518912000
4701 2263 1451260800
4701 2023 1487548800
4701 4819 1489017600
4701 689 1521072000
4701 4820 1521072000
4701 616 1530489600
4702 2263 1406419200
4702 3722 1408060800
4702 1468 1410825600
4702 384 1417824000
4702 2473 1417824000
4703 2755 1415750400
4703 1253 1415750400
4703 243 1415750400
4703 31 1415750400
4703 1060 1441152000
4704 263 1408060800
4704 966 1414972800
4704 1099 1457827200
4704 1243 1494460800
4704 667 1518048000
4705 1068 1373932800
4705 65 1418774400
4705 2328 1430352000
4705 903 1447286400
4705 1207 1447459200
4705 348 1448323200
4705 1223 1449187200
4705 1225 1468108800
4706 534 1403568000
4706 65 1418169600
4706 14 1455753600
4706 1122 1483228800
4706 1428 1489017600
4707 1732 1432598400
4707 1375 1453161600
4707 1116 1461283200
4707 4302 1475193600
4707 4821 1515369600
4708 816 1462406400
4708 467 1482883200
4708 223 1482883200
4708 4822 1482883200
4708 1511 1482883200
4709 1085 1389225600
4709 1236 1390003200
4709 919 1410998400
4709 294 1445472000
4709 1149 1457740800
4709 2202 1473033600
4709 1137 1474934400
4710 1236 1394755200
4710 361 1438732800
4710 202 1438732800
4710 982 1493856000
4710 953 1536192000
4711 1068 1376092800
4711 1236 1394323200
4711 338 1479081600
4711 335 1498176000
4711 667 1519689600
4711 1116 1528243200
4712 2134 1475366400
4712 4824 1475366400
4712 3008 1475452800
4712 4825 1475452800
4712 4823 1477526400
4713 600 1361836800
4713 625 1364342400
4713 243 1396310400
4713 1990 1458950400
4713 184 1458950400
4714 715 1419292800
4714 244 1429228800
4714 1295 1430956800
4714 1381 1436832000
4714 304 1445558400
4714 358 1445990400
4714 1014 1462233600
4714 311 1500249600
4715 1114 1417996800
4715 1185 1417996800
4715 1059 1417996800
4715 4826 1419292800
4715 692 1474243200
4716 1042 1463788800
4716 1547 1463788800
4716 2241 1463788800
4716 3801 1463788800
4716 2417 1463788800
4716 4827 1463788800
4716 692 1468022400
4716 1343 1487462400
4717 1211 1358812800
4717 2621 1361836800
4717 307 1362009600
4717 566 1364860800
4717 3296 1386201600
4717 3378 1403222400
4717 1025 1405814400
4717 233 1410480000
4717 2020 1417478400
4717 692 1417910400
4717 3792 1418774400
4718 848 1387152000
4718 3590 1411516800
4718 2560 1411516800
4718 105 1411516800
4718 2251 1412467200
4719 219 1454025600
4719 220 1454025600
4719 2909 1457395200
4719 106 1481846400
4719 190 1485907200
4720 2686 1441411200
4720 4828 1442188800
4720 1690 1478044800
4720 3183 1478044800
4720 4829 1478044800
4720 4437 1478822400
4720 3738 1501027200
4721 528 1392768000
4721 3451 1424563200
4721 1407 1433548800
4721 273 1448064000
4721 4587 1464307200
4721 373 1466208000
4721 1398 1479340800
4721 1175 1485216000
4721 955 1485648000
4721 1145 1501286400
4721 1313 1513296000
4721 1332 1516060800
4721 668 1524441600
4721 22 1527033600
4721 1404 1532822400
4722 599 1350691200
4722 3368 1350691200
4722 628 1375142400
4722 625 1447891200
4722 4830 1485216000
4723 1531 1466467200
4723 830 1478044800
4723 599 1519084800
4723 4101 1519084800
4723 600 1519084800
4724 484 1481932800
4724 830 1482969600
4724 2118 1482969600
4724 1853 1482969600
4724 599 1493424000
4725 1589 1438992000
4725 625 1438992000
4725 626 1438992000
4725 599 1455840000
4725 2915 1455840000
4725 2260 1455840000
4725 623 1489363200
4725 4831 1489363200
4725 4832 1489363200
4726 599 1397692800
4726 608 1416873600
4726 599 1440201600
4726 2915 1440201600
4726 4833 1489449600
4727 600 1378252800
4727 599 1381622400
4727 2915 1396224000
4727 556 1396483200
4727 2116 1400284800
4727 3013 1400284800
4727 602 1403481600
4727 599 1423353600
4727 600 1435968000
4728 599 1406246400
4728 600 1406246400
4728 340 1406246400
4728 2916 1406246400
4728 2260 1406246400
4729 599 1399075200
4729 1589 1399075200
4729 2915 1399075200
4729 1531 1399075200
4729 340 1399075200
4730 599 1398729600
4730 1589 1398729600
4730 830 1398729600
4730 2915 1398729600
4730 782 1427241600
4731 599 1389225600
4731 600 1389225600
4731 1589 1389225600
4731 3219 1473897600
4731 4834 1503878400
4732 599 1384732800
4732 3368 1384732800
4732 1531 1412640000
4732 3594 1458518400
4732 618 1464220800
4733 4115 1365552000
4733 599 1383004800
4733 1531 1383004800
4733 2260 1383004800
4733 1589 1465948800
4733 625 1465948800
4734 600 1515369600
4734 1648 1515369600
4734 4178 1515369600
4734 4832 1515369600
4734 4835 1515369600
4735 600 1447632000
4735 608 1447632000
4735 1531 1447632000
4735 3368 1447632000
4735 4836 1447632000
4735 340 1447632000
4736 600 1447027200
4736 1589 1447027200
4736 2368 1447027200
4736 4837 1447027200
4736 4053 1447027200
4737 4838 1422489600
4737 2272 1454457600
4737 794 1454457600
4737 812 1456963200
4737 1877 1456963200
4737 4839 1477267200
4737 4840 1477267200
4738 4698 1399507200
4738 973 1404864000
4738 4841 1407801600
4738 1662 1433376000
4738 3126 1442620800
4738 606 1470873600
4739 625 1455580800
4739 2260 1455580800
4739 1531 1456790400
4739 1589 1471132800
4739 1589 1472601600
4739 608 1477180800
4740 1589 1400198400
4740 340 1400198400
4740 2916 1400198400
4740 2260 1400198400
4740 2118 1423958400
4740 4842 1457308800
4741 605 1344384000
4741 1659 1435968000
4741 4780 1435968000
4741 4843 1435968000
4741 4292 1435968000
4742 2085 1491177600
4742 2626 1491177600
4742 1894 1491177600
4742 191 1491177600
4742 234 1491177600
4742 39 1491177600
4742 1881 1491177600
4743 2216 1396569600
4743 570 1497052800
4743 346 1497052800
4743 95 1500163200
4743 2979 1512000000
4744 1750 1423526400
4744 361 1439510400
4744 266 1457740800
4744 998 1491696000
4744 667 1521417600
4744 1212 1522886400
4745 1153 1415750400
4745 1281 1429833600
4745 290 1430956800
4745 219 1438300800
4745 220 1438300800
4745 906 1452643200
4745 1186 1513296000
4745 667 1520726400
4745 938 1526860800
4745 1048 1532217600
4746 1052 1458000000
4746 81 1461024000
4746 1461 1464566400
4746 270 1468108800
4746 1140 1472428800
4746 667 1519257600
4747 307 1471651200
4747 1122 1484179200
4747 82 1488585600
4747 39 1505260800
4747 936 1517011200
4747 667 1519257600
4747 1422 1528588800
4748 1321 1314835200
4748 1913 1314835200
4748 2434 1314835200
4748 3400 1314835200
4748 618 1314835200
4748 2392 1314921600
4749 3673 1420502400
4749 735 1457395200
4749 4302 1458864000
4749 4845 1460332800
4749 4844 1461110400
4749 1913 1463097600
4749 618 1463097600
4750 3722 1403740800
4750 157 1430179200
4750 1913 1430697600
4750 652 1430697600
4750 374 1474070400
4751 1819 1467676800
4751 1361 1473552000
4751 2679 1476144000
4751 167 1507852800
4751 1943 1514678400
4752 2679 1406160000
4752 618 1406160000
4752 618 1427760000
4752 1704 1445904000
4752 4594 1498521600
4753 2291 1428019200
4753 3084 1428019200
4753 1911 1428019200
4753 479 1428019200
4753 3505 1428019200
4754 2384 1404259200
4754 3115 1404259200
4754 2307 1439424000
4754 4846 1439424000
4754 3938 1494547200
4754 821 1500508800
4755 4285 1438387200
4755 1869 1468713600
4755 1632 1473120000
4755 2570 1473120000
4755 4227 1473120000
4756 4847 1469404800
4756 3096 1483488000
4756 4179 1483488000
4756 4542 1483488000
4756 4848 1484352000
4757 3096 1381190400
4757 4058 1381190400
4757 4849 1381190400
4757 4850 1381190400
4757 4851 1381190400
4758 4179 1373328000
4758 4852 1373328000
4758 445 1394841600
4758 4058 1400112000
4758 711 1400112000
4759 4179 1360368000
4759 474 1360368000
4759 4327 1413849600
4759 4306 1419811200
4759 4181 1426204800
4759 4853 1519862400
4760 1595 1425254400
4760 56 1425254400
4760 791 1425254400
4760 1877 1425254400
4760 4339 1431648000
4761 1595 1424995200
4761 2861 1424995200
4761 1971 1424995200
4761 1869 1431302400
4761 4505 1431302400
4761 842 1479772800
4761 4162 1479772800
4762 452 1481760000
4762 1242 1481760000
4762 4262 1481760000
4762 4854 1481760000
4762 4855 1481760000
4762 2819 1481760000
4762 3514 1481760000
4762 4856 1481760000
4763 348 1404864000
4763 1114 1414886400
4763 284 1424304000
4763 1441 1434153600
4763 4094 1446768000
4763 368 1469232000
4763 1100 1492992000
4764 1185 1415145600
4764 274 1420934400
4764 290 1433203200
4764 1381 1440028800
4764 1082 1449360000
4764 1162 1475971200
4764 1246 1494547200
4764 1175 1498176000
4765 1185 1414713600
4765 1160 1422921600
4765 940 1430179200
4765 290 1431388800
4765 512 1445731200
4765 1249 1461369600
4765 944 1462752000
4765 271 1468627200
4765 270 1469145600
4765 270 1469577600
4765 1221 1470268800
4765 1101 1472860800
4765 788 1498521600
4765 899 1519603200
4766 331 1396828800
4766 1185 1413417600
4766 1059 1415491200
4766 1072 1446508800
4766 1080 1460246400
4766 1023 1480809600
4766 1164 1491264000
4767 988 1396483200
4767 1007 1407628800
4767 1185 1413417600
4767 1438 1418774400
4767 1281 1430352000
4767 1028 1448928000
4767 1223 1449014400
4768 2382 1395619200
4768 1190 1415232000
4768 66 1415232000
4768 219 1438905600
4768 220 1438905600
4768 348 1448409600
4768 1055 1464652800
4768 245 1465516800
4768 796 1481068800
4768 1428 1489017600
4768 335 1501372800
4768 938 1524873600
4768 1144 1531785600
4769 1150 1424476800
4769 1295 1430092800
4769 1930 1430524800
4769 897 1430956800
4769 1230 1430956800
4769 306 1444867200
4769 260 1446249600
4769 1223 1449964800
4769 1031 1467331200
4769 268 1467849600
4769 1047 1468195200
4769 1984 1469232000
4770 479 1503792000
4770 346 1516752000
4770 3505 1516752000
4770 119 1516752000
4770 1394 1516752000
4770 1212 1516752000
4770 624 1516752000
4770 3047 1516752000
4770 4857 1527292800
4770 1679 1529193600
4770 4655 1529193600
4771 949 1374364800
4771 346 1407110400
4771 1358 1414713600
4771 199 1414800000
4771 824 1446249600
4771 904 1473379200
4771 1057 1520380800
4771 945 1535932800
4772 346 1405555200
4772 76 1415750400
4772 357 1420848000
4772 1484 1442448000
4772 69 1444780800
4772 1193 1446076800
4772 1395 1447545600
4772 906 1452297600
4772 3591 1457222400
4772 4858 1461369600
4772 1135 1466726400
4772 370 1470787200
4772 1104 1472947200
4772 243 1487289600
4772 39 1499212800
4772 937 1525478400
4772 239 1526342400
4772 953 1532131200
4773 1682 1455494400
4773 498 1509494400
4773 4859 1509494400
4773 4319 1510099200
4773 2430 1520640000
4774 128 1441065600
4774 1730 1441065600
4774 766 1441065600
4774 606 1469836800
4774 120 1469836800
4774 3677 1485302400
4775 4032 1442361600
4775 2714 1442361600
4775 1675 1466121600
4775 560 1484611200
4775 4860 1484611200
4776 2226 1435190400
4776 2196 1436745600
4776 802 1436832000
4776 65 1436832000
4776 3235 1437091200
4777 2386 1413158400
4777 1911 1413158400
4777 3018 1466812800
4777 2385 1483488000
4777 2259 1483488000
4778 915 1411257600
4778 1273 1445472000
4778 1136 1445990400
4778 1078 1456099200
4778 1147 1459641600
4778 268 1468454400
4778 904 1472256000
4778 1175 1484697600
4778 1102 1499212800
4778 901 1513900800
4778 242 1527724800
4779 966 1416441600
4779 1157 1418860800
4779 45 1445644800
4779 1179 1446336000
4779 1141 1448755200
4779 1078 1454112000
4779 1052 1458950400
4779 1221 1470441600
4779 959 1474588800
4779 902 1483142400
4779 83 1503273600
4779 937 1523750400
4780 1276 1415750400
4780 1028 1448064000
4780 1078 1453507200
4780 322 1485043200
4780 1100 1492300800
4781 678 1468713600
4781 4861 1471910400
4781 4491 1471910400
4781 4862 1471910400
4781 4863 1471910400
4781 324 1480982400
4781 795 1481241600
4781 1013 1481328000
4781 2623 1482537600
4781 3192 1501804800
4782 4123 1425600000
4782 4864 1430697600
4782 4680 1431907200
4782 4865 1434326400
4782 4414 1442707200
4783 1050 1373673600
4783 1068 1437436800
4783 1054 1442448000
4783 315 1448928000
4783 265 1460937600
4783 1357 1461110400
4783 1156 1461196800
4783 1038 1477008000
4784 1013 1495929600
4784 4866 1495929600
4784 940 1497312000
4784 467 1514678400
4784 2023 1514937600
4785 467 1442102400
4785 474 1442102400
4785 1517 1442102400
4785 1511 1442102400
4785 4867 1442102400
4785 1604 1442102400
4786 2205 1411776000
4786 467 1413072000
4786 4339 1483228800
4786 4301 1488412800
4786 4659 1488412800
4787 2294 1416700800
4787 4171 1427673600
4787 1210 1442188800
4787 3553 1489017600
4787 1524 1492473600
4787 4868 1492992000
4788 4869 1425772800
4788 4870 1425772800
4788 1811 1425772800
4788 1524 1434240000
4788 28 1434240000
4788 769 1434240000
4788 334 1434240000
4788 1811 1434240000
4789 1202 1474243200
4789 347 1474848000
4789 27 1474934400
4789 4503 1479600000
4789 39 1498089600
4790 1160 1422316800
4790 289 1432771200
4790 527 1444348800
4790 72 1455148800
4790 369 1471219200
4790 1104 1474156800
4790 998 1491955200
4791 527 1391385600
4791 28 1393200000
4791 3595 1438214400
4791 1441 1438214400
4791 4503 1443484800
4792 27 1411689600
4792 347 1411689600
4792 28 1411689600
4792 4431 1411689600
4792 1188 1411689600
4792 3748 1411689600
4793 3742 1443398400
4793 3746 1443398400
4793 347 1443398400
4793 4170 1443398400
4793 2009 1443398400
4793 4169 1443398400
4793 4871 1443398400
4793 2905 1443398400
4794 347 1386288000
4794 3742 1389571200
4794 1188 1411257600
4794 3746 1458172800
4794 1134 1481414400
4795 4872 1360713600
4795 347 1412899200
4795 3234 1426636800
4795 4873 1431907200
4795 4373 1438300800
4796 3553 1386115200
4796 1441 1386115200
4796 3748 1386115200
4796 306 1386115200
4796 4345 1386115200
4797 347 1476748800
4797 308 1476748800
4797 4874 1476748800
4797 4503 1476748800
4797 4876 1508198400
4797 2091 1508716800
4797 3746 1508716800
4797 4875 1526342400
4798 922 1418169600
4798 962 1423699200
4798 940 1430179200
4798 347 1442016000
4798 1449 1456272000
4798 1104 1472947200
4798 243 1488067200
4798 1087 1511136000
4799 516 1480636800
4799 2835 1480636800
4799 4120 1480636800
4799 2155 1480636800
4799 3981 1480636800
4800 1704 1429142400
4800 3607 1430179200
4800 1819 1430352000
4800 2203 1431820800
4800 4709 1432166400
4800 4449 1462233600
4800 531 1466380800
4800 605 1477267200
4800 2195 1478217600
4800 1061 1478217600
4800 4878 1478217600
4800 4877 1484352000
4801 1441 1491868800
4801 3258 1512777600
4801 3 1521504000
4801 3 1521504000
4801 4879 1521504000
4802 223 1462060800
4802 1441 1466812800
4802 4880 1466812800
4802 4881 1466812800
4802 3258 1530403200
4803 4171 1411948800
4803 3865 1411948800
4803 3866 1411948800
4803 28 1447286400
4803 4882 1447286400
4804 1441 1359158400
4804 2852 1453507200
4804 4883 1469491200
4804 2950 1472947200
4804 134 1525305600
4805 4613 1473552000
4805 3853 1473552000
4805 4884 1474070400
4805 1293 1533513600
4805 934 1533772800
4806 129 1504483200
4806 2673 1504483200
4806 626 1504483200
4806 4178 1504483200
4806 4885 1523059200
4807 493 1433376000
4807 484 1433376000
4807 3937 1472774400
4807 129 1495843200
4807 31 1495843200
4808 129 1456704000
4808 2388 1456704000
4808 4886 1456704000
4808 4887 1456704000
4808 2390 1460937600
4809 949 1371427200
4809 915 1410393600
4809 1276 1415491200
4809 1410 1421971200
4809 954 1423008000
4809 1249 1459036800
4810 860 1465776000
4810 860 1469577600
4810 4428 1523145600
4810 4727 1523145600
4810 4888 1523145600
4811 4226 1416268800
4811 133 1416268800
4811 575 1416268800
4811 1540 1432512000
4811 45 1472083200
4812 973 1429488000
4812 1043 1429488000
4812 4890 1429488000
4812 4891 1438300800
4812 4889 1441152000
4812 1129 1441152000
4813 973 1428624000
4813 4889 1428624000
4813 4892 1428624000
4813 3831 1439078400
4813 4893 1448668800
4813 39 1451606400
4814 973 1403049600
4814 352 1403049600
4814 1118 1417392000
4814 944 1466467200
4814 916 1480896000
4814 1063 1503446400
4815 973 1400112000
4815 1005 1400112000
4815 1104 1472256000
4815 1254 1503532800
4815 1333 1503532800
4816 4477 1406246400
4816 4894 1406246400
4816 162 1406246400
4816 3858 1461974400
4816 4895 1469923200
4816 606 1514764800
4816 941 1515456000
4817 4132 1464480000
4817 4410 1472601600
4817 606 1513123200
4817 554 1513123200
4817 271 1515628800
4818 2466 1427760000
4818 1381 1474329600
4818 135 1483920000
4818 606 1485820800
4818 2155 1486080000
4818 3881 1487721600
4818 1971 1488067200
4818 1446 1505174400
4818 3501 1509408000
4819 606 1376784000
4819 996 1397088000
4819 1960 1400112000
4819 3753 1458172800
4819 2282 1484265600
4819 4457 1484265600
4820 384 1519257600
4820 2926 1519257600
4820 135 1519257600
4820 413 1519257600
4820 804 1519257600
4820 4896 1519257600
4820 1584 1519257600
4821 384 1421452800
4821 44 1423785600
4821 566 1423785600
4821 1861 1423785600
4821 1965 1424044800
4822 4369 1362528000
4822 4897 1411776000
4822 4898 1416614400
4822 2266 1520985600
4822 2778 1520985600
4823 56 1422316800
4823 3407 1422316800
4823 4331 1422316800
4823 2021 1426377600
4823 233 1429401600
4824 4899 1418688000
4824 1970 1418688000
4824 233 1419033600
4824 3476 1419033600
4824 364 1490140800
4825 1008 1481241600
4825 1009 1481241600
4825 1091 1488931200
4825 1425 1490745600
4825 248 1500854400
4825 984 1519948800
4825 1116 1527552000
4826 1043 1398124800
4826 1161 1408665600
4826 2328 1429574400
4826 2328 1429574400
4826 2328 1429574400
4826 1168 1431388800
4826 1360 1436227200
4826 1017 1458086400
4826 1309 1460332800
4826 934 1466035200
4826 2087 1474502400
4826 1299 1476316800
4826 1091 1487030400
4826 1204 1488412800
4826 39 1498003200
4826 943 1498089600
4826 1181 1498089600
4826 1186 1511827200
4826 1177 1516147200
4827 1292 1445040000
4827 148 1458777600
4827 934 1466899200
4827 997 1468886400
4827 1984 1470182400
4827 959 1475712000
4827 916 1479427200
4827 322 1485475200
4827 243 1486598400
4827 1063 1494720000
4827 1404 1532908800
4828 162 1396051200
4828 4018 1396051200
4828 1292 1453334400
4828 4484 1453334400
4828 1512 1484784000
4828 4900 1518566400
4829 1292 1446336000
4829 85 1448582400
4829 337 1474502400
4829 1064 1479859200
4829 2513 1490572800
4829 938 1511740800
4829 1144 1528934400
4829 1404 1532304000
4830 1271 1392681600
4830 806 1415059200
4830 825 1445040000
4830 995 1445904000
4830 769 1449014400
4830 270 1467504000
4830 270 1467763200
4830 307 1468540800
4830 1012 1470355200
4831 949 1370908800
4831 1120 1375574400
4831 258 1393459200
4831 63 1400112000
4831 177 1458086400
4832 1307 1395619200
4832 200 1423958400
4832 1087 1465257600
4832 325 1475625600
4832 1261 1480896000
4832 955 1487635200
4832 1100 1492819200
4832 1232 1531440000
4833 1307 1393632000
4833 1073 1445040000
4833 294 1445472000
4833 769 1448668800
4833 978 1463011200
4833 1310 1468800000
4833 1162 1473984000
4833 341 1483228800
4833 1109 1485648000
4834 2942 1372464000
4834 2319 1387411200
4834 534 1402876800
4834 1379 1465344000
4834 1261 1479427200
4835 1050 1371081600
4835 528 1392681600
4835 352 1401494400
4835 76 1416700800
4835 1438 1418860800
4835 273 1448582400
4835 370 1471219200
4835 788 1489190400
4835 1113 1489190400
4836 105 1407888000
4836 1408 1438905600
4836 1636 1461974400
4836 245 1484870400
4836 311 1507161600
4836 938 1527465600
4837 105 1356134400
4837 1238 1414022400
4837 1059 1415664000
4837 197 1421539200
4837 314 1440201600
4837 1418 1472601600
4838 105 1351296000
4838 1049 1464652800
4838 351 1467072000
4838 1019 1469145600
4838 371 1469491200
4838 1162 1473292800
4838 1039 1473638400
4838 337 1474848000
4838 4901 1478736000
4838 718 1479859200
4838 3797 1488326400
4838 83 1502928000
4838 1087 1510531200
4838 2995 1512864000
4838 2349 1531872000
4838 1144 1532736000
4839 1971 1404777600
4839 2163 1447113600
4839 2164 1447113600
4839 44 1475712000
4839 3497 1488758400
4840 4902 1522800000
4840 440 1522800000
4840 618 1522800000
4840 601 1522800000
4840 3004 1522800000
4841 4180 1482969600
4841 2344 1487376000
4841 2016 1487376000
4841 4903 1487376000
4841 4822 1487376000
4842 2344 1430092800
4842 567 1462665600
4842 45 1496275200
4842 930 1498089600
4842 998 1499817600
4842 508 1510444800
4843 2344 1408838400
4843 3729 1408838400
4843 3363 1408838400
4843 3563 1408838400
4843 161 1437264000
4843 114 1437264000
4843 162 1437264000
4844 995 1446076800
4844 1134 1448150400
4844 1311 1458259200
4844 266 1460332800
4844 1181 1498694400
4844 239 1524096000
4845 4904 1359504000
4845 4905 1359504000
4845 4906 1359504000
4845 4907 1359504000
4845 4006 1495497600
4846 4904 1490140800
4846 4907 1490140800
4846 4162 1490140800
4846 863 1520726400
4846 1720 1520726400
4846 4151 1520726400
4847 4905 1405468800
4847 4907 1405468800
4847 4907 1405468800
4847 4084 1405468800
4847 842 1405468800
4848 4905 1393632000
4848 4907 1393632000
4848 4084 1393632000
4848 1340 1393632000
4848 4908 1400198400
4848 4909 1405555200
4849 1401 1463702400
4849 4910 1463702400
4849 2902 1463702400
4849 1394 1480982400
4849 3047 1480982400
4850 3057 1470700800
4850 1596 1471392000
4850 3200 1471392000
4850 2022 1491955200
4850 4667 1522800000
4851 528 1390780800
4851 1280 1398988800
4851 1160 1421539200
4851 312 1447113600
4851 370 1469664000
4852 1050 1373932800
4852 528 1393804800
4852 352 1401840000
4852 1302 1415836800
4852 1069 1419897600
4852 247 1429833600
4852 942 1447113600
4852 532 1470700800
4853 528 1393372800
4853 1148 1405468800
4853 69 1447891200
4853 669 1470268800
4853 335 1499212800
4854 240 1378166400
4854 2251 1378166400
4854 219 1378166400
4854 2909 1378166400
4854 1360 1480377600
4855 240 1466985600
4855 240 1466985600
4855 241 1466985600
4855 241 1466985600
4855 241 1468627200
4855 245 1468627200
4855 240 1468627200
4856 530 1415491200
4856 219 1425772800
4856 914 1458345600
4856 1454 1459555200
4856 1014 1460505600
4856 1119 1478822400
4856 979 1480204800
4856 998 1488499200
4856 262 1489968000
4856 1378 1511308800
4857 1248 1445299200
4857 914 1458000000
4857 148 1458000000
4857 1309 1459900800
4857 1183 1470096000
4857 1191 1492905600
4857 39 1498867200
4857 270 1503705600
4857 938 1515456000
4858 2260 1366070400
4858 1482 1379635200
4858 628 1379635200
4858 4911 1384819200
4858 830 1384819200
4859 4912 1431129600
4859 4066 1431129600
4859 4915 1519776000
4859 4913 1527033600
4859 3925 1527033600
4859 4914 1527033600
4860 1302 1416614400
4860 897 1431129600
4860 1230 1431129600
4860 1222 1436918400
4860 45 1445904000
4860 1052 1458691200
4860 1014 1461110400
4860 1310 1469145600
4860 1064 1478995200
4860 672 1501718400
4860 1124 1502409600
4861 1059 1416441600
4861 1118 1416441600
4861 219 1423526400
4861 940 1429488000
4861 290 1431302400
4862 1280 1399248000
4862 1192 1404691200
4862 1190 1414886400
4862 1059 1415404800
4862 314 1441324800
4862 358 1445126400
4862 312 1447891200
4862 1146 1448064000
4862 944 1462579200
4863 1042 1416873600
4863 1322 1423440000
4863 4331 1423440000
4863 1877 1424649600
4863 783 1424649600
4863 2206 1425945600
4863 2417 1429660800
4864 962 1422921600
4864 1767 1439251200
4864 1180 1448841600
4864 1264 1449792000
4864 39 1522886400
4865 1264 1446422400
4865 273 1448323200
4865 1749 1457308800
4865 1249 1458000000
4865 485 1459814400
4865 1355 1463184000
4865 978 1463961600
4865 1055 1464048000
4865 270 1467676800
4865 1023 1473552000
4865 1356 1478217600
4865 39 1498348800
4866 2628 1515542400
4866 4415 1515542400
4866 4747 1515542400
4866 241 1517702400
4866 219 1527120000
4867 622 1446422400
4867 219 1453852800
4867 393 1453852800
4867 220 1453852800
4867 241 1476489600
4867 1113 1476489600
4868 4916 1519430400
4868 4917 1519430400
4868 934 1519430400
4868 1250 1519430400
4868 2583 1519430400
4869 106 1434412800
4869 56 1434412800
4869 158 1434412800
4869 3274 1434412800
4869 4766 1434499200
4870 106 1362182400
4870 4918 1424908800
4870 1296 1474243200
4870 576 1487980800
4870 871 1508716800
4870 4919 1525132800
4871 162 1509840000
4871 2183 1509840000
4871 861 1517356800
4871 1554 1525392000
4871 467 1526601600
4872 2604 1424131200
4872 861 1481155200
4872 4667 1481155200
4872 324 1485129600
4872 940 1516579200
4873 223 1463616000
4873 1861 1480982400
4873 324 1480982400
4873 4920 1480982400
4873 94 1490745600
4874 324 1481760000
4874 94 1482105600
4874 1058 1482364800
4874 896 1486166400
4874 313 1486166400
4874 2075 1513036800
4875 1212 1469145600
4875 4123 1479513600
4875 4921 1494547200
4875 888 1497571200
4875 4348 1526860800
4876 1531 1363651200
4876 2468 1373500800
4876 2116 1416960000
4876 4922 1416960000
4876 1853 1421798400
4877 1265 1376611200
4877 976 1393459200
4877 1005 1403136000
4877 1061 1445126400
4877 373 1484611200
4877 824 1508716800
4878 608 1487289600
4878 4923 1487289600
4878 625 1487289600
4878 1853 1487289600
4878 4101 1527897600
4879 3244 1446336000
4879 2154 1446336000
4879 1971 1446336000
4879 791 1446336000
4879 2059 1446336000
4880 1514 1436832000
4880 1511 1494806400
4880 1435 1500681600
4880 2205 1501545600
4880 4924 1525824000
4880 136 1525824000
4881 3333 1480550400
4881 130 1488326400
4881 652 1493596800
4881 683 1516147200
4881 3049 1517702400
4881 1363 1517788800
4882 4925 1451865600
4882 1643 1451865600
4882 4926 1451865600
4882 4927 1451865600
4882 4928 1451865600
4883 789 1524441600
4883 1253 1524441600
4883 243 1524441600
4883 788 1524441600
4883 171 1524441600
4883 576 1524441600
4884 1819 1417737600
4884 2018 1417737600
4884 4929 1418083200
4884 1634 1418342400
4884 789 1420502400
4885 2376 1335657600
4885 2376 1335657600
4885 2376 1335657600
4885 2376 1335657600
4885 2376 1335657600
4885 2376 1335657600
4886 1068 1376697600
4886 360 1443139200
4886 1461 1464048000
4886 1379 1465862400
4886 1261 1479772800
4887 258 1391040000
4887 199 1415232000
4887 68 1434153600
4887 1284 1457568000
4887 248 1497571200
4887 1296 1522627200
4888 1140 1474416000
4888 1024 1483401600
4888 313 1491350400
4888 824 1499385600
4888 1334 1503273600
4888 83 1503273600
4888 909 1504137600
4888 84 1510531200
4888 1108 1513814400
4888 1143 1522800000
4888 1096 1525824000
4888 668 1525910400
4888 1076 1533081600
4889 715 1419811200
4889 312 1447113600
4889 1083 1462320000
4889 669 1468454400
4889 1171 1474502400
4889 1024 1482451200
4889 311 1499472000
4889 242 1524960000
4890 56 1476403200
4890 2360 1476403200
4890 1971 1476403200
4890 791 1476403200
4890 1862 1476403200
4891 56 1432425600
4891 1971 1434153600
4891 4454 1434153600
4891 2562 1444262400
4891 44 1446163200
4892 2472 1393200000
4892 791 1393200000
4892 546 1409011200
4892 440 1409011200
4892 3960 1409011200
4893 3462 1363824000
4893 546 1400112000
4893 63 1476403200
4893 1476 1490486400
4893 2547 1494806400
4894 3188 1409184000
4894 4510 1409184000
4894 3684 1473379200
4894 4930 1481760000
4894 4182 1481760000
4895 2328 1430179200
4895 3722 1435104000
4895 1228 1443225600
4895 969 1445299200
4895 1418 1472256000
4895 943 1502150400
4896 361 1440547200
4896 939 1455840000
4896 1398 1481932800
4896 943 1497830400
4896 1269 1504742400
4897 1352 1445299200
4897 1101 1473120000
4897 943 1496534400
4897 316 1502928000
4897 668 1524268800
4898 1043 1399507200
4898 349 1401753600
4898 353 1401753600
4898 336 1416787200
4898 292 1429315200
4898 981 1429833600
4898 69 1444867200
4898 943 1445558400
4898 1248 1445990400
4898 1388 1446681600
4898 1314 1447113600
4898 1223 1451347200
4898 1188 1473811200
4899 261 1445126400
4899 1134 1445990400
4899 285 1449273600
4899 375 1468540800
4899 1145 1501718400
4899 977 1513382400
4900 2835 1461801600
4900 4559 1461801600
4900 996 1461801600
4900 4560 1461801600
4900 2395 1461801600
4901 331 1396656000
4901 1161 1408665600
4901 203 1418256000
4901 283 1430092800
4901 68 1436227200
4901 1031 1468800000
4902 1971 1374796800
4902 3653 1378857600
4902 4931 1378857600
4902 331 1396569600
4902 1129 1400803200
4902 1043 1401062400
4902 352 1402099200
4902 1060 1491436800
4903 941 1410998400
4903 219 1422921600
4903 962 1423612800
4903 247 1429747200
4903 951 1429747200
4903 1352 1445472000
4903 245 1465257600
4903 1226 1498348800
4903 39 1499644800
4903 335 1499644800
4904 4932 1392508800
4904 348 1418947200
4904 4933 1466121600
4904 4934 1480464000
4904 2271 1522713600
4905 349 1398384000
4905 353 1398384000
4905 1069 1418515200
4905 1218 1443484800
4905 368 1469577600
4905 1064 1479686400
4906 1069 1418515200
4906 219 1441324800
4906 220 1441324800
4906 317 1447545600
4906 245 1468195200
4907 4711 1448323200
4907 4935 1448323200
4907 4713 1448323200
4907 4936 1448323200
4907 4937 1448323200
4907 4938 1448323200
4908 133 1456617600
4908 133 1456617600
4908 4939 1458604800
4908 493 1471737600
4908 690 1473638400
4908 1915 1483056000
4909 1911 1389052800
4909 1935 1389052800
4909 493 1389139200
4909 1436 1391299200
4909 1363 1398384000
4909 3499 1416096000
4910 1819 1486425600
4910 3703 1486425600
4910 1820 1486425600
4910 2836 1486425600
4910 2282 1486425600
4910 2234 1486425600
4910 1471 1486425600
4910 2053 1486425600
4911 4471 1481846400
4911 1819 1483660800
4911 845 1483660800
4911 1717 1507161600
4911 1720 1507161600
4911 2783 1524355200
4912 2282 1451347200
4912 1819 1465603200
4912 744 1465603200
4912 4929 1465603200
4912 2234 1465603200
4913 744 1447372800
4913 1819 1462147200
4913 227 1462147200
4913 3930 1462147200
4913 4940 1481241600
4914 1819 1394841600
4914 2023 1438819200
4914 2764 1440633600
4914 1818 1524355200
4914 227 1524355200
4915 1819 1348272000
4915 453 1372636800
4915 1218 1447113600
4915 1173 1449360000
4915 1187 1465948800
4915 775 1472774400
4915 957 1483660800
4915 1142 1487808000
4915 1397 1491264000
4916 4477 1457395200
4916 4894 1457395200
4916 4397 1467504000
4916 3586 1470528000
4916 4941 1471392000
4917 3352 1398988800
4917 3352 1405382400
4917 112 1405814400
4917 694 1448150400
4917 4942 1497139200
4918 1635 1456099200
4918 3178 1456963200
4918 4944 1462233600
4918 1197 1481068800
4918 4943 1483574400
4919 350 1405123200
4919 291 1431907200
4919 140 1445904000
4919 261 1446940800
4919 321 1453248000
4919 351 1469404800
4920 2861 1467158400
4920 2272 1467158400
4920 1877 1467158400
4920 4945 1467158400
4920 1042 1480032000
4921 1154 1442966400
4921 1052 1459468800
4921 1147 1460246400
4921 1188 1475366400
4921 1045 1487548800
4922 1161 1408924800
4922 1267 1420588800
4922 981 1430265600
4922 1188 1475280000
4922 899 1527724800
4922 788 1527724800
4922 1036 1536796800
4923 1010 1416441600
4923 283 1430352000
4923 85 1448236800
4923 958 1451952000
4923 148 1461715200
4923 1055 1465084800
4923 1020 1470355200
4923 1188 1475107200
4924 3752 1394582400
4924 1188 1464652800
4924 4946 1464652800
4924 4234 1497571200
4924 4233 1500508800
4925 2861 1305331200
4925 1192 1404259200
4925 1284 1458172800
4925 1133 1511654400
4925 246 1529452800
4926 65 1417996800
4926 357 1421020800
4926 219 1422921600
4926 2328 1430265600
4926 512 1447113600
4926 893 1458604800
4926 148 1460505600
4926 1418 1471996800
4926 955 1486944000
4926 1204 1488931200
4926 1177 1518048000
4927 530 1415059200
4927 1088 1431043200
4927 1061 1444348800
4927 893 1457481600
4927 998 1493251200
4928 1200 1424217600
4928 512 1446508800
4928 893 1457136000
4928 1164 1486771200
4928 243 1488153600
4928 983 1501977600
4929 1820 1416960000
4929 3703 1445558400
4929 2023 1445558400
4929 1715 1445558400
4929 2764 1445558400
4930 1820 1502323200
4930 4428 1502323200
4930 1645 1502323200
4930 4888 1526342400
4930 744 1527984000
4931 350 1403654400
4931 1170 1455667200
4931 266 1458172800
4931 944 1460592000
4931 351 1467158400
4931 322 1486684800
4931 269 1488326400
4931 313 1493510400
4931 1393 1495756800
4931 1242 1500508800
4931 1092 1514419200
4931 342 1526342400
4931 937 1528675200
4931 1048 1531958400
4932 4266 1395878400
4932 4947 1415664000
4932 4948 1425859200
4932 1039 1467849600
4932 2319 1494028800
4932 2924 1494028800
4933 3084 1453680000
4933 162 1472688000
4933 788 1486512000
4933 1045 1490313600
4933 1204 1502236800
4934 1150 1424217600
4934 3084 1432684800
4934 1240 1446076800
4934 952 1447977600
4934 1198 1457481600
4934 366 1458000000
4934 1246 1488412800
4934 619 1488412800
4934 262 1490054400
4935 1085 1388793600
4935 922 1417996800
4935 1454 1459036800
4935 542 1468022400
4935 996 1473638400
4935 264 1497916800
4935 984 1518998400
4936 3396 1419033600
4936 556 1419033600
4936 3013 1419033600
4936 1570 1419033600
4936 4949 1419033600
4937 3396 1388188800
4937 557 1388188800
4937 882 1388188800
4937 1570 1388188800
4937 3188 1388188800
4938 1568 1439596800
4938 1569 1439596800
4938 4930 1439596800
4938 556 1455494400
4938 3013 1455494400
4939 4951 1422403200
4939 556 1446595200
4939 1953 1446595200
4939 4950 1453852800
4939 2764 1453852800
4939 2289 1468454400
4940 4952 1433376000
4940 4511 1435622400
4940 4182 1435622400
4940 556 1442620800
4940 3013 1442620800
4941 3013 1373932800
4941 1570 1380240000
4941 556 1398988800
4941 4953 1508284800
4941 4954 1508284800
4942 556 1383004800
4942 1953 1383004800
4942 3962 1407283200
4942 1986 1407283200
4942 4379 1407283200
4942 172 1448841600
4942 3054 1452038400
4943 4306 1432252800
4943 1138 1461974400
4943 617 1461974400
4943 4955 1471392000
4943 2914 1480982400
4944 289 1431129600
4944 290 1432339200
4944 306 1444867200
4944 512 1446595200
4944 1023 1474416000
4944 1331 1501718400
4945 440 1406505600
4945 1002 1425772800
4945 219 1438732800
4945 220 1438732800
4945 4401 1440892800
4946 259 1471132800
4946 1013 1471132800
4946 2295 1471132800
4946 4956 1498953600
4946 1883 1498953600
4947 2065 1493164800
4947 744 1493164800
4947 4614 1495411200
4947 1716 1496102400
4947 2423 1508976000
4948 1086 1392854400
4948 1081 1415404800
4948 244 1429833600
4948 1088 1431388800
4948 1407 1434758400
4949 962 1423094400
4949 995 1444780800
4949 85 1448409600
4949 366 1459641600
4949 1017 1459987200
4950 1954 1423094400
4950 1952 1423094400
4950 1953 1423094400
4950 1911 1423699200
4950 3114 1450137600
4951 1570 1412812800
4951 1571 1412812800
4951 1568 1412812800
4951 1569 1412812800
4951 4957 1420243200
4952 1952 1424563200
4952 1953 1424563200
4952 4587 1425081600
4952 4958 1494028800
4952 2636 1513728000
4952 4959 1513728000
4953 4960 1396396800
4953 3499 1414454400
4953 3098 1415750400
4953 4961 1440288000
4953 44 1468540800
4954 44 1406937600
4954 566 1408147200
4954 1985 1408147200
4954 922 1408147200
4954 263 1408147200
4954 4396 1408147200
4954 920 1408406400
4954 2416 1408579200
4954 1986 1409356800
4954 4962 1409616000
4955 2954 1452816000
4955 1402 1452816000
4955 176 1452816000
4955 2953 1452816000
4955 4963 1452816000
4956 1413 1414281600
4956 4964 1414281600
4956 4965 1414281600
4956 621 1442534400
4956 3463 1442534400
4957 1413 1384992000
4957 1141 1449273600
4957 1379 1467763200
4957 1984 1472342400
4957 243 1486166400
4958 1444 1435017600
4958 4967 1469491200
4958 4681 1476144000
4958 4155 1507334400
4958 4966 1525132800
4959 348 1406419200
4959 987 1445817600
4959 1749 1459036800
4959 1047 1467936000
4959 796 1484179200
4959 968 1494288000
4960 1289 1447200000
4960 1272 1461024000
4960 1080 1461024000
4960 1087 1467158400
4960 270 1470268800
4961 952 1449187200
4961 1049 1465603200
4961 1135 1466812800
4961 1022 1479772800
4961 708 1493596800
4961 901 1511740800
4962 283 1429833600
4962 1314 1448236800
4962 1141 1448841600
4962 1198 1457395200
4962 1052 1458172800
4962 532 1467590400
4962 1020 1468281600
4962 1109 1486166400
4962 1113 1486166400
4962 39 1499126400
4962 672 1503792000
4962 938 1512172800
4962 174 1523923200
4962 235 1526774400
4963 283 1430092800
4963 291 1430611200
4963 314 1439078400
4963 261 1445126400
4963 944 1461283200
4963 268 1468195200
4964 223 1464307200
4964 2093 1464307200
4964 1474 1500940800
4964 471 1500940800
4964 1540 1500940800
4964 4968 1500940800
4965 3615 1447286400
4965 2101 1447286400
4965 3408 1447286400
4965 2234 1460332800
4965 4762 1460332800
4965 150 1460937600
4965 227 1460937600
4965 2282 1460937600
4965 2284 1460937600
4965 2783 1460937600
4965 1715 1460937600
4965 1318 1460937600
4966 1070 1479168000
4966 1145 1502841600
4966 938 1512345600
4966 272 1525392000
4966 782 1525564800
4966 1270 1527638400
4967 275 1403481600
4967 263 1410048000
4967 530 1415491200
4967 292 1429142400
4967 2328 1431734400
4968 75 1406160000
4968 274 1419897600
4968 2328 1431648000
4968 1459 1433462400
4968 1352 1446681600
4968 1196 1449532800
4968 896 1457481600
4968 1060 1486857600
4969 806 1415836800
4969 1157 1418688000
4969 2328 1430092800
4969 285 1448755200
4969 273 1449273600
4969 1017 1457827200
4970 2383 1410307200
4970 1438 1418601600
4970 2328 1429920000
4970 1088 1431388800
4970 1082 1445558400
4970 1207 1447891200
4970 1045 1485129600
4970 243 1485129600
4970 788 1485129600
4970 1253 1485216000
4970 1113 1485475200
4970 1164 1485475200
4971 1208 1475020800
4971 1163 1476144000
4971 1216 1481846400
4971 1113 1486080000
4971 1300 1502409600
4972 196 1402531200
4972 1153 1414886400
4972 960 1425686400
4972 1222 1438732800
4972 1216 1482537600
4972 248 1534032000
4973 1163 1475712000
4973 979 1479772800
4973 1216 1482278400
4973 933 1491004800
4973 899 1500768000
4974 4969 1470009600
4974 3107 1470009600
4974 4970 1470009600
4974 4971 1470009600
4974 4972 1470009600
4975 198 1421280000
4975 219 1423526400
4975 1168 1431129600
4975 1407 1433462400
4975 1749 1457049600
4975 1033 1457654400
4975 1049 1464739200
4975 1020 1468108800
4976 920 1405036800
4976 4962 1405036800
4976 1985 1405036800
4976 4973 1405036800
4976 2399 1405036800
4976 1161 1405036800
4976 2788 1405036800
4976 4974 1405036800
4976 1043 1466467200
4977 1050 1372291200
4977 1043 1403049600
4977 284 1424304000
4977 1170 1455580800
4977 335 1498435200
4977 753 1502928000
4978 1299 1477440000
4978 86 1489449600
4978 1397 1490140800
4978 2513 1491523200
4978 335 1499299200
4978 938 1513123200
4979 83 1504051200
4979 326 1507593600
4979 938 1512345600
4979 1293 1525564800
4979 1048 1530835200
4980 1247 1414627200
4980 954 1458345600
4980 979 1478908800
4980 938 1511827200
4980 782 1524614400
4981 263 1407456000
4981 1276 1415145600
4981 203 1415750400
4981 1200 1424044800
4981 1930 1431475200
4981 3260 1433203200
4981 335 1498176000
4981 1181 1498348800
4981 938 1511740800
4981 668 1525737600
4981 1090 1525737600
4982 3715 1442102400
4982 3200 1447977600
4982 4975 1447977600
4982 4976 1447977600
4982 4319 1462492800
4983 4977 1340668800
4983 1656 1495324800
4983 3943 1495324800
4983 30 1503360000
4983 4160 1503360000
4984 999 1436486400
4984 3642 1436486400
4984 4978 1458518400
4984 4979 1459123200
4984 1343 1482969600
4985 4980 1435881600
4985 1408 1453852800
4985 1343 1479081600
4985 1158 1479081600
4985 576 1496534400
4986 171 1478822400
4986 1060 1478822400
4986 1045 1480809600
4986 788 1480809600
4986 1253 1504742400
4986 4981 1504742400
4987 1253 1497830400
4987 1045 1497830400
4987 788 1497830400
4987 1331 1497830400
4987 904 1497830400
4988 1220 1415836800
4988 1303 1448841600
4988 1421 1455062400
4988 1198 1457481600
4988 1130 1458345600
4988 542 1468454400
4988 369 1468886400
4988 1253 1485820800
4988 950 1491609600
4989 917 1485216000
4989 899 1485216000
4989 788 1485475200
4989 1253 1485648000
4989 1060 1485648000
4989 899 1486080000
4989 1164 1486166400
4989 1045 1486339200
4989 1109 1486425600
4989 172 1488067200
4989 1139 1489708800
4989 335 1500336000
4989 171 1501459200
4989 1071 1504396800
4989 1331 1504396800
4989 1334 1505001600
4989 936 1515456000
4989 33 1530576000
4989 1259 1531526400
4990 1175 1484524800
4990 1253 1485475200
4990 251 1502582400
4990 83 1502928000
4990 272 1526169600
4991 1253 1404345600
4991 4982 1404345600
4991 4983 1404345600
4991 4984 1404345600
4991 4985 1404345600
4992 4441 1500249600
4992 4010 1500249600
4992 3976 1500249600
4992 773 1500249600
4992 4986 1500249600
4993 1227 1440028800
4993 566 1442793600
4993 4105 1443398400
4993 2273 1443398400
4993 4987 1443398400
4994 348 1404777600
4994 1046 1404777600
4994 915 1411257600
4994 296 1416096000
4994 1105 1470873600
4995 2942 1372809600
4995 806 1416700800
4995 3432 1440028800
4995 1379 1464825600
4995 1260 1534204800
4996 63 1402272000
4996 336 1416614400
4996 1311 1457568000
4996 1163 1478217600
4996 1426 1506988800
4997 1853 1436313600
4997 2118 1444694400
4997 1246 1471996800
4997 1648 1477267200
4997 4833 1482624000
4998 219 1438128000
4998 220 1438128000
4998 982 1497312000
4998 1300 1507939200
4998 326 1512864000
4999 1704 1412294400
4999 4292 1425340800
4999 3799 1436745600
4999 4988 1443744000
4999 2666 1488240000
5000 4989 1409788800
5000 4313 1429056000
5000 1704 1429056000
5000 1547 1429056000
5000 1704 1456272000
5000 2666 1471564800
5000 2666 1471564800
5001 802 1488326400
5001 4990 1488326400
5001 3987 1491091200
5001 2197 1496188800
5001 2425 1529452800
5001 4991 1531440000
5002 2255 1453852800
5002 1715 1457222400
5002 802 1473897600
5002 2452 1517184000
5002 4992 1517184000
5003 67 1445299200
5003 1179 1445904000
5003 1049 1465171200
5003 997 1469145600
5003 1113 1486080000
5004 331 1397520000
5004 922 1420329600
5004 1150 1426723200
5004 1203 1435363200
5004 1303 1452038400
5004 1261 1480636800
5004 1109 1490400000
5004 320 1494288000
5004 985 1503964800
5004 1145 1503964800
5005 133 1447372800
5005 791 1460419200
5005 912 1522022400
5005 2013 1529280000
5005 2401 1529452800
5006 3591 1466121600
5006 4858 1469059200
5006 944 1471996800
5006 2979 1475193600
5006 4829 1484006400
5007 1547 1415318400
5007 3692 1430179200
5007 1704 1430179200
5007 3894 1430179200
5007 1663 1451520000
5007 3297 1451520000
5007 4257 1490745600
5008 3297 1376352000
5008 3800 1376352000
5008 1704 1376352000
5008 4674 1376352000
5008 4989 1431216000
5009 196 1405555200
5009 915 1409702400
5009 1160 1421107200
5009 931 1423353600
5009 84 1529452800
5010 75 1406160000
5010 4993 1406160000
5010 1457 1414368000
5010 1081 1415491200
5010 1061 1445558400
5010 1287 1458864000
5010 668 1525996800
5011 951 1429574400
5011 981 1431043200
5011 366 1458172800
5011 944 1460505600
5011 934 1466208000
5011 325 1474588800
5011 243 1488326400
5011 668 1524787200
5012 1131 1431648000
5012 73 1445299200
5012 1314 1446768000
5012 285 1449014400
5012 1221 1470700800
5012 998 1495238400
5012 302 1514419200
5012 1285 1526688000
5012 672 1526688000
5012 912 1526774400
5012 986 1526774400
5013 67 1447804800
5013 271 1469059200
5013 4981 1484524800
5013 172 1485734400
5013 998 1492732800
5013 264 1498521600
5013 1108 1512345600
5013 272 1527638400
5013 1048 1529280000
5014 935 1479081600
5014 3743 1479600000
5014 1202 1479600000
5014 4994 1480204800
5014 1817 1495843200
5015 4996 1459814400
5015 3100 1459900800
5015 1047 1459900800
5015 2020 1459900800
5015 3041 1459900800
5015 4995 1459900800
5015 4997 1459900800
5015 307 1464480000
5015 2194 1464480000
5015 542 1464566400
5015 669 1466812800
5015 1003 1466812800
5015 3294 1466812800
5016 307 1464393600
5016 309 1464393600
5016 3042 1464393600
5016 2194 1464393600
5016 322 1471824000
5016 542 1477008000
5017 4998 1404691200
5017 4767 1404691200
5017 4340 1404691200
5017 3784 1406073600
5017 3468 1428019200
5018 4999 1381017600
5018 3513 1417392000
5018 883 1417392000
5018 3115 1418688000
5018 5000 1427500800
5019 1276 1415318400
5019 1410 1421712000
5019 148 1458432000
5019 1104 1472774400
5019 896 1477785600
5020 2942 1373068800
5020 1276 1415232000
5020 619 1486512000
5020 86 1488931200
5020 968 1491609600
5020 977 1512259200
5021 2576 1401926400
5021 1547 1401926400
5021 1704 1411430400
5021 1704 1444521600
5021 3801 1449187200
5022 575 1526342400
5022 3905 1526342400
5022 23 1526342400
5022 1540 1526342400
5022 3639 1526342400
5023 575 1475971200
5023 11 1475971200
5023 12 1475971200
5023 1862 1475971200
5023 471 1504828800
5024 1363 1478908800
5024 5001 1478908800
5024 487 1478908800
5024 487 1478908800
5024 5002 1478908800
5025 2926 1437609600
5025 161 1446595200
5025 162 1446595200
5025 162 1446595200
5025 162 1447286400
5026 2576 1433808000
5026 1547 1433808000
5026 3801 1472428800
5026 1531 1522627200
5026 4178 1522627200
5027 1280 1398470400
5027 349 1401494400
5027 353 1401494400
5027 74 1403740800
5027 966 1415491200
5027 960 1423353600
5027 1088 1430784000
5028 219 1438560000
5028 220 1438560000
5028 1263 1440288000
5028 245 1466121600
5028 899 1487635200
5029 219 1438473600
5029 220 1438473600
5029 934 1466121600
5029 243 1487980800
5029 1393 1493164800
5029 1296 1517961600
5030 274 1418860800
5030 219 1425600000
5030 1452 1448323200
5030 952 1449878400
5030 1284 1459036800
5031 219 1393632000
5031 5003 1433808000
5031 1911 1467417600
5031 335 1467417600
5031 311 1470528000
5032 983 1494806400
5032 1063 1494806400
5032 1397 1495411200
5032 1063 1510012800
5032 1259 1528761600
5033 1287 1457222400
5033 983 1492646400
5033 1167 1497571200
5033 311 1497571200
5033 977 1510790400
5033 1177 1516406400
5033 174 1523577600
5034 3333 1462147200
5034 2427 1470096000
5034 5004 1470096000
5034 5008 1470096000
5034 4507 1470096000
5034 5010 1470096000
5034 5006 1472169600
5034 5007 1472169600
5034 2324 1494979200
5034 5005 1496534400
5034 5012 1496534400
5034 5009 1503100800
5034 5011 1503100800
5035 682 1425686400
5035 791 1428105600
5035 488 1442102400
5035 1971 1454112000
5035 1288 1476144000
5035 554 1496793600
5036 5013 1445817600
5036 5014 1445817600
5036 863 1470268800
5036 2852 1470268800
5036 2851 1484092800
5037 2419 1437350400
5037 3609 1437350400
5037 5015 1437350400
5037 5016 1437350400
5037 3704 1437350400
5037 5017 1437350400
5038 4772 1466035200
5038 3414 1466035200
5038 31 1466467200
5038 32 1485216000
5038 4656 1506384000
5039 2368 1518134400
5039 4178 1518134400
5039 830 1519430400
5039 4101 1521590400
5039 4053 1521590400
5040 2170 1498262400
5040 2821 1498262400
5040 1632 1498262400
5040 5018 1501200000
5040 830 1516233600
5041 5019 1480291200
5041 31 1495843200
5041 4306 1528070400
5041 4654 1528070400
5041 3905 1528156800
5042 1874 1484179200
5042 863 1484179200
5042 572 1484179200
5042 1968 1484179200
5042 619 1491436800
5042 2346 1491436800
5043 2915 1483056000
5043 2909 1483056000
5043 4923 1483056000
5043 1637 1483056000
5043 626 1483056000
5043 1443 1483056000
5044 2915 1478217600
5044 4101 1524614400
5044 1648 1524614400
5044 4837 1524614400
5044 3368 1524614400
5044 1853 1524614400
5045 336 1417478400
5045 952 1448150400
5045 72 1451692800
5045 1031 1467849600
5045 1063 1493424000
5046 1083 1460505600
5046 1045 1486512000
5046 80 1490400000
5046 1229 1495238400
5046 1231 1495238400
5046 1167 1499126400
5046 980 1499472000
5046 251 1503878400
5047 744 1455148800
5047 5020 1455580800
5047 2614 1469318400
5047 4391 1469318400
5047 529 1487462400
5047 1394 1487462400
5048 744 1426377600
5048 5021 1426377600
5048 120 1453248000
5048 3225 1453248000
5048 119 1461628800
5048 2550 1478995200
5049 2043 1393027200
5049 5023 1393027200
5049 1575 1393027200
5049 5024 1393027200
5049 5025 1393027200
5049 5022 1394496000
5049 867 1488153600
5050 920 1405123200
5050 4962 1405123200
5050 1985 1405123200
5050 4973 1405123200
5050 2399 1405123200
5050 3962 1405123200
5050 715 1405123200
5050 1161 1405123200
5050 4410 1461456000
5051 824 1446422400
5051 1376 1449100800
5051 1439 1459382400
5051 170 1459468800
5051 255 1469923200
5051 916 1479168000
5052 284 1423872000
5052 1266 1433116800
5052 1376 1447718400
5052 1309 1460073600
5052 369 1468368000
5052 5026 1511740800
5052 1144 1531612800
5053 75 1408752000
5053 961 1408752000
5053 197 1423785600
5053 1099 1458345600
5053 1058 1503619200
5054 1044 1398556800
5054 1457 1414540800
5054 1028 1448064000
5054 320 1491004800
5054 316 1503273600
5055 333 1391212800
5055 200 1423008000
5055 3451 1423785600
5055 1082 1447718400
5055 1064 1479168000
5056 4236 1450742400
5056 114 1453075200
5056 162 1453075200
5056 1716 1476144000
5056 2910 1476144000
5057 2059 1419033600
5057 1403 1422057600
5057 4649 1424995200
5057 1026 1425427200
5057 4318 1457222400
5057 5027 1468195200
5057 1013 1491955200
5058 292 1428451200
5058 361 1437782400
5058 969 1443139200
5058 825 1445990400
5058 1080 1458259200
5058 1379 1466294400
5058 1162 1473552000
5059 1148 1408924800
5059 1240 1450137600
5059 1209 1454371200
5059 1080 1458172800
5059 905 1471305600
5059 1045 1488240000
5059 80 1493769600
5060 2206 1412812800
5060 1970 1413244800
5060 3098 1413244800
5060 3452 1413244800
5060 1877 1458864000
5061 2383 1410998400
5061 1750 1423267200
5061 1930 1431388800
5061 73 1445904000
5061 276 1473897600
5061 1039 1475020800
5061 1036 1492646400
5062 74 1409875200
5062 309 1471996800
5062 1426 1492473600
5062 313 1494720000
5062 320 1494720000
5062 1144 1536451200
5063 867 1427414400
5063 3722 1431648000
5063 5028 1523059200
5063 5030 1523059200
5063 5029 1528848000
5064 3619 1425859200
5064 2379 1425859200
5064 4953 1501977600
5064 5031 1501977600
5064 4954 1501977600
5065 1217 1494806400
5065 2648 1494806400
5065 1710 1494806400
5065 216 1494806400
5065 3753 1494806400
5066 4757 1503964800
5066 2141 1510358400
5066 4067 1517097600
5066 5032 1518480000
5066 699 1523059200
5067 1917 1521504000
5067 1673 1521504000
5067 4526 1521504000
5067 5033 1521504000
5067 5034 1521504000
5068 1911 1446595200
5068 232 1514937600
5068 4485 1530144000
5068 4323 1530144000
5068 4486 1530144000
5068 4322 1530144000
5069 4352 1382486400
5069 2965 1382486400
5069 4018 1382486400
5069 5035 1382486400
5069 1377 1382486400
5069 4020 1382486400
5069 5035 1382486400
5069 5036 1382486400
5069 5037 1382486400
5070 4251 1457136000
5070 4244 1461369600
5070 4244 1461369600
5070 1622 1471651200
5070 5038 1521504000
5071 5039 1490054400
5071 2648 1491436800
5071 1085 1523836800
5071 1697 1527897600
5071 3969 1536019200
5072 1780 1432425600
5072 2659 1432425600
5072 1711 1452902400
5072 2067 1464652800
5072 5040 1480723200
5073 350 1454284800
5073 65 1454284800
5073 1051 1454284800
5073 5041 1454284800
5073 3174 1455321600
5074 1010 1416873600
5074 895 1468454400
5074 1334 1502496000
5074 672 1502496000
5074 985 1503792000
5075 1044 1400112000
5075 357 1420675200
5075 951 1431475200
5075 317 1445385600
5075 1452 1448841600
5075 321 1451692800
5075 1198 1457568000
5075 325 1475539200
5075 985 1503273600
5075 894 1504656000
5076 791 1449532800
5076 2059 1449532800
5076 652 1529452800
5076 1116 1529452800
5076 794 1529452800
5077 3232 1405900800
5077 1531 1416960000
5077 1358 1423526400
5077 966 1423526400
5077 4770 1515283200
5078 1045 1512000000
5078 243 1512000000
5078 788 1512000000
5078 171 1512000000
5078 619 1512000000
5078 1204 1512000000
5078 1113 1512000000
5078 1195 1530489600
5079 1356 1479340800
5079 1398 1480982400
5079 619 1485648000
5079 917 1486512000
5079 39 1498003200
5079 311 1498348800
5079 323 1526169600
5080 940 1429401600
5080 1398 1483833600
5080 243 1491091200
5080 1092 1510963200
5080 1213 1527292800
5081 1161 1411948800
5081 1118 1417651200
5081 172 1486771200
5081 243 1488585600
5081 1144 1531440000
5082 1273 1441756800
5082 1248 1445126400
5082 1207 1447891200
5082 1014 1460764800
5082 297 1468195200
5082 1752 1469232000
5082 1063 1493164800
5083 3 1521763200
5083 5042 1521763200
5083 5043 1521763200
5083 3 1522195200
5083 1448 1532044800
5084 3 1499212800
5084 3 1499212800
5084 5042 1499212800
5084 4600 1499212800
5084 4318 1499212800
5084 4879 1499212800
5084 57 1499212800
5084 502 1499904000
5084 1449 1499904000
5085 3 1485993600
5085 3 1485993600
5085 832 1485993600
5085 833 1485993600
5085 15 1485993600
5086 5044 1468886400
5086 4 1484092800
5086 3 1484438400
5086 4879 1484438400
5086 3498 1486684800
5087 2227 1444262400
5087 3 1470096000
5087 3 1470096000
5087 4600 1470096000
5087 4120 1470096000
5087 5042 1470096000
5087 4879 1470096000
5088 1046 1423094400
5088 1458 1423094400
5088 1022 1479254400
5088 169 1483228800
5088 86 1489190400
5088 80 1490745600
5089 5046 1462492800
5089 244 1464912000
5089 5045 1464912000
5089 5047 1473033600
5089 2628 1501200000
5089 4415 1501200000
5090 1129 1403049600
5090 355 1419120000
5090 244 1441152000
5090 1131 1441152000
5090 1049 1471651200
5091 65 1418428800
5091 931 1425945600
5091 244 1429488000
5091 1053 1441584000
5091 1180 1444867200
5091 81 1460505600
5092 356 1430784000
5092 315 1443571200
5092 295 1445040000
5092 1170 1453593600
5092 265 1459900800
5092 1113 1486512000
5093 795 1488931200
5093 942 1505692800
5093 2059 1505692800
5093 3960 1505692800
5093 2272 1505692800
5094 80 1492732800
5094 84 1511222400
5094 1212 1521331200
5094 239 1525824000
5094 1116 1528156800
5094 1404 1535846400
5095 3922 1464134400
5095 2199 1466899200
5095 1712 1479859200
5095 1314 1485216000
5095 4453 1495152000
5096 2147 1478995200
5096 3988 1478995200
5096 4855 1478995200
5096 3514 1478995200
5096 652 1478995200
5097 4279 1483574400
5097 1309 1483574400
5097 4301 1483574400
5097 1357 1483574400
5097 5048 1483574400
5098 1161 1411257600
5098 1017 1462406400
5098 1156 1464739200
5098 1299 1480377600
5098 1003 1482796800
5098 262 1490486400
5098 335 1500249600
5098 311 1500681600
5098 83 1503446400
5098 1144 1531526400
5099 1266 1434240000
5099 361 1438819200
5099 1156 1462147200
5099 341 1483574400
5099 963 1519430400
5100 1882 1419379200
5100 5051 1419379200
5100 5050 1496707200
5100 867 1514505600
5100 617 1515542400
5100 5049 1516665600
5101 617 1426204800
5101 1060 1426204800
5101 2337 1462320000
5101 31 1498435200
5101 3414 1498435200
5102 4151 1489881600
5102 5052 1489881600
5102 4152 1499212800
5102 5053 1499212800
5102 1361 1506297600
5103 5054 1504396800
5103 3352 1504396800
5103 5055 1504396800
5103 4886 1504396800
5103 693 1504396800
5104 920 1405036800
5104 4962 1405036800
5104 1985 1405036800
5104 5056 1405036800
5104 1161 1405036800
5105 920 1405036800
5105 4962 1405036800
5105 1007 1405036800
5105 2399 1405036800
5105 715 1405036800
5105 922 1405036800
5105 263 1405036800
5105 2788 1405036800
5106 920 1404950400
5106 715 1404950400
5106 5056 1404950400
5106 263 1404950400
5106 2788 1404950400
5107 4396 1407283200
5107 2173 1407283200
5107 920 1407542400
5107 2416 1407542400
5107 2788 1407542400
5108 920 1406160000
5108 4962 1406160000
5108 4973 1406160000
5108 715 1406160000
5108 263 1406160000
5109 920 1405555200
5109 4962 1405555200
5109 5056 1405555200
5109 263 1405555200
5109 5057 1405555200
5110 920 1405296000
5110 4962 1405296000
5110 2399 1405296000
5110 263 1405296000
5110 2416 1405296000
5110 4434 1405555200
5111 1060 1489536000
5111 1397 1507593600
5111 1425 1507593600
5111 933 1507852800
5111 262 1507852800
5112 1247 1415232000
5112 966 1415491200
5112 247 1431561600
5112 1142 1483660800
5112 335 1501372800
5112 667 1524182400
5113 530 1415836800
5113 1159 1421107200
5113 200 1423180800
5113 1398 1483574400
5113 1024 1484870400
5113 320 1496620800
5113 39 1507852800
5113 311 1507852800
5114 1161 1408060800
5114 173 1416268800
5114 3451 1423958400
5114 1047 1468368000
5114 1122 1483228800
5114 1195 1501027200
5114 316 1512345600
5115 4733 1382486400
5115 4398 1383004800
5115 1861 1392249600
5115 5058 1395100800
5115 2059 1397520000
5115 3254 1397520000
5115 2959 1415836800
5115 2962 1444780800
5115 795 1448841600
5116 3960 1483920000
5116 4061 1483920000
5116 690 1489363200
5116 324 1489363200
5116 3863 1492560000
5117 5059 1426550400
5117 4693 1452470400
5117 5060 1452470400
5117 5061 1452470400
5117 5062 1452470400
5118 200 1423958400
5118 292 1428278400
5118 261 1445990400
5118 45 1445990400
5118 316 1507939200
5119 261 1444953600
5119 1355 1463443200
5119 978 1464393600
5119 1221 1470700800
5119 251 1502236800
5119 83 1503100800
5119 963 1517356800
5120 334 1515801600
5120 1179 1515801600
5120 139 1515801600
5120 1193 1515801600
5120 5063 1515801600
5121 645 1459209600
5121 3435 1489968000
5121 5064 1489968000
5121 4243 1489968000
5121 5065 1489968000
5122 652 1502323200
5122 3642 1521590400
5122 1816 1521590400
5122 1478 1521590400
5122 815 1521590400
5123 4697 1471564800
5123 1761 1471564800
5123 5040 1471564800
5123 916 1471564800
5123 5068 1471564800
5123 1261 1471824000
5123 979 1471824000
5123 1766 1471824000
5123 5070 1471824000
5123 5066 1471996800
5123 5069 1471996800
5123 1697 1472169600
5123 2843 1472169600
5123 2760 1472169600
5123 4508 1472169600
5123 2937 1472169600
5123 3267 1472169600
5123 5067 1472169600
5123 1191 1472169600
5123 1027 1485820800
5124 1172 1430697600
5124 1000 1473638400
5124 4560 1484524800
5124 1027 1492128000
5124 1191 1493769600
5125 1027 1486512000
5125 1027 1486512000
5125 2614 1486512000
5125 4317 1486512000
5125 5071 1486512000
5126 1027 1485993600
5126 2760 1502755200
5126 2828 1502755200
5126 4508 1502755200
5126 4151 1504051200
5127 737 1472601600
5127 738 1472601600
5127 2843 1472601600
5127 1027 1485993600
5127 1027 1485993600
5128 988 1396828800
5128 203 1415404800
5128 292 1428969600
5128 940 1430697600
5128 563 1459123200
5129 988 1397779200
5129 1358 1414972800
5129 336 1416960000
5129 283 1431648000
5129 270 1478131200
5130 352 1402531200
5130 1388 1447545600
5130 1055 1464134400
5130 896 1482710400
5130 1038 1492300800
5131 5072 1447200000
5131 3118 1456876800
5131 1011 1480896000
5131 245 1495497600
5131 2909 1500508800
5132 65 1420243200
5132 284 1426896000
5132 1152 1453507200
5132 563 1461283200
5132 1031 1469923200
5133 5073 1453161600
5133 2628 1483660800
5133 1451 1486684800
5133 4988 1529625600
5133 5075 1529625600
5133 5074 1531785600
5134 758 1518998400
5134 1717 1518998400
5134 4472 1518998400
5134 134 1518998400
5134 5028 1518998400
5135 1051 1403654400
5135 1172 1430611200
5135 283 1431388800
5135 317 1445472000
5135 1136 1446249600
5135 958 1449964800
5135 368 1468454400
5135 2513 1500249600
5136 2783 1459641600
5136 2255 1502582400
5136 4324 1502582400
5136 2031 1502582400
5136 4923 1506297600
5137 4923 1492992000
5137 5076 1504396800
5137 3022 1504396800
5137 3676 1506470400
5137 5077 1512691200
5138 2930 1523491200
5138 2919 1523491200
5138 5078 1523491200
5138 5079 1523491200
5138 3682 1523491200
5139 652 1428624000
5139 157 1428624000
5139 2060 1469577600
5139 4104 1487289600
5139 371 1523923200
5140 966 1415318400
5140 1358 1415318400
5140 1205 1417737600
5140 931 1423526400
5140 290 1431561600
5141 355 1416873600
5141 1172 1431043200
5141 1222 1438128000
5141 1289 1445644800
5141 1301 1459814400
5142 875 1439596800
5142 1116 1505865600
5142 683 1505865600
5142 4324 1505865600
5142 9 1505865600
5143 4962 1404777600
5143 2399 1404777600
5143 263 1404777600
5143 1986 1404777600
5143 5080 1405555200
5144 4962 1405036800
5144 1007 1405036800
5144 922 1405036800
5144 1161 1405036800
5144 5057 1406246400
5144 4434 1406246400
5145 2399 1405036800
5145 263 1405036800
5145 4396 1405036800
5145 1161 1405036800
5145 1331 1468022400
5146 715 1417651200
5146 85 1447977600
5146 905 1472601600
5146 909 1524182400
5146 251 1524355200
5147 2025 1459468800
5147 4632 1469145600
5147 267 1472688000
5147 1697 1473897600
5147 1559 1478563200
5148 1008 1493078400
5148 1009 1493078400
5148 4159 1493078400
5148 577 1493078400
5148 3066 1493078400
5148 4478 1493078400
5148 3420 1493078400
5148 4275 1493078400
5149 4501 1463356800
5149 3551 1512604800
5149 5081 1518134400
5149 5082 1518220800
5149 3348 1524787200
5150 120 1458345600
5150 121 1458345600
5150 2614 1508025600
5150 3203 1508025600
5150 4317 1515801600
5151 4653 1507075200
5151 1447 1507075200
5151 940 1507075200
5151 1716 1507075200
5151 4236 1507075200
5152 1955 1501718400
5152 5083 1501718400
5152 5084 1501718400
5152 508 1503532800
5152 45 1503532800
5152 270 1503532800
5153 5085 1469664000
5153 795 1474416000
5153 1460 1500681600
5153 3280 1509840000
5153 4227 1511049600
5153 4655 1528416000
5154 325 1475107200
5154 311 1499212800
5154 311 1499212800
5154 1300 1502064000
5154 83 1502841600
5154 937 1523836800
5155 247 1429833600
5155 85 1448582400
5155 1209 1452902400
5155 148 1458864000
5155 1058 1494201600
5155 175 1526083200
5156 223 1462233600
5156 134 1489622400
5156 324 1490745600
5156 5086 1490745600
5156 1036 1506470400
5157 5019 1483228800
5157 3527 1491350400
5157 4572 1491350400
5157 5088 1491350400
5157 5087 1519084800
5158 1287 1456876800
5158 1052 1458086400
5158 1147 1458950400
5158 81 1460332800
5158 1104 1472256000
5158 985 1510099200
5159 962 1422921600
5159 1421 1454889600
5159 1147 1459987200
5159 81 1460851200
5159 1110 1475539200
5160 1692 1513036800
5160 5089 1530489600
5160 2569 1532217600
5160 540 1533081600
5160 267 1535673600
5161 4922 1400803200
5161 5090 1405382400
5161 5092 1436745600
5161 2821 1500595200
5161 5091 1503273600
5162 4446 1363996800
5162 45 1468108800
5162 3630 1501718400
5162 5093 1502150400
5162 4660 1520121600
5163 45 1444003200
5163 5096 1444953600
5163 5095 1445904000
5163 5094 1447718400
5163 4732 1463616000
5164 5097 1479859200
5164 5098 1479859200
5164 5099 1479859200
5164 5101 1479859200
5164 5102 1479859200
5164 5100 1486598400
5164 1221 1502668800
5164 4386 1535673600
5165 5103 1453420800
5165 5104 1453420800
5165 5104 1453420800
5165 5105 1453420800
5165 5106 1453420800
5165 5107 1453420800
5165 5108 1453420800
5165 1978 1457136000
5165 5103 1458259200
5166 1761 1471824000
5166 1762 1471824000
5166 5066 1471996800
5166 5052 1502755200
5166 1208 1502755200
5166 2828 1502755200
5167 1685 1509494400
5167 1394 1509494400
5167 3175 1524787200
5167 3991 1524787200
5167 3521 1524787200
5167 5109 1524787200
5168 2776 1515628800
5168 5110 1517356800
5168 3813 1517356800
5168 2477 1517356800
5168 5111 1517356800
5169 1862 1497916800
5169 2919 1532217600
5169 2920 1532217600
5169 2922 1532217600
5169 1833 1532217600
5169 2930 1532217600
5169 5078 1532217600
5169 3681 1532217600
5169 3920 1532217600
5169 2923 1532217600
5170 2919 1477612800
5170 2920 1477612800
5170 5079 1477612800
5170 2920 1489968000
5170 2920 1489968000
5171 5113 1431388800
5171 1483 1437955200
5171 1483 1437955200
5171 1483 1437955200
5171 5112 1438646400
5172 1483 1494288000
5172 4251 1501891200
5172 536 1521676800
5172 178 1521676800
5172 537 1521676800
5172 1620 1521676800
5172 185 1521676800
5172 539 1521676800
5172 5114 1521676800
5173 3813 1526342400
5173 2477 1526342400
5173 5110 1526342400
5173 2776 1526342400
5173 3959 1526342400
5174 3832 1478995200
5174 1103 1478995200
5174 5115 1478995200
5174 1068 1527897600
5174 862 1527897600
5175 295 1444867200
5175 362 1445990400
5175 1310 1468627200
5175 1023 1473811200
5175 1169 1479254400
5175 979 1479340800
5176 33 1513123200
5176 1796 1513123200
5176 5117 1513123200
5176 1195 1517529600
5176 917 1517529600
5176 5116 1517529600
5177 1049 1467072000
5177 1139 1487721600
5177 1164 1488067200
5177 1195 1491523200
5177 1182 1524614400
5178 2567 1517702400
5178 639 1517702400
5178 878 1517702400
5178 2198 1517702400
5178 3997 1519344000
5179 1697 1498435200
5179 267 1498435200
5179 2991 1501459200
5179 1679 1531872000
5179 3929 1531872000
5180 4151 1503273600
5180 2760 1503273600
5180 2828 1503273600
5180 4508 1503273600
5180 5118 1503273600
5181 4473 1501804800
5181 325 1501804800
5181 5119 1501804800
5181 627 1502928000
5181 5052 1502928000
5182 1523 1458432000
5182 3814 1458432000
5182 5120 1459555200
5182 5121 1460332800
5182 4604 1462233600
5183 5125 1496534400
5183 5126 1496534400
5183 5122 1499817600
5183 5123 1501632000
5183 5124 1501632000
5184 2843 1473033600
5184 5127 1473033600
5184 5067 1473033600
5184 1064 1473033600
5184 1036 1486598400
5184 1191 1486598400
5184 4699 1486598400
5185 1408 1449273600
5185 1585 1505779200
5185 2422 1505779200
5185 1670 1505779200
5185 1583 1505779200
5186 405 1449532800
5186 2128 1495843200
5186 2563 1495843200
5186 3680 1495843200
5186 4159 1500940800
5187 934 1516924800
5187 935 1516924800
5187 3823 1516924800
5187 5128 1516924800
5187 1250 1516924800
5188 934 1488499200
5188 3823 1488499200
5188 935 1488499200
5188 1250 1488499200
5188 1293 1531094400
5189 3814 1455753600
5189 936 1462320000
5189 5120 1462320000
5189 1296 1462320000
5189 5129 1462320000
5190 3528 1498176000
5190 1761 1498176000
5190 1762 1498176000
5190 5040 1498176000
5190 4467 1498176000
5191 1144 1474934400
5191 5130 1474934400
5191 5131 1474934400
5191 5132 1474934400
5191 5133 1474934400
5192 1565 1384819200
5192 4485 1491868800
5192 5134 1511740800
5192 4486 1511740800
5192 5135 1511740800
5192 724 1522022400
5193 5127 1472601600
5193 5067 1472601600
5193 5069 1472601600
5193 5136 1472601600
5193 2937 1472601600
5194 4481 1525824000
5194 5137 1525824000
5194 1057 1526342400
5194 2547 1526342400
5194 4117 1526342400
5195 1485 1525392000
5195 178 1525392000
5195 537 1525392000
5195 1601 1525392000
5195 182 1525392000
5195 539 1525392000
5196 5139 1510790400
5196 5140 1510790400
5196 4464 1510790400
5196 5141 1510790400
5196 5138 1520208000
5197 5142 1470528000
5197 5143 1470528000
5197 5144 1470528000
5197 5145 1470528000
5197 5146 1470528000
5198 426 1510531200
5198 428 1510531200
5198 429 1510531200
5198 430 1510531200
5198 431 1510531200
5198 432 1510531200
5198 433 1510531200
5198 434 1510531200
5199 426 1510272000
5199 428 1510272000
5199 429 1510272000
5199 430 1510272000
5199 431 1510272000
5199 432 1510272000
5199 433 1510272000
5199 434 1510272000
5200 426 1510185600
5200 428 1510185600
5200 429 1510185600
5200 430 1510185600
5200 431 1510185600
5200 432 1510185600
5200 433 1510185600
5200 434 1510185600
5201 426 1507507200
5201 428 1507507200
5201 429 1507507200
5201 430 1507507200
5201 431 1507507200
5201 432 1507507200
5201 433 1507507200
5201 434 1507507200
5202 426 1507420800
5202 428 1507420800
5202 429 1507420800
5202 430 1507420800
5202 431 1507420800
5202 432 1507420800
5203 426 1505779200
5203 428 1505779200
5203 429 1505779200
5203 430 1505779200
5203 431 1505779200
5203 432 1505779200
5203 433 1505779200
5203 434 1505779200
5204 426 1505606400
5204 428 1505606400
5204 429 1505606400
5204 430 1505606400
5204 431 1505606400
5204 432 1505606400
5204 433 1505606400
5204 434 1505606400
5205 426 1505433600
5205 428 1505433600
5205 429 1505433600
5205 430 1505433600
5205 431 1505433600
5205 432 1505433600
5205 433 1505433600
5205 434 1505433600
5206 4721 1522281600
5206 2215 1522281600
5206 5149 1522281600
5206 5150 1522281600
5206 5147 1522713600
5206 5148 1523664000
5207 2536 1512604800
5207 970 1513209600
5207 2398 1513641600
5207 5151 1519257600
5207 1976 1519257600
5208 2974 1477958400
5208 1486 1523923200
5208 1638 1523923200
5208 474 1523923200
5208 160 1527379200
5208 2241 1527379200
5209 3418 1517011200
5209 5152 1517011200
5209 2250 1520294400
5209 3419 1520294400
5209 3534 1524441600
5210 1609 1407024000
5210 1610 1407024000
5210 2822 1407024000
5210 2823 1407024000
5210 2825 1407024000
5211 1909 1492473600
5211 2355 1492992000
5211 674 1504396800
5211 2313 1523750400
5211 1628 1523750400
5212 5156 1509667200
5212 5153 1510617600
5212 5154 1510617600
5212 5155 1510617600
5212 5157 1510617600
5213 2808 1444953600
5213 5158 1444953600
5213 5158 1446422400
5213 2896 1450051200
5213 5159 1450051200
5214 3636 1491436800
5214 1187 1491436800
5214 3520 1495756800
5214 4441 1528243200
5214 5160 1528243200
5214 4472 1528243200
5215 26 1525737600
5215 2778 1525737600
5215 2741 1525824000
5215 4306 1526169600
5215 5161 1532649600
5216 1524 1524096000
5216 4773 1524096000
5216 3747 1524096000
5216 4874 1524096000
5216 4503 1524096000
5216 1202 1524096000
5216 4431 1524096000
5216 3723 1524096000
5216 5162 1524096000
5217 5163 1454198400
5217 966 1454198400
5217 5164 1507248000
5217 4226 1509667200
5217 860 1509667200
5218 5093 1506988800
5218 5165 1506988800
5218 3534 1506988800
5218 5166 1506988800
5218 282 1528848000
5219 56 1528675200
5219 2360 1528675200
5219 3194 1528675200
5219 783 1528675200
5219 3551 1528675200
5220 5170 1456358400
5220 5167 1462147200
5220 5168 1462147200
5220 4706 1462147200
5220 621 1462147200
5220 5169 1462147200
5221 5171 1462492800
5221 5172 1462492800
5221 5173 1462492800
5221 5174 1462492800
5221 5175 1462492800
5221 5176 1462492800
5221 5177 1462492800
5222 3084 1525737600
5222 1045 1525737600
5222 917 1525737600
5222 171 1525737600
5222 1204 1525737600
5223 1952 1529107200
5223 1953 1529107200
5223 3013 1529280000
5223 1571 1529280000
5223 4959 1529280000
5223 4951 1530057600
5224 4214 1503964800
5224 5179 1503964800
5224 5180 1503964800
5224 5181 1503964800
5224 5178 1504569600
5224 5182 1504569600
5225 5188 1509580800
5225 5189 1509580800
5225 3352 1509753600
5225 4886 1509753600
5225 4942 1510531200
5225 3354 1510531200
5225 5185 1510617600
5225 5183 1529193600
5225 2388 1529193600
5225 5184 1529193600
5225 5186 1529193600
5225 5187 1529193600
5226 5190 1442188800
5226 5191 1442188800
5226 4520 1442188800
5226 5193 1442188800
5226 3661 1443571200
5226 5192 1443571200
5227 4471 1532476800
5227 2023 1532476800
5227 1715 1532476800
5227 3758 1532476800
5227 2255 1532476800
5228 5070 1530921600
5228 3267 1531094400
5228 3268 1531094400
5228 5066 1531872000
5228 1761 1531872000
5228 1762 1531872000
5228 1261 1531872000
5228 2937 1531872000
5228 5040 1531872000
5228 5067 1531872000
5228 1064 1531872000
5229 5194 1480291200
5229 5195 1480291200
5229 1030 1480291200
5229 3042 1480291200
5229 5196 1480291200
5230 1761 1530921600
5230 5136 1530921600
5230 5127 1530921600
5230 1762 1530921600
5230 3267 1530921600
5230 5040 1530921600
5230 3268 1530921600
5230 1766 1530921600
